feature,importance_normalized,importance_scaled,n_models,models
item_FUROSEMIDE,1.0,0.1338703197549972,3,"catboost,xgboost,xgboost_rf"
item_CEPHALEXIN,0.6101894871994067,0.08168626176252233,3,"catboost,xgboost,xgboost_rf"
item_PREDNISONE,0.4679500933970156,0.06264462863243928,3,"catboost,xgboost,xgboost_rf"
item_HYDROCODONE BITARTRATE/AC,0.43326379633025963,0.05800116295299584,3,"catboost,xgboost,xgboost_rf"
item_ELIQUIS,0.3632140290981929,0.04862357821487594,3,"catboost,xgboost,xgboost_rf"
item_TRAMADOL HCL,0.3631581422455922,0.04861609662404818,3,"catboost,xgboost,xgboost_rf"
item_WARFARIN SODIUM,0.2975545282908712,0.039833719846846284,3,"catboost,xgboost,xgboost_rf"
item_PANTOPRAZOLE SODIUM,0.2938401135208902,0.03933646995388624,3,"catboost,xgboost,xgboost_rf"
item_ONDANSETRON ODT,0.24935545240816848,0.0333812941465335,3,"catboost,xgboost,xgboost_rf"
item_NITROFURANTOIN MONOHYDRAT,0.24269620248869644,0.032489818230485336,3,"catboost,xgboost,xgboost_rf"
item_GABAPENTIN,0.2397537191122841,0.03209590704001125,3,"catboost,xgboost,xgboost_rf"
item_CIPROFLOXACIN HYDROCHLORI,0.23464034521704344,0.03141137804162853,3,"catboost,xgboost,xgboost_rf"
item_SULFAMETHOXAZOLE/TRIMETHO,0.22669552879653754,0.030347802927020655,3,"catboost,xgboost,xgboost_rf"
item_ISOSORBIDE MONONITRATE ER,0.21196077965296134,0.028375257347660436,3,"catboost,xgboost,xgboost_rf"
item_OMEPRAZOLE,0.2107598442443977,0.028214487740510923,3,"catboost,xgboost,xgboost_rf"
item_CLOPIDOGREL,0.1962024479753699,0.02626568444717597,3,"catboost,xgboost,xgboost_rf"
item_CARVEDILOL,0.17839069585878767,0.02388121949593236,3,"catboost,xgboost,xgboost_rf"
item_QUETIAPINE FUMARATE,0.1733446496713544,0.023205703679322183,3,"catboost,xgboost,xgboost_rf"
item_OXYCODONE/ACETAMINOPHEN,0.17216102054819096,0.023047250870132967,3,"catboost,xgboost,xgboost_rf"
item_AMIODARONE HYDROCHLORIDE,0.17003388401905714,0.022762490422815286,3,"catboost,xgboost,xgboost_rf"
item_LEVOFLOXACIN,0.1637165272784763,0.021916783855947343,3,"catboost,xgboost,xgboost_rf"
item_AMOXICILLIN/CLAVULANATE P,0.16132609080198482,0.021596775360485418,3,"catboost,xgboost,xgboost_rf"
item_LEVOTHYROXINE SODIUM,0.1523729925516711,0.020398221234918017,3,"catboost,xgboost,xgboost_rf"
item_HYDRALAZINE HYDROCHLORIDE,0.14378918863673573,0.01924910466011142,3,"catboost,xgboost,xgboost_rf"
item_LIDOCAINE,0.14179722174664555,0.01898243941559368,3,"catboost,xgboost,xgboost_rf"
item_LORAZEPAM,0.13100664381966962,0.017537901298168197,3,"catboost,xgboost,xgboost_rf"
item_DOXYCYCLINE HYCLATE,0.127367929096952,0.017050785394740774,3,"catboost,xgboost,xgboost_rf"
item_BUMETANIDE,0.1252947839707175,0.01677325279379325,3,"catboost,xgboost,xgboost_rf"
item_DONEPEZIL HCL,0.11742898857961423,0.015720256249658872,3,"catboost,xgboost,xgboost_rf"
item_ONDANSETRON HYDROCHLORIDE,0.11628941444694699,0.015567701096134184,3,"catboost,xgboost,xgboost_rf"
item_MEMANTINE HYDROCHLORIDE E,0.11289169182001224,0.01511284688162764,3,"catboost,xgboost,xgboost_rf"
item_CEFUROXIME AXETIL,0.11253070596299301,0.015064521589521445,3,"catboost,xgboost,xgboost_rf"
item_ESCITALOPRAM OXALATE,0.11147770359111686,0.014923555825295613,3,"catboost,xgboost,xgboost_rf"
item_SERTRALINE HCL,0.10357456435877725,0.013865560049194047,3,"catboost,xgboost,xgboost_rf"
item_AZITHROMYCIN,0.10349032268684896,0.013854282589636311,3,"catboost,xgboost,xgboost_rf"
item_METOPROLOL TARTRATE,0.10332252099478689,0.013831818923464531,3,"catboost,xgboost,xgboost_rf"
item_TAMSULOSIN HYDROCHLORIDE,0.09621268847510447,0.01288002337065017,3,"catboost,xgboost,xgboost_rf"
item_POTASSIUM CHLORIDE ER,0.09178746577953897,0.012287617393407745,3,"catboost,xgboost,xgboost_rf"
item_XARELTO,0.0914656091321136,0.012244530341101638,3,"catboost,xgboost,xgboost_rf"
item_FAMOTIDINE,0.08643719352537312,0.011571374735966271,3,"catboost,xgboost,xgboost_rf"
item_ALPRAZOLAM,0.0855213263473234,0.01144876730398765,3,"catboost,xgboost,xgboost_rf"
item_ATORVASTATIN CALCIUM,0.083369185967778,0.011160659583220265,3,"catboost,xgboost,xgboost_rf"
item_MIRTAZAPINE,0.07932720666593747,0.010619558521639793,3,"catboost,xgboost,xgboost_rf"
item_CEFDINIR,0.07394435932562189,0.00989895502699941,3,"catboost,xgboost,xgboost_rf"
item_METOPROLOL SUCCINATE ER,0.07135720201483457,0.009552611450547834,3,"catboost,xgboost,xgboost_rf"
item_MIDODRINE HCL,0.07026677265140582,0.009406635322995389,3,"catboost,xgboost,xgboost_rf"
item_OXYCODONE HYDROCHLORIDE,0.06956783195373197,0.00931306790830801,3,"catboost,xgboost,xgboost_rf"
item_BREO ELLIPTA,0.06795007409781845,0.009096498146850708,3,"catboost,xgboost,xgboost_rf"
item_MEMANTINE HYDROCHLORIDE,0.06519403173788033,0.008727545874867475,3,"catboost,xgboost,xgboost_rf"
item_CARBIDOPA/LEVODOPA,0.06446373339286667,0.00862978060190395,3,"catboost,xgboost,xgboost_rf"
item_MUPIROCIN,0.062118355308779495,0.008315804087840838,3,"catboost,xgboost,xgboost_rf"
item_METHYLPREDNISOLONE DOSE P,0.06126343704606642,0.008201355906647051,3,"catboost,xgboost,xgboost_rf"
item_TORSEMIDE,0.061236286753318846,0.008197721288275492,3,"catboost,xgboost,xgboost_rf"
item_CYCLOBENZAPRINE HYDROCHLO,0.060515632307966916,0.00810124704724337,3,"catboost,xgboost,xgboost_rf"
item_PROAIR HFA,0.0595012117991487,0.007965446249361848,3,"catboost,xgboost,xgboost_rf"
item_METOLAZONE,0.05838339367115079,0.007815803579138835,3,"catboost,xgboost,xgboost_rf"
item_TRAZODONE HYDROCHLORIDE,0.058077829361892305,0.0077748975873526876,3,"catboost,xgboost,xgboost_rf"
item_MEGESTROL ACETATE,0.057193577221684076,0.007656522470598971,3,"catboost,xgboost,xgboost_rf"
item_LOSARTAN POTASSIUM,0.05668889432323651,0.007588960409608917,3,"catboost,xgboost,xgboost_rf"
item_CLONIDINE HYDROCHLORIDE,0.054740342130506416,0.007328107104508838,3,"catboost,xgboost,xgboost_rf"
item_DULOXETINE HYDROCHLORIDE,0.05355059310183742,0.007168835021612722,3,"catboost,xgboost,xgboost_rf"
item_LISINOPRIL,0.0527964945329629,0.007067883605070705,3,"catboost,xgboost,xgboost_rf"
item_CEFADROXIL,0.05149418288014855,0.006893542727687788,5,"catboost,catboost_rare,xgboost,xgboost_rare,xgboost_rf"
item_NYSTATIN,0.05113377298194351,0.006845294539372214,3,"catboost,xgboost,xgboost_rf"
item_DICYCLOMINE HYDROCHLORIDE,0.051109246840545276,0.006842011216980876,3,"catboost,xgboost,xgboost_rf"
item_FLUCONAZOLE,0.05011627530147827,0.006709081799538364,3,"catboost,xgboost,xgboost_rf"
item_METRONIDAZOLE,0.049945823901407255,0.00668626341610817,3,"catboost,xgboost,xgboost_rf"
item_CEFPODOXIME PROXETIL,0.049553545366524857,0.006633748963210442,5,"catboost,catboost_rare,xgboost,xgboost_rare,xgboost_rf"
item_BUSPIRONE HYDROCHLORIDE,0.049244349947661935,0.006592356873620482,3,"catboost,xgboost,xgboost_rf"
item_CALCITRIOL,0.04905900309231445,0.006567544430829532,3,"catboost,xgboost,xgboost_rf"
item_ACETAMINOPHEN/CODEINE,0.04896733627818957,0.006555272965111712,3,"catboost,xgboost,xgboost_rf"
item_CLINDAMYCIN HCL,0.047963833706264294,0.006420933754933113,3,"catboost,xgboost,xgboost_rf"
item_PRAMIPEXOLE DIHYDROCHLORI,0.047752951619699655,0.006392702902574104,3,"catboost,xgboost,xgboost_rf"
item_AMLODIPINE BESYLATE,0.04692646159948779,0.006282060419294027,3,"catboost,xgboost,xgboost_rf"
item_DOXYCYCLINE MONOHYDRATE,0.04672002671455846,0.006254424915239952,3,"catboost,xgboost,xgboost_rf"
item_SUCRALFATE,0.04653259105452456,0.0062293328434977245,3,"catboost,xgboost,xgboost_rf"
item_LEVETIRACETAM,0.04642695972968539,0.006215191944265361,3,"catboost,xgboost,xgboost_rf"
item_DONEPEZIL HYDROCHLORIDE,0.04612115193479098,0.006174253356979276,3,"catboost,xgboost,xgboost_rf"
item_MECLIZINE HCL,0.046086662604695273,0.006169636259331228,3,"catboost,xgboost,xgboost_rf"
item_CLONAZEPAM,0.04589036061883288,0.006143357249715289,3,"catboost,xgboost,xgboost_rf"
item_RISPERIDONE,0.04587976535129142,0.006141938857861624,3,"catboost,xgboost,xgboost_rf"
item_MONTELUKAST SODIUM,0.045337624812657566,0.006069362330602563,3,"catboost,xgboost,xgboost_rf"
item_DEXAMETHASONE,0.0444072589242844,0.005944813951636905,3,"catboost,xgboost,xgboost_rf"
item_LIDOCAINE HYDROCHLORIDE,0.04364476932929994,0.0058427392257464775,5,"catboost,catboost_rare,xgboost,xgboost_rare,xgboost_rf"
item_NITROGLYCERIN,0.04341010035564161,0.00581132401520626,3,"catboost,xgboost,xgboost_rf"
item_ISOSORBIDE DINITRATE,0.043023208938903164,0.00575953073753702,3,"catboost,xgboost,xgboost_rf"
item_SPIRIVA HANDIHALER,0.04230087826537902,0.0056628320993035,3,"catboost,xgboost,xgboost_rf"
item_AMOXICILLIN,0.042149437351702075,0.005642558655765579,3,"catboost,xgboost,xgboost_rf"
item_ALLOPURINOL,0.0420571077770155,0.005630198466079444,3,"catboost,xgboost,xgboost_rf"
item_CITALOPRAM HYDROBROMIDE,0.042027774852611596,0.005626271658110144,3,"catboost,xgboost,xgboost_rf"
item_RYTARY,0.041027043846598034,0.005492303478346369,5,"catboost,catboost_rare,xgboost,xgboost_rare,xgboost_rf"
item_LANTUS SOLOSTAR,0.0400971419953695,0.005367817220181641,3,"catboost,xgboost,xgboost_rf"
item_SERTRALINE HYDROCHLORIDE,0.040073069151875425,0.005364594580925677,3,"catboost,xgboost,xgboost_rf"
item_DICLOFENAC SODIUM,0.03965723358775882,0.005308926540991888,3,"catboost,xgboost,xgboost_rf"
item_VENTOLIN HFA,0.03955929474530661,0.005295815436836376,3,"catboost,xgboost,xgboost_rf"
item_SPIRONOLACTONE,0.03950571686377076,0.005288642948703377,3,"catboost,xgboost,xgboost_rf"
item_KLOR-CON M20,0.03925611158087729,0.005255228209669891,3,"catboost,xgboost,xgboost_rf"
item_BENZONATATE,0.039238077354361016,0.0052528139619996235,3,"catboost,xgboost,xgboost_rf"
item_LYRICA,0.0388084595716613,0.005195300892057179,3,"catboost,xgboost,xgboost_rf"
item_MECLIZINE HYDROCHLORIDE,0.038608155947244344,0.005168486181808396,3,"catboost,xgboost,xgboost_rf"
item_ROPINIROLE HCL,0.038222679016060496,0.00511688226177264,3,"catboost,xgboost,xgboost_rf"
item_CLINDAMYCIN HYDROCHLORIDE,0.03798104226631493,0.005084534272819643,3,"catboost,xgboost,xgboost_rf"
item_SODIUM CHLORIDE,0.03782682616979771,0.005063889314667515,3,"catboost,xgboost,xgboost_rf"
item_RANITIDINE 75,0.03780276582169418,0.005060668348173479,5,"catboost,catboost_rare,xgboost,xgboost_rare,xgboost_rf"
item_IBUPROFEN,0.03780067572604065,0.005060388546400022,3,"catboost,xgboost,xgboost_rf"
item_XIFAXAN,0.03779891971225291,0.005060153468272764,5,"catboost,catboost_rare,xgboost,xgboost_rare,xgboost_rf"
item_BANOPHEN,0.037750712855120785,0.005053700000894103,5,"catboost,catboost_rare,xgboost,xgboost_rare,xgboost_rf"
item_LINZESS,0.037667538645254406,0.005042565442823921,3,"catboost,xgboost,xgboost_rf"
item_RENVELA,0.03762880456272559,0.005037380098810372,5,"catboost,catboost_rare,xgboost,xgboost_rare,xgboost_rf"
item_BUPROPION HYDROCHLORIDE E,0.037428635207881054,0.005010583363272182,3,"catboost,xgboost,xgboost_rf"
item_SYMBICORT,0.03731628057861986,0.004995542413127032,3,"catboost,xgboost,xgboost_rf"
item_EPLERENONE,0.03709022799286166,0.004965280681190138,5,"catboost,catboost_rare,xgboost,xgboost_rare,xgboost_rf"
item_HYDROXYZINE HYDROCHLORIDE,0.03689839199532296,0.004939599534859113,3,"catboost,xgboost,xgboost_rf"
item_HYDROCODONE/ACETAMINOPHEN,0.03658043462227966,0.004897034479661348,3,"catboost,xgboost,xgboost_rf"
item_HYDROCORTISONE,0.03643262695156387,0.004877247419520384,3,"catboost,xgboost,xgboost_rf"
item_ESOMEPRAZOLE MAGNESIUM,0.036194642108921975,0.004845388312539071,3,"catboost,xgboost,xgboost_rf"
item_HYDRALAZINE HCL,0.03612944817602472,0.004836660779896029,3,"catboost,xgboost,xgboost_rf"
item_DESMOPRESSIN ACETATE,0.035847176758553666,0.004798873014981483,5,"catboost,catboost_rare,xgboost,xgboost_rare,xgboost_rf"
item_LEVEMIR FLEXTOUCH,0.03548218083936578,0.004750010894570532,3,"catboost,xgboost,xgboost_rf"
item_RANITIDINE HYDROCHLORIDE,0.03533795887725052,0.004730703854386468,3,"catboost,xgboost,xgboost_rf"
item_OXAZEPAM,0.035156971336837484,0.004706474994479705,5,"catboost,catboost_rare,xgboost,xgboost_rare,xgboost_rf"
item_DILTIAZEM HYDROCHLORIDE E,0.03504379534203711,0.004691324087867189,3,"catboost,xgboost,xgboost_rf"
item_DIGOXIN,0.035030044154504766,0.004689483211995223,3,"catboost,xgboost,xgboost_rf"
item_LIDOCAINE/PRILOCAINE,0.034964498650509934,0.004680708614416933,3,"catboost,xgboost,xgboost_rf"
item_LOPERAMIDE HCL,0.034923920365050765,0.004675276386367404,3,"catboost,xgboost,xgboost_rf"
item_MYRBETRIQ,0.0348767879927729,0.004668966760619755,3,"catboost,xgboost,xgboost_rf"
item_FERROUS SULFATE,0.03478542645728982,0.004656736162651327,3,"catboost,xgboost,xgboost_rf"
item_DIAZEPAM,0.03438007842566564,0.00460247209204574,3,"catboost,xgboost,xgboost_rf"
item_POLYETHYLENE GLYCOL 3350,0.034373363710981666,0.004601573191043933,3,"catboost,xgboost,xgboost_rf"
item_FINASTERIDE,0.03387825745824797,0.004535293158677774,3,"catboost,xgboost,xgboost_rf"
item_LISINOPRIL/HYDROCHLOROTHI,0.03307149986673459,0.004427292261937107,3,"catboost,xgboost,xgboost_rf"
item_LOSARTAN POTASSIUM/HYDROC,0.033020784916527206,0.004420503035336486,3,"catboost,xgboost,xgboost_rf"
item_VALACYCLOVIR HCL,0.03252561383139925,0.004354214323836977,3,"catboost,xgboost,xgboost_rf"
item_CYANOCOBALAMIN,0.032362476496966115,0.004332375076712435,3,"catboost,xgboost,xgboost_rf"
item_FLUOXETINE HYDROCHLORIDE,0.03224766924434208,0.004317005793093463,3,"catboost,xgboost,xgboost_rf"
item_BUPROPION HYDROCHLORIDE,0.03198121978907123,0.004281336119317809,5,"catboost,catboost_rare,xgboost,xgboost_rare,xgboost_rf"
item_LACTULOSE,0.031735684035919455,0.004248466169532097,3,"catboost,xgboost,xgboost_rf"
item_JANUVIA,0.03163588358785544,0.0042351058516380755,3,"catboost,xgboost,xgboost_rf"
item_GLIMEPIRIDE,0.031395190930188596,0.004202884248593535,3,"catboost,xgboost,xgboost_rf"
item_OLANZAPINE,0.031109374052576154,0.0041646218517961825,3,"catboost,xgboost,xgboost_rf"
item_METFORMIN HYDROCHLORIDE,0.030978517734842802,0.004147104074699257,3,"catboost,xgboost,xgboost_rf"
item_IPRATROPIUM BROMIDE/ALBUT,0.030653199385647995,0.004103553603270381,3,"catboost,xgboost,xgboost_rf"
item_PROMETHAZINE HYDROCHLORID,0.030538390861159094,0.004088184149386452,3,"catboost,xgboost,xgboost_rf"
item_PROCHLORPERAZINE MALEATE,0.03050245166148479,0.004083372957234314,3,"catboost,xgboost,xgboost_rf"
item_ZYTIGA,0.030362122394804264,0.004064587033432808,5,"catboost,catboost_rare,xgboost,xgboost_rare,xgboost_rf"
item_CALCIUM ACETATE,0.030323126009486456,0.004059366574861023,3,"catboost,xgboost,xgboost_rf"
item_ALBUTEROL SULFATE,0.03024373807020174,0.004048738886044289,3,"catboost,xgboost,xgboost_rf"
item_HYDROMORPHONE HCL,0.03016142117062599,0.004037719096376843,3,"catboost,xgboost,xgboost_rf"
item_FLUDROCORTISONE ACETATE,0.03010551871842502,0.004030235417225611,3,"catboost,xgboost,xgboost_rf"
item_DIPHENOXYLATE/ATROPINE,0.03003770246430077,0.0040211568336014115,3,"catboost,xgboost,xgboost_rf"
item_METHOCARBAMOL,0.029966106879307557,0.004011572309745324,3,"catboost,xgboost,xgboost_rf"
item_SOTALOL HCL,0.0299482648095782,0.004009183786165564,3,"catboost,xgboost,xgboost_rf"
item_DYMISTA,0.029921584651119777,0.0040056121048216205,5,"catboost,catboost_rare,xgboost,xgboost_rare,xgboost_rf"
item_PRAVASTATIN SODIUM,0.02986090163953924,0.0039974884506576375,3,"catboost,xgboost,xgboost_rf"
item_DULOXETINE HCL,0.029728496245000118,0.003979763298153399,3,"catboost,xgboost,xgboost_rf"
item_FLUTICASONE PROPIONATE,0.02967921112639962,0.003973165483567188,3,"catboost,xgboost,xgboost_rf"
item_KETOCONAZOLE,0.029601541770852863,0.003962767862104978,3,"catboost,xgboost,xgboost_rf"
item_POLYMYXIN B SULFATE/TRIME,0.02951586976760559,0.003951298923636215,3,"catboost,xgboost,xgboost_rf"
item_METHENAMINE HIPPURATE,0.029430848124732775,0.003939917049118736,3,"catboost,xgboost,xgboost_rf"
item_PHENAZOPYRIDINE HCL,0.029353778756473232,0.003929599748146515,3,"catboost,xgboost,xgboost_rf"
item_DEXILANT,0.029307049039902153,0.003923344026047084,3,"catboost,xgboost,xgboost_rf"
item_NAPROXEN,0.029240112625738314,0.003914383226879719,3,"catboost,xgboost,xgboost_rf"
item_RANITIDINE HCL,0.029179590234396178,0.0039062810749984096,3,"catboost,xgboost,xgboost_rf"
item_NOVOLOG FLEXPEN,0.029052377649228328,0.00388925108554513,3,"catboost,xgboost,xgboost_rf"
item_IPRATROPIUM BROMIDE,0.028861935521055884,0.0038637565369518626,3,"catboost,xgboost,xgboost_rf"
item_CLOTRIMAZOLE,0.028821460816455553,0.0038583381753050272,3,"catboost,xgboost,xgboost_rf"
item_ERYTHROMYCIN,0.028785707781398724,0.003853551905069758,3,"catboost,xgboost,xgboost_rf"
item_NITROFURANTOIN MACROCRYST,0.028676520277161784,0.0038389349389643087,3,"catboost,xgboost,xgboost_rf"
item_LATANOPROST,0.028550180028707066,0.0038220217295057497,3,"catboost,xgboost,xgboost_rf"
item_ACETAMINOPHEN,0.028252244896375015,0.003782137058074211,3,"catboost,xgboost,xgboost_rf"
item_DILTIAZEM HCL ER,0.0282212360026574,0.0037779858875569847,3,"catboost,xgboost,xgboost_rf"
item_GAVILYTE-G,0.028219903208307903,0.00377780746595125,5,"catboost,catboost_rare,xgboost,xgboost_rare,xgboost_rf"
item_IBU,0.028130802882530014,0.0037658795768490895,3,"catboost,xgboost,xgboost_rf"
item_HUMALOG KWIKPEN,0.02781675112214968,0.003723837367267355,3,"catboost,xgboost,xgboost_rf"
item_FEROSUL,0.02781230438050574,0.0037232420805416127,3,"catboost,xgboost,xgboost_rf"
item_Unknown,0.02778308129542209,0.003719329976797237,3,"catboost,xgboost,xgboost_rf"
item_FLECAINIDE ACETATE,0.027577591735021816,0.003691821023640138,3,"catboost,xgboost,xgboost_rf"
item_TRIAMCINOLONE ACETONIDE,0.027501208642522635,0.0036815955946233976,3,"catboost,xgboost,xgboost_rf"
item_INCRUSE ELLIPTA,0.02735730882465369,0.0036623316799925957,3,"catboost,xgboost,xgboost_rf"
item_VENLAFAXINE HCL ER,0.027344765927720085,0.00366065255836944,3,"catboost,xgboost,xgboost_rf"
item_VIMPAT,0.02733093485571283,0.0036588009883372747,3,"catboost,xgboost,xgboost_rf"
item_ACYCLOVIR,0.027309841128632734,0.0036559771643482376,3,"catboost,xgboost,xgboost_rf"
item_BASAGLAR KWIKPEN,0.027175576143046255,0.0036380030677958756,3,"catboost,xgboost,xgboost_rf"
item_ENOXAPARIN SODIUM,0.027008024315359203,0.0036155728510478755,3,"catboost,xgboost,xgboost_rf"
item_DOCQLACE,0.026977969606107082,0.0036115494175101505,5,"catboost,catboost_rare,xgboost,xgboost_rare,xgboost_rf"
item_DEXTROSE 5%/NACL 0.45%,0.026909085553709532,0.0036023278873896706,5,"catboost,catboost_rare,xgboost,xgboost_rare,xgboost_rf"
item_ADVAIR DISKUS,0.026869403158237503,0.003597015592419186,3,"catboost,xgboost,xgboost_rf"
item_SPIRIVA RESPIMAT,0.02648211024288017,0.003545168566001455,3,"catboost,xgboost,xgboost_rf"
item_FLOVENT HFA,0.026414426899310315,0.0035361077751556707,3,"catboost,xgboost,xgboost_rf"
item_LETROZOLE,0.02620001826412923,0.0035074048226057465,3,"catboost,xgboost,xgboost_rf"
item_AMLODIPINE BESYLATE/BENAZ,0.026171145876087577,0.00350353966678652,3,"catboost,xgboost,xgboost_rf"
item_CLORAZEPATE DIPOTASSIUM,0.026089455679297414,0.003492603774021372,5,"catboost,catboost_rare,xgboost,xgboost_rare,xgboost_rf"
item_ALENDRONATE SODIUM,0.02607638469332994,0.0034908539569503934,3,"catboost,xgboost,xgboost_rf"
item_SHINGRIX,0.025983926724449304,0.003478476579092445,3,"catboost,xgboost,xgboost_rf"
item_BACITRACIN ZINC,0.02583378013169112,0.003458376406709784,5,"catboost,catboost_rare,xgboost,xgboost_rare,xgboost_rf"
item_BUTALBITAL/ACETAMINOPHEN/,0.02580142303772046,0.003454044752193589,3,"catboost,xgboost,xgboost_rf"
item_ADVAIR HFA,0.025798111880466438,0.003453601486513234,3,"catboost,xgboost,xgboost_rf"
item_DILTIAZEM HCL,0.025727285739125392,0.0034441199683248954,3,"catboost,xgboost,xgboost_rf"
item_SANTYL,0.025419870113445684,0.0034029661402174703,3,"catboost,xgboost,xgboost_rf"
item_IMBRUVICA,0.02532884371659159,0.0033907804073644676,3,"catboost,xgboost,xgboost_rf"
item_OXYBUTYNIN CHLORIDE ER,0.02531779201891636,0.003389300913062849,3,"catboost,xgboost,xgboost_rf"
item_RANEXA,0.025118438483417594,0.00336261339152134,3,"catboost,xgboost,xgboost_rf"
item_NAMZARIC,0.025105063706904275,0.0033608229059128502,3,"catboost,xgboost,xgboost_rf"
item_FENTANYL,0.025103370239194095,0.0033605962008489937,3,"catboost,xgboost,xgboost_rf"
item_ASPIRIN,0.025059280759678216,0.0033546939281283716,3,"catboost,xgboost,xgboost_rf"
item_LAMOTRIGINE,0.02503481982690131,0.003351419335236022,3,"catboost,xgboost,xgboost_rf"
item_ACETAMINOPHEN/CODEINE PHO,0.025033417679872695,0.003351231629364958,3,"catboost,xgboost,xgboost_rf"
item_SYNTHROID,0.025022822016655486,0.0033498131845420536,3,"catboost,xgboost,xgboost_rf"
item_LEVEMIR,0.024850067193202405,0.0033266864410871717,3,"catboost,xgboost,xgboost_rf"
item_BD PEN NEEDLE/NANO/ULTRA,0.02476513969483071,0.0033153171697241604,3,"catboost,xgboost,xgboost_rf"
item_POTASSIUM CITRATE ER,0.024759979134297908,0.0033146263238355194,5,"catboost,catboost_rare,xgboost,xgboost_rare,xgboost_rf"
item_PROCRIT,0.024691530571114423,0.0033054630927953762,5,"catboost,catboost_rare,xgboost,xgboost_rare,xgboost_rf"
item_SEVELAMER CARBONATE,0.024548396360438315,0.0032863016702442864,3,"catboost,xgboost,xgboost_rf"
item_ASPIR-LOW,0.024544738933793407,0.0032858120493698523,5,"catboost,catboost_rare,xgboost,xgboost_rare,xgboost_rf"
item_CEFTRIAXONE SODIUM,0.024489809821606274,0.0032784586715575025,3,"catboost,xgboost,xgboost_rf"
item_XOPENEX HFA,0.024483907911895777,0.003277668581017393,5,"catboost,catboost_rare,xgboost,xgboost_rare,xgboost_rf"
item_VITAMIN D3,0.0244584958400398,0.0032742666588323963,3,"catboost,xgboost,xgboost_rf"
item_GLIPIZIDE,0.024332995492887158,0.003257465887229709,3,"catboost,xgboost,xgboost_rf"
item_URSODIOL,0.02420074640321282,0.003239761659307698,3,"catboost,xgboost,xgboost_rf"
item_BD PEN NEEDLE/MINI/ULTRA-,0.02417859712562424,0.003236796528434573,3,"catboost,xgboost,xgboost_rf"
item_METOCLOPRAMIDE HYDROCHLOR,0.024127994943798352,0.003230022398173241,3,"catboost,xgboost,xgboost_rf"
item_FLUOXETINE HCL,0.024036650754855157,0.0032177941223916545,3,"catboost,xgboost,xgboost_rf"
item_REVLIMID,0.023992806797477124,0.0032119247177981327,3,"catboost,xgboost,xgboost_rf"
item_TRAMADOL HYDROCHLORIDE/AC,0.023912140145871036,0.0032011258473540606,3,"catboost,xgboost,xgboost_rf"
item_COLCHICINE,0.023788435120465422,0.0031845654160477114,3,"catboost,xgboost,xgboost_rf"
item_VITAMIN D,0.02376798333562468,0.003181827529071521,3,"catboost,xgboost,xgboost_rf"
item_PAROXETINE HYDROCHLORIDE,0.023752853951576242,0.00317980215359126,3,"catboost,xgboost,xgboost_rf"
item_NOVOFINE PEN NEEDLE 32G X,0.023663605515490915,0.003167854436914884,5,"catboost,catboost_rare,xgboost,xgboost_rare,xgboost_rf"
item_PACERONE,0.023589841475202253,0.00315797962125502,5,"catboost,catboost_rare,xgboost,xgboost_rare,xgboost_rf"
item_ZOLPIDEM TARTRATE,0.023547692934625504,0.0031523371826508045,3,"catboost,xgboost,xgboost_rf"
item_AMITRIPTYLINE HYDROCHLORI,0.02350233684043826,0.0031462653478191204,3,"catboost,xgboost,xgboost_rf"
item_AMITIZA,0.023426114875566794,0.003136061489009423,3,"catboost,xgboost,xgboost_rf"
item_DIVALPROEX SODIUM DR,0.023285780282809487,0.003117274852204315,3,"catboost,xgboost,xgboost_rf"
item_DORZOLAMIDE HCL/TIMOLOL M,0.023278039766227627,0.0031162386267744326,3,"catboost,xgboost,xgboost_rf"
item_BACLOFEN,0.023273873721650618,0.003115680917054795,3,"catboost,xgboost,xgboost_rf"
item_HYDROXYCHLOROQUINE SULFAT,0.023249009937873506,0.0031123523943702336,3,"catboost,xgboost,xgboost_rf"
item_MELOXICAM,0.023199748955473592,0.003105757810904912,3,"catboost,xgboost,xgboost_rf"
item_ANORO ELLIPTA,0.02317501653246638,0.0031024468735286206,3,"catboost,xgboost,xgboost_rf"
item_OXCARBAZEPINE,0.023166305327892028,0.0031012807017868006,3,"catboost,xgboost,xgboost_rf"
item_RESTASIS,0.023114519726502185,0.0030943481467700378,3,"catboost,xgboost,xgboost_rf"
item_HYDROXYUREA,0.0231083183500187,0.0030935179665172725,3,"catboost,xgboost,xgboost_rf"
item_TRIMETHOPRIM,0.02306209910501841,0.003087330581410249,3,"catboost,xgboost,xgboost_rf"
item_BICALUTAMIDE,0.02304729367224612,0.0030853485733909115,3,"catboost,xgboost,xgboost_rf"
item_LANTUS,0.02296750626219059,0.0030746674072943546,3,"catboost,xgboost,xgboost_rf"
item_KLOR-CON M10,0.02296154254419191,0.0030738690424589425,3,"catboost,xgboost,xgboost_rf"
item_SUPREP BOWEL PREP KIT,0.022947727137604935,0.0030720195695615993,5,"catboost,catboost_rare,xgboost,xgboost_rare,xgboost_rf"
item_ONETOUCH ULTRA,0.02293262363849775,0.003069997659306701,3,"catboost,xgboost,xgboost_rf"
item_CARBIDOPA/LEVODOPA ER,0.022883960454440938,0.0030634831032967194,3,"catboost,xgboost,xgboost_rf"
item_CREON,0.022850406306397904,0.0030589911987690915,3,"catboost,xgboost,xgboost_rf"
item_ATROVENT HFA,0.022798992738946325,0.003052108448054604,3,"catboost,xgboost,xgboost_rf"
item_VALSARTAN/HYDROCHLOROTHIA,0.022753693481024448,0.003046044221911938,3,"catboost,xgboost,xgboost_rf"
item_IBRANCE,0.022677717489901265,0.0030358732916865748,5,"catboost,catboost_rare,xgboost,xgboost_rare,xgboost_rf"
item_HUMALOG MIX 75/25 KWIKPEN,0.022670796247068987,0.0030349467426955155,3,"catboost,xgboost,xgboost_rf"
item_TRUE METRIX SELF MONITORI,0.02266153372342306,0.003033706765693297,3,"catboost,xgboost,xgboost_rf"
item_ROSUVASTATIN CALCIUM,0.022661364061272674,0.0030336840529669746,3,"catboost,xgboost,xgboost_rf"
item_ENTACAPONE,0.022659037409517656,0.003033372583352572,5,"catboost,catboost_rare,xgboost,xgboost_rare,xgboost_rf"
item_CELECOXIB,0.022616197747586282,0.0030276376241116227,3,"catboost,xgboost,xgboost_rf"
item_OXYBUTYNIN CHLORIDE,0.022589483555917427,0.003024061386730917,3,"catboost,xgboost,xgboost_rf"
item_SENSIPAR,0.02251169082560879,0.0030136472490498857,3,"catboost,xgboost,xgboost_rf"
item_TIMOLOL MALEATE,0.02249494401608793,0.0030114053483044517,3,"catboost,xgboost,xgboost_rf"
item_ZIOPTAN,0.022467826323278865,0.0030077750940970846,5,"catboost,catboost_rare,xgboost,xgboost_rare,xgboost_rf"
item_CARTIA XT,0.022466247441653292,0.0030075637287090137,3,"catboost,xgboost,xgboost_rf"
item_GLUCAGEN HYPOKIT,0.02242013827125565,0.0030013910793242437,5,"catboost,catboost_rare,xgboost,xgboost_rare,xgboost_rf"
item_POTASSIUM CHLORIDE CR,0.022414201385332334,0.0030005963065073407,3,"catboost,xgboost,xgboost_rf"
item_MOXIFLOXACIN HYDROCHLORID,0.02232724555665012,0.002988955501917092,3,"catboost,xgboost,xgboost_rf"
item_METAXALONE,0.022299510661457887,0.002985242622629336,5,"catboost,catboost_rare,xgboost,xgboost_rare,xgboost_rf"
item_COLESTIPOL HCL,0.022280475436823894,0.0029826943710209754,3,"catboost,xgboost,xgboost_rf"
item_PRIMIDONE,0.02221550905728842,0.002973997301019237,3,"catboost,xgboost,xgboost_rf"
item_DILTIAZEM HCL CD,0.022152981155297,0.0029656266707860364,5,"catboost,catboost_rare,xgboost,xgboost_rare,xgboost_rf"
item_LIPITOR,0.022123234800263028,0.002961644516726093,5,"catboost,catboost_rare,xgboost,xgboost_rare,xgboost_rf"
item_AZELASTINE HYDROCHLORIDE,0.022101049229817992,0.002958674527316669,3,"catboost,xgboost,xgboost_rf"
item_COMBIVENT RESPIMAT,0.02210086098029691,0.002958649326293088,3,"catboost,xgboost,xgboost_rf"
item_ROPINIROLE HYDROCHLORIDE,0.022091731445048026,0.0029574271524901055,3,"catboost,xgboost,xgboost_rf"
item_GLYBURIDE,0.022089971523864892,0.002957191551278576,3,"catboost,xgboost,xgboost_rf"
item_FOLIC ACID,0.02196752700425562,0.0029407998642862355,3,"catboost,xgboost,xgboost_rf"
item_AZELASTINE HCL,0.021898137240716133,0.0029315106344534807,3,"catboost,xgboost,xgboost_rf"
item_SILVER SULFADIAZINE,0.021895155298356173,0.002931111440876262,3,"catboost,xgboost,xgboost_rf"
item_VALACYCLOVIR HYDROCHLORID,0.021810823485066213,0.002919821914065616,3,"catboost,xgboost,xgboost_rf"
item_PROTONIX,0.021800981178895694,0.0029185043213914423,5,"catboost,catboost_rare,xgboost,xgboost_rare,xgboost_rf"
item_METHOTREXATE,0.0217750061425968,0.0029150270349764616,3,"catboost,xgboost,xgboost_rf"
item_PHENAZOPYRIDINE HYDROCHLO,0.021724008729824214,0.002908199995021918,3,"catboost,xgboost,xgboost_rf"
item_NIFEDIPINE ER,0.02168094309508255,0.0029024347847285996,3,"catboost,xgboost,xgboost_rf"
item_NYSTOP,0.021670201314375585,0.00290099677911062,3,"catboost,xgboost,xgboost_rf"
item_TEMAZEPAM,0.021592149247443595,0.0028905479239528962,3,"catboost,xgboost,xgboost_rf"
item_SPS,0.021552235363820345,0.0028852046395895876,5,"catboost,catboost_rare,xgboost,xgboost_rare,xgboost_rf"
item_BISACODYL EC,0.02154823597240588,0.002884669239782108,5,"catboost,catboost_rare,xgboost,xgboost_rare,xgboost_rf"
item_MULTAQ,0.021486355190547975,0.002876385239728101,3,"catboost,xgboost,xgboost_rf"
item_PREDNISOLONE ACETATE,0.021477250356875203,0.002875166372733011,3,"catboost,xgboost,xgboost_rf"
item_ULORIC,0.021412231959248827,0.0028664623390528103,3,"catboost,xgboost,xgboost_rf"
item_TOVIAZ,0.02136266743563043,0.0028598271204275114,3,"catboost,xgboost,xgboost_rf"
item_DIGOX,0.02132282025875108,0.002854492766117339,3,"catboost,xgboost,xgboost_rf"
item_MAPAP,0.021322001350603498,0.0028543831386217723,3,"catboost,xgboost,xgboost_rf"
item_MONUROL,0.021308081511588396,0.0028525196853218826,3,"catboost,xgboost,xgboost_rf"
item_CITALOPRAM,0.021270270175017716,0.0028474578696048016,3,"catboost,xgboost,xgboost_rf"
item_ATROPINE SULFATE,0.02127019120171685,0.0028474472974237626,3,"catboost,xgboost,xgboost_rf"
item_BUDESONIDE,0.02116935568543172,0.002833948414616012,3,"catboost,xgboost,xgboost_rf"
item_LUMIGAN,0.021166536006505646,0.002833570943296572,3,"catboost,xgboost,xgboost_rf"
item_BD INSULIN SYRINGE ULTRA-,0.021101220739293856,0.0028248271675900467,3,"catboost,xgboost,xgboost_rf"
item_TOBRADEX,0.021093244281579437,0.002823759356645305,3,"catboost,xgboost,xgboost_rf"
item_CILOSTAZOL,0.02106538304904799,0.0028200295645375525,3,"catboost,xgboost,xgboost_rf"
item_TELMISARTAN,0.02099903516909244,0.0028111475526328366,3,"catboost,xgboost,xgboost_rf"
item_MUCINEX,0.020965626968654755,0.0028066751861578047,3,"catboost,xgboost,xgboost_rf"
item_BENAZEPRIL HCL/HYDROCHLOR,0.02087826517159402,0.002794980034450913,3,"catboost,xgboost,xgboost_rf"
item_VENLAFAXINE HYDROCHLORIDE,0.020865964477961373,0.002793333336661102,3,"catboost,xgboost,xgboost_rf"
item_CLOTRIMAZOLE/BETAMETHASON,0.020826386964713874,0.0027880350823075517,3,"catboost,xgboost,xgboost_rf"
item_HUMALOG,0.020825802166240494,0.0027879567951489283,3,"catboost,xgboost,xgboost_rf"
item_VALPROIC ACID,0.020814604092355395,0.0027864577054172897,3,"catboost,xgboost,xgboost_rf"
item_KETOROLAC TROMETHAMINE,0.02080771878070826,0.002785535966545475,3,"catboost,xgboost,xgboost_rf"
item_DOXAZOSIN MESYLATE,0.020780161573208583,0.0027818468743659383,3,"catboost,xgboost,xgboost_rf"
item_RABEPRAZOLE SODIUM,0.020775296284717956,0.002781195556639998,3,"catboost,xgboost,xgboost_rf"
item_SENNA,0.020754631294907188,0.0027784291278462967,3,"catboost,xgboost,xgboost_rf"
item_PHENYTOIN SODIUM EXTENDED,0.020699482373052924,0.002771046324043523,3,"catboost,xgboost,xgboost_rf"
item_MAGNESIUM OXIDE,0.020667376892740733,0.0027667483531282422,3,"catboost,xgboost,xgboost_rf"
item_LOVASTATIN,0.02064717077447579,0.0027640433536151067,3,"catboost,xgboost,xgboost_rf"
item_VOLTAREN,0.020609790859278405,0.0027590392924152184,3,"catboost,xgboost,xgboost_rf"
item_COMBIGAN,0.02060458156898569,0.002758341923058036,3,"catboost,xgboost,xgboost_rf"
item_CARAFATE,0.020544756011433955,0.0027503330565390644,3,"catboost,xgboost,xgboost_rf"
item_MIRTAZAPINE ODT,0.020534533192588134,0.0027489645245113766,3,"catboost,xgboost,xgboost_rf"
item_DORZOLAMIDE HCL,0.02053080633405059,0.0027484656087672743,3,"catboost,xgboost,xgboost_rf"
item_LEVOXYL,0.020516428025441805,0.0027465407799962802,5,"catboost,catboost_rare,xgboost,xgboost_rare,xgboost_rf"
item_ENTRESTO,0.020502365027865663,0.002744658162014048,3,"catboost,xgboost,xgboost_rf"
item_METOCLOPRAMIDE HCL,0.020457391088387886,0.002738637486355516,3,"catboost,xgboost,xgboost_rf"
item_PREVALITE,0.020449861906352628,0.0027376295523489627,5,"catboost,catboost_rare,xgboost,xgboost_rare,xgboost_rf"
item_MOMETASONE FUROATE,0.020441876195783366,0.0027365605027215847,3,"catboost,xgboost,xgboost_rf"
item_BISOPROLOL FUMARATE/HYDRO,0.02042577419441359,0.0027344049226495173,3,"catboost,xgboost,xgboost_rf"
item_DICLOFENAC SODIUM DR,0.02042262175987201,0.0027339829052294294,3,"catboost,xgboost,xgboost_rf"
item_TELMISARTAN/HYDROCHLOROTH,0.020418816913656223,0.0027334735492499035,3,"catboost,xgboost,xgboost_rf"
item_THERA-M,0.020398027684953853,0.0027306904885560576,3,"catboost,xgboost,xgboost_rf"
item_COLCRYS,0.020351312442349407,0.002724436704091168,3,"catboost,xgboost,xgboost_rf"
item_GALANTAMINE HYDROBROMIDE,0.020313746640993623,0.0027194077582518164,3,"catboost,xgboost,xgboost_rf"
item_LANSOPRAZOLE,0.02025602340553372,0.002711680330263506,3,"catboost,xgboost,xgboost_rf"
item_BENAZEPRIL HYDROCHLORIDE,0.020246947312357714,0.002710465310767908,3,"catboost,xgboost,xgboost_rf"
item_ARNUITY ELLIPTA,0.02020670916354195,0.0027050786169195928,5,"catboost,catboost_rare,xgboost,xgboost_rare,xgboost_rf"
item_COUMADIN,0.020197100468183397,0.002703792297799515,3,"catboost,xgboost,xgboost_rf"
item_ARIPIPRAZOLE,0.02014115555537722,0.0026963029344334866,3,"catboost,xgboost,xgboost_rf"
item_TRESIBA FLEXTOUCH,0.020082544068238752,0.002688456595908944,3,"catboost,xgboost,xgboost_rf"
item_VALSARTAN,0.020078795496721612,0.00268795477344132,3,"catboost,xgboost,xgboost_rf"
item_LORATADINE,0.020068960060668935,0.002686638100472018,3,"catboost,xgboost,xgboost_rf"
item_HYDROXYZINE PAMOATE,0.02005899121606087,0.0026853035680567483,3,"catboost,xgboost,xgboost_rf"
item_SIMBRINZA,0.02001667421747122,0.0026796385779244802,3,"catboost,xgboost,xgboost_rf"
item_METFORMIN HYDROCHLORIDE E,0.019995069415517173,0.002676746336178649,3,"catboost,xgboost,xgboost_rf"
item_SODIUM CHLORIDE 0.45%,0.019956796044215706,0.00267162266772442,5,"catboost,catboost_rare,xgboost,xgboost_rare,xgboost_rf"
item_TRADJENTA,0.01995262304379023,0.0026710640268231235,3,"catboost,xgboost,xgboost_rf"
item_DRONABINOL,0.01995152810989849,0.0026709174476729253,3,"catboost,xgboost,xgboost_rf"
item_DESLORATADINE,0.019943195918022644,0.0026698020144822463,3,"catboost,xgboost,xgboost_rf"
item_ASPIRIN LOW DOSE,0.019908155641584307,0.0026651111614711424,3,"catboost,xgboost,xgboost_rf"
item_THEOPHYLLINE ER,0.019870060265626623,0.0026600113213105007,5,"catboost,catboost_rare,xgboost,xgboost_rare,xgboost_rf"
item_CARBAMAZEPINE,0.019867781802917348,0.00265970630277906,3,"catboost,xgboost,xgboost_rf"
item_MELATONIN,0.019853524813371916,0.0026577977150298695,3,"catboost,xgboost,xgboost_rf"
item_BYSTOLIC,0.019845840201159596,0.002656768973535813,3,"catboost,xgboost,xgboost_rf"
item_HALOPERIDOL,0.019806471912599,0.0026514987281579987,3,"catboost,xgboost,xgboost_rf"
item_TRAVATAN Z,0.01978639492767,0.002648811015765837,3,"catboost,xgboost,xgboost_rf"
item_BD PEN NEEDLE/SHORT/ULTRA,0.019784870495774362,0.0026486069395805236,3,"catboost,xgboost,xgboost_rf"
item_FENOFIBRATE,0.019757607706672044,0.002644957261285983,3,"catboost,xgboost,xgboost_rf"
item_MORPHINE SULFATE ER,0.019756215327813943,0.0026447708630830294,3,"catboost,xgboost,xgboost_rf"
item_ACCU-CHEK FASTCLIX LANCET,0.019754585744302885,0.0026445527102173364,3,"catboost,xgboost,xgboost_rf"
item_TIZANIDINE HCL,0.01973623998823979,0.002642096757987023,3,"catboost,xgboost,xgboost_rf"
item_CHLORTHALIDONE,0.01972488940795342,0.0026405772521746816,3,"catboost,xgboost,xgboost_rf"
item_METHIMAZOLE,0.01965335097749659,0.0026310003796146553,3,"catboost,xgboost,xgboost_rf"
item_ASPIRIN/DIPYRIDAMOLE,0.01963023913348807,0.002627906389667107,3,"catboost,xgboost,xgboost_rf"
item_DIVALPROEX SODIUM ER,0.019618371877411653,0.0026263177163015424,3,"catboost,xgboost,xgboost_rf"
item_OLOPATADINE HYDROCHLORIDE,0.019610579678274,0.0026252745721113903,3,"catboost,xgboost,xgboost_rf"
item_IRBESARTAN,0.01958746994258541,0.002622180864405305,3,"catboost,xgboost,xgboost_rf"
item_CLONIDINE HCL,0.019583602391448615,0.002621663114097954,3,"catboost,xgboost,xgboost_rf"
item_ENALAPRIL MALEATE,0.01958288061137501,0.0026215664891687074,3,"catboost,xgboost,xgboost_rf"
item_EZETIMIBE,0.01957778922713302,0.0026208849039322368,3,"catboost,xgboost,xgboost_rf"
item_MUCINEX DM,0.01945512251316246,0.002604463471709703,5,"catboost,catboost_rare,xgboost,xgboost_rare,xgboost_rf"
item_LIDOCAINE VISCOUS,0.019452816709906548,0.002604154793090542,3,"catboost,xgboost,xgboost_rf"
item_POTASSIUM CHLORIDE,0.019419597876790335,0.002599707777279387,3,"catboost,xgboost,xgboost_rf"
item_CALCITONIN-SALMON,0.019404534671034025,0.002597691261108254,3,"catboost,xgboost,xgboost_rf"
item_PROAIR RESPICLICK,0.019397780380166464,0.0025967870620300956,3,"catboost,xgboost,xgboost_rf"
item_TOLTERODINE TARTRATE ER,0.01936641041559541,0.0025925875548422654,3,"catboost,xgboost,xgboost_rf"
item_VITAMIN C,0.01935185300333329,0.0025906387494079304,3,"catboost,xgboost,xgboost_rf"
item_AUGMENTED BETAMETHASONE D,0.01935113309357505,0.0025905423748584,3,"catboost,xgboost,xgboost_rf"
item_CHLORHEXIDINE GLUCONATE,0.019336945986555158,0.0025886431423052486,3,"catboost,xgboost,xgboost_rf"
item_VESICARE,0.019311687918562876,0.0025852618366667282,3,"catboost,xgboost,xgboost_rf"
item_NEXIUM,0.019310867146598566,0.00258515195966142,3,"catboost,xgboost,xgboost_rf"
item_TERAZOSIN HCL,0.019299375900212197,0.0025836136228332934,3,"catboost,xgboost,xgboost_rf"
item_BACITRACIN,0.019294398046132,0.0025829472359158836,3,"catboost,xgboost,xgboost_rf"
item_TAB-A-VITE,0.019290103797434028,0.002582372363469579,3,"catboost,xgboost,xgboost_rf"
item_DILT-XR,0.019260906883525504,0.002578463763268786,3,"catboost,xgboost,xgboost_rf"
item_PRADAXA,0.019255104285997346,0.0025776869676822816,3,"catboost,xgboost,xgboost_rf"
item_NARCAN,0.01925491578585202,0.0025776617331075527,3,"catboost,xgboost,xgboost_rf"
item_PROMETHAZINE HCL,0.019248765045312827,0.002576838331504841,3,"catboost,xgboost,xgboost_rf"
item_PROPAFENONE HCL,0.0192406551237627,0.002575752653713738,3,"catboost,xgboost,xgboost_rf"
item_BENAZEPRIL HCL,0.01923983396244077,0.0025756427245850005,3,"catboost,xgboost,xgboost_rf"
item_GENTAMICIN SULFATE,0.01919052749120103,0.002569042051514146,3,"catboost,xgboost,xgboost_rf"
item_RALOXIFENE HYDROCHLORIDE,0.019149630554118547,0.002563567165469914,3,"catboost,xgboost,xgboost_rf"
item_ALFUZOSIN HCL ER,0.019142136651777414,0.002562563954367294,3,"catboost,xgboost,xgboost_rf"
item_VERAPAMIL HCL ER,0.019116743586772476,0.0025591645766355232,3,"catboost,xgboost,xgboost_rf"
item_DUTASTERIDE,0.019091046791263357,0.002555724538404039,3,"catboost,xgboost,xgboost_rf"
item_TIZANIDINE HYDROCHLORIDE,0.019084944917595263,0.0025549076786249864,3,"catboost,xgboost,xgboost_rf"
item_FLUOCINONIDE,0.019058829495711277,0.0025514115987468407,3,"catboost,xgboost,xgboost_rf"
item_DOFETILIDE,0.01905806805381535,0.0025513096642767576,3,"catboost,xgboost,xgboost_rf"
item_LIOTHYRONINE SODIUM,0.019051701155025448,0.002550457325499906,3,"catboost,xgboost,xgboost_rf"
item_ALPHAGAN P,0.019044786860128112,0.0025495317066311193,3,"catboost,xgboost,xgboost_rf"
item_ONGLYZA,0.019039030214115474,0.0025487610625886913,3,"catboost,xgboost,xgboost_rf"
item_DIVALPROEX SODIUM,0.018975572663051953,0.0025402659799369487,3,"catboost,xgboost,xgboost_rf"
item_VITAMIN B-12,0.01895983909850532,0.002538159722620205,3,"catboost,xgboost,xgboost_rf"
item_TROSPIUM CHLORIDE ER,0.018945047453586744,0.002536179560385253,3,"catboost,xgboost,xgboost_rf"
item_TOLTERODINE TARTRATE,0.018941087170296782,0.0025356493959949053,3,"catboost,xgboost,xgboost_rf"
item_BRILINTA,0.01893076053989473,0.0025342669666809908,3,"catboost,xgboost,xgboost_rf"
item_OXYCONTIN,0.018930111536562093,0.0025341800843973286,3,"catboost,xgboost,xgboost_rf"
item_NITROGLYCERIN TRANSDERMAL,0.01892197222055759,0.002533090471561219,3,"catboost,xgboost,xgboost_rf"
item_GLIPIZIDE ER,0.0188881544884958,0.002528563280956718,3,"catboost,xgboost,xgboost_rf"
item_RIVASTIGMINE TRANSDERMAL,0.018881748417844568,0.0025277056982302647,3,"catboost,xgboost,xgboost_rf"
item_BRIMONIDINE TARTRATE,0.01887953810047899,0.0025274098023377748,3,"catboost,xgboost,xgboost_rf"
item_OSELTAMIVIR PHOSPHATE,0.018876163170107357,0.0025269579993297733,3,"catboost,xgboost,xgboost_rf"
item_VERAPAMIL HCL,0.018843109535462834,0.0025225330986908463,3,"catboost,xgboost,xgboost_rf"
item_GEMFIBROZIL,0.018834914023411753,0.002521435962872012,3,"catboost,xgboost,xgboost_rf"
item_LEVOCETIRIZINE DIHYDROCHL,0.018824289418636817,0.002520013643633521,3,"catboost,xgboost,xgboost_rf"
item_BUSPIRONE HCL,0.018824177851176783,0.0025199987080619718,3,"catboost,xgboost,xgboost_rf"
item_ATENOLOL/CHLORTHALIDONE,0.018796980092466782,0.0025163577354068447,3,"catboost,xgboost,xgboost_rf"
item_NORTRIPTYLINE HYDROCHLORI,0.018779831130053194,0.002514061998325071,3,"catboost,xgboost,xgboost_rf"
item_BETAMETHASONE VALERATE,0.01877252007390039,0.002513083264900149,3,"catboost,xgboost,xgboost_rf"
item_TOUJEO SOLOSTAR,0.018769720948939764,0.0025127085451466355,3,"catboost,xgboost,xgboost_rf"
item_AMIODARONE HCL,0.01875424657229793,0.002510636985397584,3,"catboost,xgboost,xgboost_rf"
item_SODIUM BICARBONATE,0.01873920290558189,0.0025086230849240203,3,"catboost,xgboost,xgboost_rf"
item_RAMIPRIL,0.018736329531512066,0.002508238425418517,3,"catboost,xgboost,xgboost_rf"
item_MORPHINE SULFATE,0.018673857854135015,0.00249987532199242,3,"catboost,xgboost,xgboost_rf"
item_IRBESARTAN/HYDROCHLOROTHI,0.01866745968872608,0.0024990187975432805,3,"catboost,xgboost,xgboost_rf"
item_NYAMYC,0.018654818626530338,0.002497326534505094,3,"catboost,xgboost,xgboost_rf"
item_VENLAFAXINE HCL,0.01864588818186585,0.002496131013022305,3,"catboost,xgboost,xgboost_rf"
item_CALCIUM/VITAMIN D,0.018634539122580552,0.0024946117108268634,3,"catboost,xgboost,xgboost_rf"
item_PREVACID SOLUTAB,0.018621496436294873,0.0024928656822433355,3,"catboost,xgboost,xgboost_rf"
item_DOCUSATE SODIUM,0.018621060645995575,0.002492807342856622,3,"catboost,xgboost,xgboost_rf"
item_LEFLUNOMIDE,0.0186073983615597,0.002490978368470608,3,"catboost,xgboost,xgboost_rf"
item_JANTOVEN,0.01860692723021164,0.0024909152979663966,3,"catboost,xgboost,xgboost_rf"
item_CETIRIZINE HYDROCHLORIDE,0.01858562780642059,0.0024880639372928913,3,"catboost,xgboost,xgboost_rf"
item_CARBAMAZEPINE ER,0.01857123173069246,0.0024861367300319493,3,"catboost,xgboost,xgboost_rf"
item_QUINAPRIL HCL,0.018571205174920027,0.0024861331750022026,3,"catboost,xgboost,xgboost_rf"
item_LIDOCAINE HCL,0.018566592233143022,0.0024855156390115036,3,"catboost,xgboost,xgboost_rf"
item_STIOLTO RESPIMAT,0.01855971198963457,0.0024845945786130348,3,"catboost,xgboost,xgboost_rf"
item_AMITRIPTYLINE HCL,0.018550820667827747,0.002483404294519711,3,"catboost,xgboost,xgboost_rf"
item_AZOPT,0.01853669721757105,0.002481513583717803,3,"catboost,xgboost,xgboost_rf"
item_CLOBETASOL PROPIONATE,0.018534812430980915,0.002481261266734312,3,"catboost,xgboost,xgboost_rf"
item_TOPIRAMATE,0.018523298999565067,0.002479719959989195,3,"catboost,xgboost,xgboost_rf"
item_PIOGLITAZONE HYDROCHLORID,0.018515989805329442,0.0024787414758197204,3,"catboost,xgboost,xgboost_rf"
item_CHOLESTYRAMINE,0.01850543545047766,0.002477328560960905,3,"catboost,xgboost,xgboost_rf"
item_PROVENTIL HFA,0.018484490733585462,0.0024745246850133686,3,"catboost,xgboost,xgboost_rf"
item_ACCU-CHEK SMARTVIEW STRIP,0.01847675788423849,0.002473489485998672,3,"catboost,xgboost,xgboost_rf"
item_HYDROCODONE POLISTIREX/CH,0.01846698899994248,0.0024721817223343156,3,"catboost,xgboost,xgboost_rf"
item_SILDENAFIL CITRATE,0.018460937068260463,0.002471371548304909,3,"catboost,xgboost,xgboost_rf"
item_LEVALBUTEROL HCL,0.018460060499807,0.0024712542018057566,3,"catboost,xgboost,xgboost_rf"
item_OLMESARTAN MEDOXOMIL,0.018455852260248554,0.0024706908434304615,3,"catboost,xgboost,xgboost_rf"
item_NOVOLIN N,0.0184448725993099,0.0024692209927098027,3,"catboost,xgboost,xgboost_rf"
item_ISOSORBIDE MONONITRATE,0.01842264640484792,0.0024662455649502404,3,"catboost,xgboost,xgboost_rf"
item_TERAZOSIN HYDROCHLORIDE,0.018412793684643602,0.002464926578146032,3,"catboost,xgboost,xgboost_rf"
item_THERA,0.0184091945727081,0.002464444763880392,3,"catboost,xgboost,xgboost_rf"
item_CANDESARTAN CILEXETIL,0.018402067914275667,0.0024634907158372576,3,"catboost,xgboost,xgboost_rf"
item_BUPROPION HCL,0.018391786707084495,0.0024621143673431082,3,"catboost,xgboost,xgboost_rf"
item_NOVOLOG,0.01838314263587184,0.002460957182765885,3,"catboost,xgboost,xgboost_rf"
item_ARMOUR THYROID,0.018367051872399696,0.0024588031071147674,3,"catboost,xgboost,xgboost_rf"
item_KLOR-CON 10,0.01836535548010825,0.0024585760105362816,3,"catboost,xgboost,xgboost_rf"
item_FLUZONE HIGH-DOSE PF 2018,0.018356489380666183,0.002457389102968992,3,"catboost,xgboost,xgboost_rf"
item_PERMETHRIN,0.018348189928763168,0.0024562780526889445,3,"catboost,xgboost,xgboost_rf"
item_TROSPIUM CHLORIDE,0.01833988216181078,0.0024551658892705782,3,"catboost,xgboost,xgboost_rf"
item_VANCOMYCIN HYDROCHLORIDE,0.018335628302487215,0.00245459642376274,3,"catboost,xgboost,xgboost_rf"
item_DESONIDE,0.018323724230132718,0.0024530028217902566,3,"catboost,xgboost,xgboost_rf"
item_MESALAMINE DR,0.018323367193224107,0.0024529550251451366,3,"catboost,xgboost,xgboost_rf"
item_INDOMETHACIN,0.018321384122579228,0.00245268955084381,3,"catboost,xgboost,xgboost_rf"
item_TRAMADOL HCL ER,0.018317495237722966,0.0024521689445846117,3,"catboost,xgboost,xgboost_rf"
item_ATENOLOL,0.018316062500728408,0.0024519771436250252,3,"catboost,xgboost,xgboost_rf"
item_ANASTROZOLE,0.01829752166398577,0.0024494950758817634,3,"catboost,xgboost,xgboost_rf"
item_PROMETHAZINE/DEXTROMETHOR,0.018282059669115204,0.0024474251736843907,3,"catboost,xgboost,xgboost_rf"
item_TRIAMCINOLONE ACETONIDE D,0.01827819836227702,0.0024469082593032905,3,"catboost,xgboost,xgboost_rf"
item_IRON,0.018277042233805347,0.00244675348801511,3,"catboost,xgboost,xgboost_rf"
item_GLIPIZIDE XL,0.018276305831980713,0.002446654905667378,3,"catboost,xgboost,xgboost_rf"
item_PERPHENAZINE/AMITRIPTYLIN,0.018276131168293065,0.002446631523383663,3,"catboost,xgboost,xgboost_rf"
item_OFLOXACIN,0.018275320546767518,0.0024465230052208376,3,"catboost,xgboost,xgboost_rf"
item_PROPRANOLOL HYDROCHLORIDE,0.018275138412526606,0.0024464986228517685,3,"catboost,xgboost,xgboost_rf"
item_FLUOROURACIL,0.018264769700337132,0.002445110560035516,3,"catboost,xgboost,xgboost_rf"
item_PENTOXIFYLLINE ER,0.018259247459844266,0.002444371295934972,3,"catboost,xgboost,xgboost_rf"
item_PHENOBARBITAL,0.01825481513182647,0.0024437779387659706,3,"catboost,xgboost,xgboost_rf"
item_SPIRONOLACTONE/HYDROCHLOR,0.01825348723408142,0.002443600172670239,3,"catboost,xgboost,xgboost_rf"
item_ACCU-CHEK AVIVA PLUS,0.018246250214560618,0.002442631350552916,3,"catboost,xgboost,xgboost_rf"
item_FELODIPINE ER,0.018246009477298777,0.0024425991229786964,3,"catboost,xgboost,xgboost_rf"
item_CERTAVITE SENIOR/ANTIOXID,0.01823667781988507,0.0024413498910168794,3,"catboost,xgboost,xgboost_rf"
item_NATEGLINIDE,0.018232349742699407,0.0024407704899401103,3,"catboost,xgboost,xgboost_rf"
item_HYDROCORTISONE ACETATE,0.01822902464748305,0.002440325358380281,3,"catboost,xgboost,xgboost_rf"
item_REPAGLINIDE,0.01822689961233822,0.0024400408792459517,5,"catboost,catboost_rare,xgboost,xgboost_rare,xgboost_rf"
item_PYRIDOSTIGMINE BROMIDE,0.018224787931412332,0.0024397581878451828,3,"catboost,xgboost,xgboost_rf"
item_NYSTATIN/TRIAMCINOLONE,0.018224108020271627,0.002439667167923372,3,"catboost,xgboost,xgboost_rf"
item_SODIUM CHLORIDE 0.9%,0.018216024840649613,0.0024385850700827357,5,"catboost,catboost_rare,xgboost,xgboost_rare,xgboost_rf"
item_OMEGA-3-ACID ETHYL ESTERS,0.018209015493961193,0.002437646726600283,3,"catboost,xgboost,xgboost_rf"
item_JANUMET,0.018207803559129394,0.002437484484496828,3,"catboost,xgboost,xgboost_rf"
item_BENZTROPINE MESYLATE,0.018194171079577458,0.0024356595001001568,3,"catboost,xgboost,xgboost_rf"
item_VIRTUSSIN A/C,0.01819246384059627,0.0024354309514718468,3,"catboost,xgboost,xgboost_rf"
item_BD AUTOSHIELD DUO 30G X 5,0.018187251582781196,0.0024347331848514975,3,"catboost,xgboost,xgboost_rf"
item_GLYCOPYRROLATE,0.018185120993046887,0.0024344479621224986,3,"catboost,xgboost,xgboost_rf"
item_HUMULIN 70/30,0.01818378797016413,0.0024342695099229435,3,"catboost,xgboost,xgboost_rf"
item_TAMOXIFEN CITRATE,0.018181780692202058,0.0024340007949803237,3,"catboost,xgboost,xgboost_rf"
item_FEXOFENADINE HYDROCHLORID,0.018167356288254888,0.002432069795411641,3,"catboost,xgboost,xgboost_rf"
item_METHYLPREDNISOLONE,0.018165134656092475,0.0024317723848036807,3,"catboost,xgboost,xgboost_rf"
item_BISOPROLOL FUMARATE,0.018162428763940388,0.0024314101461560583,3,"catboost,xgboost,xgboost_rf"
item_INDAPAMIDE,0.018155638583343948,0.0024305011425084185,3,"catboost,xgboost,xgboost_rf"
item_GLUCAGON EMERGENCY KIT,0.018149544623765553,0.002429685342191085,3,"catboost,xgboost,xgboost_rf"
item_HYOSCYAMINE SULFATE,0.018145071047713818,0.0024290864631345906,3,"catboost,xgboost,xgboost_rf"
item_LOTEMAX,0.018142721067371657,0.0024287718705147676,3,"catboost,xgboost,xgboost_rf"
item_CICLOPIROX OLAMINE,0.018133926254535537,0.002427594506108211,3,"catboost,xgboost,xgboost_rf"
item_CHERATUSSIN AC,0.01813135168044175,0.0024272498470510424,3,"catboost,xgboost,xgboost_rf"
item_ONETOUCH DELICA LANCETS F,0.018131213859773246,0.0024272313969540813,3,"catboost,xgboost,xgboost_rf"
item_AZATHIOPRINE,0.01812473809946893,0.002426364484851486,3,"catboost,xgboost,xgboost_rf"
item_LABETALOL HYDROCHLORIDE,0.018122054668003245,0.002426005253023134,3,"catboost,xgboost,xgboost_rf"
item_RIVASTIGMINE TARTRATE,0.018117631865645502,0.00242541317105729,3,"catboost,xgboost,xgboost_rf"
item_SENNA PLUS,0.01811140894981177,0.0024245801073248196,3,"catboost,xgboost,xgboost_rf"
item_ARANESP ALBUMIN FREE,0.018097409112139105,0.002422705944579062,3,"catboost,xgboost,xgboost_rf"
item_TRIAMTERENE/HYDROCHLOROTH,0.018096199668373888,0.0024225440359554864,3,"catboost,xgboost,xgboost_rf"
item_ASPIRIN EC,0.018095081578333384,0.002422394356884249,3,"catboost,xgboost,xgboost_rf"
item_OLMESARTAN MEDOXOMIL/HYDR,0.018091202842621952,0.002421875109294315,3,"catboost,xgboost,xgboost_rf"
item_DOCUSATE SODIUM & SENNA S,0.018080923220698354,0.0024204989730204425,3,"catboost,xgboost,xgboost_rf"
item_ESZOPICLONE,0.018079074723796457,0.002420251514149119,3,"catboost,xgboost,xgboost_rf"
item_PREMARIN,0.01807806335191737,0.0024201161214722744,3,"catboost,xgboost,xgboost_rf"
item_TOBRAMYCIN/DEXAMETHASONE,0.018070304030456348,0.002419077378627206,3,"catboost,xgboost,xgboost_rf"
item_DULERA,0.01806591164390545,0.0024184893684351494,3,"catboost,xgboost,xgboost_rf"
item_CLARITHROMYCIN,0.018051832904396322,0.0024166046430753154,3,"catboost,xgboost,xgboost_rf"
item_PENICILLIN V POTASSIUM,0.01804728324828892,0.0024159955791574423,3,"catboost,xgboost,xgboost_rf"
item_AMMONIUM LACTATE,0.01803969376675222,0.0024149795728373494,3,"catboost,xgboost,xgboost_rf"
item_KIONEX,0.018036187080258337,0.0024145101315951327,3,"catboost,xgboost,xgboost_rf"
item_TRUE METRIX BLOOD GLUCOSE,0.018034075983975707,0.0024142275184607436,3,"catboost,xgboost,xgboost_rf"
item_FREESTYLE LITE TEST STRIP,0.018029914311027635,0.0024136703939724694,3,"catboost,xgboost,xgboost_rf"
item_ACCU-CHEK SOFTCLIX LANCET,0.018029528291088358,0.0024136187173597664,3,"catboost,xgboost,xgboost_rf"
item_PAROXETINE HCL,0.018020772635111915,0.0024124465948945355,3,"catboost,xgboost,xgboost_rf"
item_PRESERVISION AREDS 2,0.018002962218014545,0.0024100623086627405,3,"catboost,xgboost,xgboost_rf"
item_OLOPATADINE HCL,0.018002168834770592,0.0024099560981941845,3,"catboost,xgboost,xgboost_rf"
item_ILEVRO,0.017995582916805163,0.002409074439250272,3,"catboost,xgboost,xgboost_rf"
item_PILOCARPINE HCL,0.017995512829747914,0.0024090650566735076,3,"catboost,xgboost,xgboost_rf"
item_ONETOUCH VERIO TEST STRIP,0.01799514986620167,0.0024090164666275126,3,"catboost,xgboost,xgboost_rf"
item_ARTIFICIAL TEARS,0.017990763032689098,0.0024084291998224725,5,"catboost,catboost_rare,xgboost,xgboost_rare,xgboost_rf"
item_TRULICITY,0.017986280662555768,0.0024078291434994634,3,"catboost,xgboost,xgboost_rf"
item_NEOMYCIN/POLYMYXIN/HYDROC,0.017985475863575642,0.0024077214048026556,3,"catboost,xgboost,xgboost_rf"
item_BOOSTRIX,0.01797626351454761,0.002406488144692578,3,"catboost,xgboost,xgboost_rf"
item_STOOL SOFTENER,0.017966302265384954,0.002405154629082014,3,"catboost,xgboost,xgboost_rf"
item_TIMOLOL MALEATE OPHTHALMI,0.017963536350382447,0.0024047843551562136,3,"catboost,xgboost,xgboost_rf"
item_DUREZOL,0.0179606668107182,0.002404400208963811,3,"catboost,xgboost,xgboost_rf"
item_HUMULIN N,0.01795059445465571,0.0024030518194370393,3,"catboost,xgboost,xgboost_rf"
item_NASONEX,0.01794929625861528,0.002402878029518002,3,"catboost,xgboost,xgboost_rf"
item_FOSINOPRIL SODIUM,0.017948010066868816,0.002402705846617637,3,"catboost,xgboost,xgboost_rf"
item_GUAIFENESIN ER,0.017945538832341013,0.00240237502166121,3,"catboost,xgboost,xgboost_rf"
item_SOTALOL HCL (AF),0.017941768259713838,0.002401870253897951,3,"catboost,xgboost,xgboost_rf"
item_FLUOCINOLONE ACETONIDE,0.01793245250980309,0.0024006231514786414,3,"catboost,xgboost,xgboost_rf"
item_CETIRIZINE HCL,0.01793127045608038,0.002400464909568815,3,"catboost,xgboost,xgboost_rf"
item_VICTOZA,0.01792674576775966,0.002399859188096528,3,"catboost,xgboost,xgboost_rf"
item_PROCTOZONE-HC,0.01791629640232289,0.002398460328204271,3,"catboost,xgboost,xgboost_rf"
item_NABUMETONE,0.017916116225364473,0.002398436207857235,3,"catboost,xgboost,xgboost_rf"
item_VASCEPA,0.017910255284242307,0.0023976516017951456,3,"catboost,xgboost,xgboost_rf"
item_NEOMYCIN/POLYMYXIN/DEXAME,0.0179072386083633,0.002397247758430626,3,"catboost,xgboost,xgboost_rf"
item_PROCTOSOL HC,0.017906086199404404,0.00239709348507481,3,"catboost,xgboost,xgboost_rf"
item_NOVOLIN 70/30,0.01790322970750857,0.002396711085591337,3,"catboost,xgboost,xgboost_rf"
item_ONETOUCH DELICA LANCETS E,0.017901167978453814,0.0023964350812635286,3,"catboost,xgboost,xgboost_rf"
item_BETHANECHOL CHLORIDE,0.017900391343816286,0.00239633111293627,5,"catboost,catboost_rare,xgboost,xgboost_rare,xgboost_rf"
item_FLUOROMETHOLONE,0.0178944470476086,0.0023955353481022283,3,"catboost,xgboost,xgboost_rf"
item_NOVOFINE 30GX8MM,0.017892425457975862,0.0023952647172516806,3,"catboost,xgboost,xgboost_rf"
item_DOXEPIN HYDROCHLORIDE,0.01786721407644082,0.0023918896615441193,3,"catboost,xgboost,xgboost_rf"
item_PROPRANOLOL HCL,0.01786658581820983,0.002391805556413848,3,"catboost,xgboost,xgboost_rf"
item_ACARBOSE,0.017864770759717232,0.00239156257395307,3,"catboost,xgboost,xgboost_rf"
item_BETAMETHASONE DIPROPIONAT,0.017860381424855184,0.002390974972291576,3,"catboost,xgboost,xgboost_rf"
item_QUINAPRIL HYDROCHLORIDE,0.017859232882729094,0.002390821216589904,3,"catboost,xgboost,xgboost_rf"
item_PROPRANOLOL HCL ER,0.01785919375773736,0.0023908159789147506,3,"catboost,xgboost,xgboost_rf"
item_PIOGLITAZONE HCL,0.017848795125378084,0.0023894239106757994,3,"catboost,xgboost,xgboost_rf"
item_SSD,0.0178452257918935,0.002388946082860906,3,"catboost,xgboost,xgboost_rf"
item_PROLIA,0.01783717870308675,0.0023878688165092496,3,"catboost,xgboost,xgboost_rf"
item_NORTRIPTYLINE HCL,0.01783468758145802,0.0023875353292602624,3,"catboost,xgboost,xgboost_rf"
item_METHYLPHENIDATE HYDROCHLO,0.01783468542323488,0.002387535040338241,3,"catboost,xgboost,xgboost_rf"
item_VYTORIN,0.017832237567877614,0.0023872073451588495,3,"catboost,xgboost,xgboost_rf"
item_TAMSULOSIN HCL,0.017830884333472994,0.0023870261872363996,3,"catboost,xgboost,xgboost_rf"
item_NAMENDA,0.017830563018477533,0.0023869831726952154,3,"catboost,xgboost,xgboost_rf"
item_EZETIMIBE/SIMVASTATIN,0.017823238808200425,0.002386002678323466,3,"catboost,xgboost,xgboost_rf"
item_CICLOPIROX NAIL LACQUER,0.01782204576952012,0.0023858429658538535,3,"catboost,xgboost,xgboost_rf"
item_DOK,0.01781965039935885,0.0023855222968844326,3,"catboost,xgboost,xgboost_rf"
item_VERAPAMIL HCL SR,0.017815883572618707,0.0023850180305842682,3,"catboost,xgboost,xgboost_rf"
item_NADOLOL,0.01781439768779413,0.002384819114707683,3,"catboost,xgboost,xgboost_rf"
item_RISEDRONATE SODIUM,0.017814055896595134,0.0023847733590105836,3,"catboost,xgboost,xgboost_rf"
item_CALCIUM CARBONATE,0.017811058257396026,0.002384372064092489,3,"catboost,xgboost,xgboost_rf"
item_KLOR-CON 8,0.01780476582431683,0.00238352969406414,3,"catboost,xgboost,xgboost_rf"
item_TAZTIA XT,0.01780324893575996,0.002383326627707999,3,"catboost,xgboost,xgboost_rf"
item_ONETOUCH VERIO IQ BLOOD G,0.0178020445060575,0.0023831653903186086,3,"catboost,xgboost,xgboost_rf"
item_TIKOSYN,0.017801451682540964,0.0023830860288448917,3,"catboost,xgboost,xgboost_rf"
item_SENNA LAX,0.017800469324650302,0.002382954520279955,3,"catboost,xgboost,xgboost_rf"
item_DOXEPIN HCL,0.017799176241126393,0.002382781414775139,3,"catboost,xgboost,xgboost_rf"
item_NOVOLOG MIX 70/30 PREFILL,0.01779634778385444,0.0023824027682957296,3,"catboost,xgboost,xgboost_rf"
item_RESTASIS MULTIDOSE,0.017795096392617997,0.002382235244150768,3,"catboost,xgboost,xgboost_rf"
item_PROCTO-MED HC,0.017794574751367594,0.0023821654118697795,3,"catboost,xgboost,xgboost_rf"
item_EXELON,0.01779269896630359,0.0023819142999234695,3,"catboost,xgboost,xgboost_rf"
item_KLOR-CON SPRINKLE,0.017790599093950237,0.0023816331893400816,3,"catboost,xgboost,xgboost_rf"
item_DIPHENHYDRAMINE HCL,0.01779018140644187,0.0023815772733797786,3,"catboost,xgboost,xgboost_rf"
item_PAZEO,0.017789798310363963,0.0023815259881853324,3,"catboost,xgboost,xgboost_rf"
item_STROVITE ONE,0.017788847315913257,0.002381398678254131,3,"catboost,xgboost,xgboost_rf"
item_BENICAR HCT,0.017784228717619213,0.0023807803850236877,3,"catboost,xgboost,xgboost_rf"
item_PATADAY,0.017783080367599742,0.0023806266550393906,3,"catboost,xgboost,xgboost_rf"
item_BD SWABS SINGLE USE,0.01778146734557071,0.0023804107192645922,3,"catboost,xgboost,xgboost_rf"
item_IBANDRONATE SODIUM,0.017779789793319643,0.002380186144808336,3,"catboost,xgboost,xgboost_rf"
item_TUDORZA PRESSAIR,0.017778375974478643,0.0023799968764280158,3,"catboost,xgboost,xgboost_rf"
item_LEVOBUNOLOL HCL,0.01777789691834995,0.0023799327450308868,3,"catboost,xgboost,xgboost_rf"
item_RELION INSULIN SYRINGE/U-,0.01777728420348818,0.002379850720696423,3,"catboost,xgboost,xgboost_rf"
item_CALCIUM,0.017769237657519813,0.0023787735270147147,3,"catboost,xgboost,xgboost_rf"
item_AMLODIPINE BESYLATE/VALSA,0.017768699461915654,0.002378701478597095,3,"catboost,xgboost,xgboost_rf"
item_PROMETHAZINE/CODEINE,0.017767691453448836,0.0023785665361813267,3,"catboost,xgboost,xgboost_rf"
item_ZETIA,0.017764130983632966,0.0023780898949485978,3,"catboost,xgboost,xgboost_rf"
item_COREG CR,0.017763526324487276,0.0023780089490354215,3,"catboost,xgboost,xgboost_rf"
item_QVAR,0.017761792104696764,0.0023777767884775405,3,"catboost,xgboost,xgboost_rf"
item_GENTAK,0.017760134234150404,0.0023775548488173866,3,"catboost,xgboost,xgboost_rf"
item_METRONIDAZOLE VAGINAL,0.017758908115739575,0.0023773907079536714,3,"catboost,xgboost,xgboost_rf"
item_CEFPROZIL,0.017758437529297094,0.0023773277103961445,3,"catboost,xgboost,xgboost_rf"
item_CARBIDOPA/LEVODOPA ODT,0.017756599831976506,0.002377081697268224,3,"catboost,xgboost,xgboost_rf"
item_SCOPOLAMINE,0.017754911484963724,0.0023768556777137655,3,"catboost,xgboost,xgboost_rf"
item_LIALDA,0.017753943467453938,0.0023767260889002023,3,"catboost,xgboost,xgboost_rf"
item_AZOR,0.017753761797647406,0.002376701768705112,3,"catboost,xgboost,xgboost_rf"
item_ASACOL HD,0.017751828884476722,0.002376443009000894,3,"catboost,xgboost,xgboost_rf"
item_ZOSTAVAX,0.017751020552060213,0.0023763347972818273,3,"catboost,xgboost,xgboost_rf"
item_AZILECT,0.017751020552060213,0.0023763347972818273,3,"catboost,xgboost,xgboost_rf"
item_SEROQUEL XR,0.017751020552060213,0.0023763347972818273,3,"catboost,xgboost,xgboost_rf"
item_TAMIFLU,0.017751020552060213,0.0023763347972818273,3,"catboost,xgboost,xgboost_rf"
item_BANZEL,0.017751020552060213,0.0023763347972818273,3,"catboost,xgboost,xgboost_rf"
item_NIFEDICAL XL,0.017751020552060213,0.0023763347972818273,3,"catboost,xgboost,xgboost_rf"
item_Q-TUSSIN DM,0.017751020552060213,0.0023763347972818273,3,"catboost,xgboost,xgboost_rf"
item_VIGAMOX,0.017751020552060213,0.0023763347972818273,3,"catboost,xgboost,xgboost_rf"
item_PRISTIQ,0.017751020552060213,0.0023763347972818273,3,"catboost,xgboost,xgboost_rf"
item_FLUZONE HIGH-DOSE PF 2017,0.017751020552060213,0.0023763347972818273,3,"catboost,xgboost,xgboost_rf"
item_CIALIS,0.017751020552060213,0.0023763347972818273,3,"catboost,xgboost,xgboost_rf"
item_CRANBERRY FRUIT,0.017751020552060213,0.0023763347972818273,3,"catboost,xgboost,xgboost_rf"
item_EAR DROPS EARWAX REMOVAL,0.017751020552060213,0.0023763347972818273,3,"catboost,xgboost,xgboost_rf"
item_PRENATE DHA,0.017751020552060213,0.0023763347972818273,3,"catboost,xgboost,xgboost_rf"
item_BESIVANCE,0.017749291913378703,0.0023761033838687927,3,"catboost,xgboost,xgboost_rf"
item_AVODART,0.017744246056713833,0.0023754278934236287,3,"catboost,xgboost,xgboost_rf"
item_FLOVENT DISKUS,0.01774345901980849,0.002375322532541452,3,"catboost,xgboost,xgboost_rf"
item_VITAMIN B-1,0.017741675726688003,0.002375083802521195,3,"catboost,xgboost,xgboost_rf"
item_THEOPHYLLINE CR,0.01773768522591524,0.002374549592906763,3,"catboost,xgboost,xgboost_rf"
item_PROLENSA,0.017726937240624165,0.0023731107566791246,3,"catboost,xgboost,xgboost_rf"
item_JANUMET XR,0.01772623764071088,0.0023730171010150325,3,"catboost,xgboost,xgboost_rf"
item_SULFASALAZINE,0.01772255210382959,0.0023725237170142653,3,"catboost,xgboost,xgboost_rf"
item_PREVNAR 13,0.0176722476654372,0.0023657894457615805,3,"catboost,xgboost,xgboost_rf"
item_FERROUS GLUCONATE,0.017652947188661137,0.0023632056847641453,3,"catboost,xgboost,xgboost_rf"
item_CODEINE/GUAIFENESIN,0.01765181916697022,0.002363054676139692,3,"catboost,xgboost,xgboost_rf"
item_CIPRODEX,0.017615925010792614,0.00235824951397486,3,"catboost,xgboost,xgboost_rf"
item_ESTRADIOL,0.017537479932009742,0.0023477480461949907,3,"catboost,xgboost,xgboost_rf"
item_FAMCICLOVIR,0.017446423335655915,0.002335558270525302,5,"catboost,catboost_rare,xgboost,xgboost_rare,xgboost_rf"
item_PRESERVISION AREDS,0.017431701223623815,0.002333587416680096,5,"catboost,catboost_rare,xgboost,xgboost_rare,xgboost_rf"
item_NITROSTAT,0.017029972986001955,0.002279807929055046,5,"catboost,catboost_rare,xgboost,xgboost_rare,xgboost_rf"
item_DALIRESP,0.016940180695796062,0.0022677874064536497,5,"catboost,catboost_rare,xgboost,xgboost_rare,xgboost_rf"
item_CYPROHEPTADINE HYDROCHLOR,0.016653048009671042,0.002229348861949982,5,"catboost,catboost_rare,xgboost,xgboost_rare,xgboost_rf"
item_LITHIUM CARBONATE,0.016439133049456035,0.0022007119978256213,5,"catboost,catboost_rare,xgboost,xgboost_rare,xgboost_rf"
item_BALSALAZIDE DISODIUM,0.016095434813112087,0.0021547010050270285,5,"catboost,catboost_rare,xgboost,xgboost_rare,xgboost_rf"
item_FOLBIC,0.01598872885212187,0.002140416243909504,5,"catboost,catboost_rare,xgboost,xgboost_rare,xgboost_rf"
item_PRILOSEC OTC,0.015882069058701667,0.0021261376632593395,5,"catboost,catboost_rare,xgboost,xgboost_rare,xgboost_rf"
item_CONSTULOSE,0.01550630967720021,0.0020758346347067996,5,"catboost,catboost_rare,xgboost,xgboost_rare,xgboost_rf"
item_MYCOPHENOLATE MOFETIL,0.015472105313082674,0.0020712556855453684,5,"catboost,catboost_rare,xgboost,xgboost_rare,xgboost_rf"
item_HALOBETASOL PROPIONATE,0.01532146007665931,0.0020510887595758054,5,"catboost,catboost_rare,xgboost,xgboost_rare,xgboost_rf"
item_NOVOFINE AUTOCOVER PEN NE,0.015039043412326777,0.00201328155041747,5,"catboost,catboost_rare,xgboost,xgboost_rare,xgboost_rf"
item_NEOMYCIN/POLYMYXIN/HC,0.014925611154514552,0.001998096337793616,5,"catboost,catboost_rare,xgboost,xgboost_rare,xgboost_rf"
item_HYDROCHLOROTHIAZIDE,0.014822473552469923,0.0019842892740291377,3,"catboost,xgboost,xgboost_rf"
item_FORTEO,0.014755577589433445,0.001975333890067126,5,"catboost,catboost_rare,xgboost,xgboost_rare,xgboost_rf"
item_ALCOHOL PREP PADS,0.014327067231391079,0.001917969071417666,5,"catboost,catboost_rare,xgboost,xgboost_rare,xgboost_rf"
item_SENEXON-S,0.014273660002984684,0.0019108194286736738,5,"catboost,catboost_rare,xgboost,xgboost_rare,xgboost_rf"
item_DILTIAZEM CD,0.013971755028434677,0.00187040331319504,5,"catboost,catboost_rare,xgboost,xgboost_rare,xgboost_rf"
item_AMPICILLIN,0.013441277299865122,0.0017993880900485293,5,"catboost,catboost_rare,xgboost,xgboost_rare,xgboost_rf"
item_DICLOFENAC POTASSIUM,0.013390155973375025,0.0017925444617250003,5,"catboost,catboost_rare,xgboost,xgboost_rare,xgboost_rf"
item_ZENPEP,0.013335060257351117,0.0017851687806037491,5,"catboost,catboost_rare,xgboost,xgboost_rare,xgboost_rf"
item_PLAVIX,0.013209395726301256,0.0017683460296502424,5,"catboost,catboost_rare,xgboost,xgboost_rare,xgboost_rf"
item_MOVANTIK,0.013162792699889011,0.0017621072676028847,5,"catboost,catboost_rare,xgboost,xgboost_rare,xgboost_rf"
item_TRANSDERM-SCOP,0.013019887995649548,0.0017429765691518544,5,"catboost,catboost_rare,xgboost,xgboost_rare,xgboost_rf"
item_MINOCYCLINE HYDROCHLORIDE,0.012940897701028856,0.0017324021131534411,5,"catboost,catboost_rare,xgboost,xgboost_rare,xgboost_rf"
item_RIFAMPIN,0.012829302863824967,0.0017174628766139495,5,"catboost,catboost_rare,xgboost,xgboost_rare,xgboost_rf"
item_GUAIFENESIN/CODEINE,0.012629618643363212,0.001690731086170707,5,"catboost,catboost_rare,xgboost,xgboost_rare,xgboost_rf"
item_CEFEPIME,0.012271216983203699,0.0016427517413244311,5,"catboost,catboost_rare,xgboost,xgboost_rare,xgboost_rf"
item_NOVOLOG MIX 70/30,0.012198924814225623,0.0016330739655475539,5,"catboost,catboost_rare,xgboost,xgboost_rare,xgboost_rf"
item_NAPROXEN SODIUM,0.012137412699223886,0.0016248393190434651,5,"catboost,catboost_rare,xgboost,xgboost_rare,xgboost_rf"
item_VITAMIN D-1000,0.012054250827441496,0.0016137064126765326,5,"catboost,catboost_rare,xgboost,xgboost_rare,xgboost_rf"
item_ZAFIRLUKAST,0.012012005105249118,0.001608050964338358,5,"catboost,catboost_rare,xgboost,xgboost_rare,xgboost_rf"
item_SIMVASTATIN,0.011907091233148608,0.001594006110733528,3,"catboost,xgboost,xgboost_rf"
item_LIDOCAINE HCL JELLY,0.011887289694564694,0.0015913552724316586,5,"catboost,catboost_rare,xgboost,xgboost_rare,xgboost_rf"
item_EPINEPHRINE,0.011622437241262048,0.0015558993898201379,5,"catboost,catboost_rare,xgboost,xgboost_rare,xgboost_rf"
item_AMANTADINE HCL,0.011620525337494185,0.0015556434426513932,5,"catboost,catboost_rare,xgboost,xgboost_rare,xgboost_rf"
item_SEREVENT DISKUS,0.011262217674980797,0.0015076766813000603,5,"catboost,catboost_rare,xgboost,xgboost_rare,xgboost_rf"
item_ROBAFEN DM,0.011210413300099576,0.0015007416130700035,5,"catboost,catboost_rare,xgboost,xgboost_rare,xgboost_rf"
item_ETODOLAC,0.01102966978882461,0.001476545421421983,5,"catboost,catboost_rare,xgboost,xgboost_rare,xgboost_rf"
item_BETOPTIC-S,0.011002220914354805,0.0014728708318197954,5,"catboost,catboost_rare,xgboost,xgboost_rare,xgboost_rf"
item_DILANTIN,0.010876047369644115,0.0014559799390447539,5,"catboost,catboost_rare,xgboost,xgboost_rare,xgboost_rf"
item_HEPARIN SODIUM,0.01073356784060486,0.0014369061589337272,5,"catboost,catboost_rare,xgboost,xgboost_rare,xgboost_rf"
item_ZONISAMIDE,0.010518867927449977,0.001408164212908313,5,"catboost,catboost_rare,xgboost,xgboost_rare,xgboost_rf"
item_TAB-A-VITE/IRON,0.010475880613206897,0.0014024094874051833,5,"catboost,catboost_rare,xgboost,xgboost_rare,xgboost_rf"
item_ESTRACE,0.010451950450067405,0.0013992059488139104,5,"catboost,catboost_rare,xgboost,xgboost_rare,xgboost_rf"
item_CRESTOR,0.01044614452264065,0.0013984287074528163,5,"catboost,catboost_rare,xgboost,xgboost_rare,xgboost_rf"
item_ZOLPIDEM TARTRATE ER,0.010180815119722337,0.0013629089754437394,5,"catboost,catboost_rare,xgboost,xgboost_rare,xgboost_rf"
item_HUMALOG MIX 75/25,0.009878823164010364,0.0013224812157691405,5,"catboost,catboost_rare,xgboost,xgboost_rare,xgboost_rf"
item_PROBENECID,0.009842784359156897,0.001317656689439819,5,"catboost,catboost_rare,xgboost,xgboost_rare,xgboost_rf"
item_VERAPAMIL HYDROCHLORIDE,0.009689088302012101,0.0012970813491247628,5,"catboost,catboost_rare,xgboost,xgboost_rare,xgboost_rf"
item_SODIUM SULFACETAMIDE,0.009552013149967852,0.0012787310546901343,5,"catboost,catboost_rare,xgboost,xgboost_rare,xgboost_rf"
item_BD INSULIN SYRINGE SAFETY,0.00954038883219128,0.0012771749035524508,5,"catboost,catboost_rare,xgboost,xgboost_rare,xgboost_rf"
item_HYDROXYZINE HCL,0.009279254554255538,0.0012422167742662028,5,"catboost,catboost_rare,xgboost,xgboost_rare,xgboost_rf"
item_SULINDAC,0.008933474652253526,0.0011959271082203418,5,"catboost,catboost_rare,xgboost,xgboost_rare,xgboost_rf"
item_ALCLOMETASONE DIPROPIONAT,0.008835900767595758,0.0011828648610814694,5,"catboost,catboost_rare,xgboost,xgboost_rare,xgboost_rf"
item_ROBAFEN,0.008824166253421853,0.0011812939579168389,5,"catboost,catboost_rare,xgboost,xgboost_rare,xgboost_rf"
item_METHADONE HCL,0.008679060423639024,0.0011618685940854975,5,"catboost,catboost_rare,xgboost,xgboost_rare,xgboost_rf"
item_BD VEO INSULIN SYRINGE UL,0.008482764738439392,0.0011355904279412965,5,"catboost,catboost_rare,xgboost,xgboost_rare,xgboost_rf"
item_THERA M PLUS,0.008455747168114095,0.0011319735771628458,5,"catboost,catboost_rare,xgboost,xgboost_rare,xgboost_rf"
item_COSOPT PF,0.008318726877054925,0.0011136306269858322,5,"catboost,catboost_rare,xgboost,xgboost_rare,xgboost_rf"
item_ROZEREM,0.008132760065934021,0.0010887351905172595,5,"catboost,catboost_rare,xgboost,xgboost_rare,xgboost_rf"
item_CERTAVITE/ANTIOXIDANTS,0.00802154344543131,0.0010738465859684914,5,"catboost,catboost_rare,xgboost,xgboost_rare,xgboost_rf"
item_AZASITE,0.007870589751970206,0.0010536383667566554,5,"catboost,catboost_rare,xgboost,xgboost_rare,xgboost_rf"
item_FLUAD 2018-2019,0.007825789892984306,0.0010476409953092342,5,"catboost,catboost_rare,xgboost,xgboost_rare,xgboost_rf"
item_MAPAP ARTHRITIS PAIN,0.007818423920108647,0.0010466549101650633,5,"catboost,catboost_rare,xgboost,xgboost_rare,xgboost_rf"
item_TRIPLE ANTIBIOTIC,0.007795968172884317,0.0010436487521038047,5,"catboost,catboost_rare,xgboost,xgboost_rare,xgboost_rf"
item_IMIPRAMINE HCL,0.007603303956973035,0.0010178567319144157,5,"catboost,catboost_rare,xgboost,xgboost_rare,xgboost_rf"
item_SF 5000 PLUS,0.007493798454708484,0.0010031971953113285,5,"catboost,catboost_rare,xgboost,xgboost_rare,xgboost_rf"
item_CLONAZEPAM ODT,0.00744166810285299,0.0009962184884394932,5,"catboost,catboost_rare,xgboost,xgboost_rare,xgboost_rf"
item_DARIFENACIN HYDROBROMIDE,0.007352870324295605,0.0009843311014304825,5,"catboost,catboost_rare,xgboost,xgboost_rare,xgboost_rf"
item_BROMPHEN/PSEUDOEPHEDRINE,0.007341922900033661,0.0009828655662440424,5,"catboost,catboost_rare,xgboost,xgboost_rare,xgboost_rf"
item_TRIPHROCAPS,0.0073228392841378906,0.0009803108364819942,5,"catboost,catboost_rare,xgboost,xgboost_rare,xgboost_rf"
item_GATIFLOXACIN,0.007263412585938125,0.0009723553653920078,5,"catboost,catboost_rare,xgboost,xgboost_rare,xgboost_rf"
item_GENERLAC,0.00716965592859973,0.0009598041316949571,5,"catboost,catboost_rare,xgboost,xgboost_rare,xgboost_rf"
item_QUETIAPINE FUMARATE ER,0.007094189455615401,0.0009497014108257632,5,"catboost,catboost_rare,xgboost,xgboost_rare,xgboost_rf"
item_DICLOFENAC SODIUM/MISOPRO,0.007091856384148109,0.0009493890818024255,5,"catboost,catboost_rare,xgboost,xgboost_rare,xgboost_rf"
item_REFRESH TEARS,0.007077608434192359,0.0009474817041859961,5,"catboost,catboost_rare,xgboost,xgboost_rare,xgboost_rf"
item_SODIUM POLYSTYRENE SULFON,0.007059088971702761,0.0009450024978208229,5,"catboost,catboost_rare,xgboost,xgboost_rare,xgboost_rf"
item_ERYTHROMYCIN BASE,0.007042877709019946,0.0009428322909018423,5,"catboost,catboost_rare,xgboost,xgboost_rare,xgboost_rf"
item_CALCITRATE,0.006986229348787719,0.0009352487568039578,5,"catboost,catboost_rare,xgboost,xgboost_rare,xgboost_rf"
item_MONOJECT INSULIN SYRINGE/,0.006922731423885805,0.0009267482692935597,5,"catboost,catboost_rare,xgboost,xgboost_rare,xgboost_rf"
item_PINDOLOL,0.006879989759169021,0.0009210264289710629,5,"catboost,catboost_rare,xgboost,xgboost_rare,xgboost_rf"
item_MISOPROSTOL,0.0068183751849121045,0.0009127780662137215,5,"catboost,catboost_rare,xgboost,xgboost_rare,xgboost_rf"
item_MAGNESIUM-OXIDE,0.006812640170015488,0.0009120103179357118,5,"catboost,catboost_rare,xgboost,xgboost_rare,xgboost_rf"
item_NAMENDA XR,0.006795677257287273,0.0009097394873848096,5,"catboost,catboost_rare,xgboost,xgboost_rare,xgboost_rf"
item_OYSTER SHELL CALCIUM/VITA,0.006656454655197007,0.0008911017131258629,5,"catboost,catboost_rare,xgboost,xgboost_rare,xgboost_rf"
item_VANCOMYCIN HCL,0.0066279735734653625,0.0008872889416074795,5,"catboost,catboost_rare,xgboost,xgboost_rare,xgboost_rf"
item_HUMULIN 70/30 KWIKPEN,0.006468815632764697,0.0008659824171943345,5,"catboost,catboost_rare,xgboost,xgboost_rare,xgboost_rf"
item_TRANDOLAPRIL,0.006452189264942316,0.0008637566400175881,5,"catboost,catboost_rare,xgboost,xgboost_rare,xgboost_rf"
item_PULMICORT FLEXHALER,0.0064156627131727005,0.0008588668188526423,5,"catboost,catboost_rare,xgboost,xgboost_rare,xgboost_rf"
item_NEUPRO,0.006325148268875976,0.0008467496212521938,5,"catboost,catboost_rare,xgboost,xgboost_rare,xgboost_rf"
item_FLORANEX,0.0062755927215575385,0.0008401156042870408,5,"catboost,catboost_rare,xgboost,xgboost_rare,xgboost_rf"
item_KLOR-CON,0.0062680965630586526,0.0008391120911518607,5,"catboost,catboost_rare,xgboost,xgboost_rare,xgboost_rf"
item_MODAFINIL,0.0062285495252999675,0.0008338179165617426,5,"catboost,catboost_rare,xgboost,xgboost_rare,xgboost_rf"
item_APRISO,0.006226653238208988,0.0008335640600025259,5,"catboost,catboost_rare,xgboost,xgboost_rare,xgboost_rf"
item_LEVALBUTEROL TARTRATE HFA,0.006186416787890307,0.000828177593532558,5,"catboost,catboost_rare,xgboost,xgboost_rare,xgboost_rf"
item_INVANZ,0.006094607417948089,0.0008158870438218884,5,"catboost,catboost_rare,xgboost,xgboost_rare,xgboost_rf"
item_ECONAZOLE NITRATE,0.00607197784075686,0.0008128576150873782,5,"catboost,catboost_rare,xgboost,xgboost_rare,xgboost_rf"
item_NORVASC,0.006052937113164972,0.0008103086267962844,5,"catboost,catboost_rare,xgboost,xgboost_rare,xgboost_rf"
item_GUANFACINE HCL,0.006049785638135411,0.0008098867378263773,5,"catboost,catboost_rare,xgboost,xgboost_rare,xgboost_rf"
item_CARBIDOPA/LEVODOPA/ENTACA,0.005978434878282172,0.0008003349887900621,5,"catboost,catboost_rare,xgboost,xgboost_rare,xgboost_rf"
item_NOVOLIN R,0.005953050335891283,0.0007969367519833595,5,"catboost,catboost_rare,xgboost,xgboost_rare,xgboost_rf"
item_DESOXIMETASONE,0.005918441577310929,0.000792303666405884,5,"catboost,catboost_rare,xgboost,xgboost_rare,xgboost_rf"
item_DENTA 5000 PLUS,0.005806574783058382,0.0007773280228893291,5,"catboost,catboost_rare,xgboost,xgboost_rare,xgboost_rf"
item_HUMULIN R,0.005786040620735573,0.0007745791080132736,5,"catboost,catboost_rare,xgboost,xgboost_rare,xgboost_rf"
item_PRAZOSIN HCL,0.005689392556243886,0.0007616408007160698,5,"catboost,catboost_rare,xgboost,xgboost_rare,xgboost_rf"
item_NITRO-BID,0.005640905351041997,0.0007551498030516668,5,"catboost,catboost_rare,xgboost,xgboost_rare,xgboost_rf"
item_RASAGILINE MESYLATE,0.0056337926915164625,0.0007541976290466751,5,"catboost,catboost_rare,xgboost,xgboost_rare,xgboost_rf"
item_BUPRENORPHINE,0.005628019199818199,0.0007534247298669257,5,"catboost,catboost_rare,xgboost,xgboost_rare,xgboost_rf"
item_RULOX,0.0056237696894620905,0.0007528558465567513,5,"catboost,catboost_rare,xgboost,xgboost_rare,xgboost_rf"
item_TRIAD HYDROPHILIC WOUND D,0.005608990210302859,0.0007508773129558927,5,"catboost,catboost_rare,xgboost,xgboost_rare,xgboost_rf"
item_PILOCARPINE HYDROCHLORIDE,0.005587335068834434,0.000747978332243175,5,"catboost,catboost_rare,xgboost,xgboost_rare,xgboost_rf"
item_TERBINAFINE HCL,0.005579622548564814,0.0007469458546885639,5,"catboost,catboost_rare,xgboost,xgboost_rare,xgboost_rf"
item_CICLOPIROX,0.005551848050487171,0.0007432276737498753,5,"catboost,catboost_rare,xgboost,xgboost_rare,xgboost_rf"
item_K-TAB,0.005524210488267437,0.0007395278244582709,5,"catboost,catboost_rare,xgboost,xgboost_rare,xgboost_rf"
item_YUVAFEM,0.005431315805475561,0.0007270919835693835,5,"catboost,catboost_rare,xgboost,xgboost_rare,xgboost_rf"
item_BROVANA,0.005428333900205359,0.0007266927949573824,5,"catboost,catboost_rare,xgboost,xgboost_rare,xgboost_rf"
item_DIOVAN,0.00532255652552575,0.0007125323439861789,5,"catboost,catboost_rare,xgboost,xgboost_rare,xgboost_rf"
item_AGGRENOX,0.005290268983466394,0.0007082100004065902,5,"catboost,catboost_rare,xgboost,xgboost_rare,xgboost_rf"
item_GNP TUSSIN DM COUGH,0.00527232228090538,0.0007058074695961993,5,"catboost,catboost_rare,xgboost,xgboost_rare,xgboost_rf"
item_ACCU-CHEK COMPACT PLUS,0.005250963881157589,0.0007029482137925075,5,"catboost,catboost_rare,xgboost,xgboost_rare,xgboost_rf"
item_BENICAR,0.005237913820444198,0.0007012011979919837,5,"catboost,catboost_rare,xgboost,xgboost_rare,xgboost_rf"
item_CARVEDILOL PHOSPHATE,0.005192307393588572,0.0006950958510459381,5,"catboost,catboost_rare,xgboost,xgboost_rare,xgboost_rf"
item_ANTI-DIARRHEAL,0.005152938191085658,0.0006898254833183739,5,"catboost,catboost_rare,xgboost,xgboost_rare,xgboost_rf"
item_DIPYRIDAMOLE,0.005148996189200322,0.0006892977662655092,5,"catboost,catboost_rare,xgboost,xgboost_rare,xgboost_rf"
item_CAPTOPRIL,0.005148371046009247,0.0006892140781466272,5,"catboost,catboost_rare,xgboost,xgboost_rare,xgboost_rf"
item_RISAQUAD,0.00514788366260815,0.0006891488319748791,5,"catboost,catboost_rare,xgboost,xgboost_rare,xgboost_rf"
item_LEVETIRACETAM ER,0.005136036074563329,0.0006875627915749934,5,"catboost,catboost_rare,xgboost,xgboost_rare,xgboost_rf"
item_CHLORDIAZEPOXIDE HCL,0.005110829682517298,0.0006841884038119215,5,"catboost,catboost_rare,xgboost,xgboost_rare,xgboost_rf"
item_MEMANTINE HCL TITRATION P,0.0050899167572531785,0.0006813887838198014,5,"catboost,catboost_rare,xgboost,xgboost_rare,xgboost_rf"
item_SELENIUM SULFIDE,0.005051927699071734,0.0006763031764538603,5,"catboost,catboost_rare,xgboost,xgboost_rare,xgboost_rf"
item_HYDROCORTISONE VALERATE,0.00504047898999539,0.000674770534109028,5,"catboost,catboost_rare,xgboost,xgboost_rare,xgboost_rf"
item_TERCONAZOLE,0.0050291560683943005,0.0006732547309737295,5,"catboost,catboost_rare,xgboost,xgboost_rare,xgboost_rf"
item_INVOKANA,0.005014991699806563,0.0006713585424217615,5,"catboost,catboost_rare,xgboost,xgboost_rare,xgboost_rf"
item_CALCITONIN SALMON,0.004990545462968272,0.0006680859168794131,5,"catboost,catboost_rare,xgboost,xgboost_rare,xgboost_rf"
item_NIACIN ER,0.004980403996376347,0.0006667282755039675,5,"catboost,catboost_rare,xgboost,xgboost_rare,xgboost_rf"
item_NATURAL BALANCE TEARS,0.004964428707348149,0.000664589658453584,5,"catboost,catboost_rare,xgboost,xgboost_rare,xgboost_rf"
item_DELZICOL,0.004951050578015252,0.0006627987240020655,5,"catboost,catboost_rare,xgboost,xgboost_rare,xgboost_rf"
item_ACCU-CHEK AVIVA,0.004926958756153421,0.0006595735441059416,5,"catboost,catboost_rare,xgboost,xgboost_rare,xgboost_rf"
item_KETOTIFEN FUMARATE,0.004916759971308993,0.0006582082295177057,5,"catboost,catboost_rare,xgboost,xgboost_rare,xgboost_rf"
item_XIIDRA,0.004865089678491092,0.0006512911108963389,5,"catboost,catboost_rare,xgboost,xgboost_rare,xgboost_rf"
item_PARICALCITOL,0.004864756942795123,0.0006512465674623257,5,"catboost,catboost_rare,xgboost,xgboost_rare,xgboost_rf"
item_ENULOSE,0.004848277146507767,0.00064904041186384,5,"catboost,catboost_rare,xgboost,xgboost_rare,xgboost_rf"
item_ETHAMBUTOL HYDROCHLORIDE,0.004822478295623804,0.0006455867114466925,5,"catboost,catboost_rare,xgboost,xgboost_rare,xgboost_rf"
item_FENOFIBRATE MICRONIZED,0.004819284853907079,0.0006451592043829555,5,"catboost,catboost_rare,xgboost,xgboost_rare,xgboost_rf"
item_IMIQUIMOD,0.004811413585417208,0.0006441054751533392,5,"catboost,catboost_rare,xgboost,xgboost_rare,xgboost_rf"
item_PREVIDENT 5000 BOOSTER PL,0.004810456671311079,0.0006439773727559736,5,"catboost,catboost_rare,xgboost,xgboost_rare,xgboost_rf"
item_TOPROL XL,0.004797397708022309,0.0006422291651648372,5,"catboost,catboost_rare,xgboost,xgboost_rare,xgboost_rf"
item_MILK OF MAGNESIA,0.00478014433106329,0.0006399194500744797,5,"catboost,catboost_rare,xgboost,xgboost_rare,xgboost_rf"
item_BD INSULIN SYRINGE ULTRAF,0.004776424549877507,0.0006394214817777204,5,"catboost,catboost_rare,xgboost,xgboost_rare,xgboost_rf"
item_PROPAFENONE HYDROCHLORIDE,0.004758000336055488,0.0006369550263821323,5,"catboost,catboost_rare,xgboost,xgboost_rare,xgboost_rf"
item_FIBER-LAX,0.004750504141759769,0.0006359515084548188,5,"catboost,catboost_rare,xgboost,xgboost_rare,xgboost_rf"
item_ZIPRASIDONE HCL,0.004727104580274681,0.0006328190016766833,5,"catboost,catboost_rare,xgboost,xgboost_rare,xgboost_rf"
item_TEKTURNA,0.004709303511187461,0.0006304359668659964,5,"catboost,catboost_rare,xgboost,xgboost_rare,xgboost_rf"
item_SYSTANE,0.004679250509882271,0.0006264127619716733,5,"catboost,catboost_rare,xgboost,xgboost_rare,xgboost_rf"
item_ACEBUTOLOL HCL,0.004674804005574702,0.000625817507018227,5,"catboost,catboost_rare,xgboost,xgboost_rare,xgboost_rf"
item_ADACEL,0.00466804084604319,0.0006249121206891895,5,"catboost,catboost_rare,xgboost,xgboost_rare,xgboost_rf"
item_NUEDEXTA,0.004634282267341826,0.0006203928489639636,5,"catboost,catboost_rare,xgboost,xgboost_rare,xgboost_rf"
item_DEXAMETHASONE SODIUM PHOS,0.004623036928640487,0.0006188874318762621,5,"catboost,catboost_rare,xgboost,xgboost_rare,xgboost_rf"
item_FENOFIBRIC ACID DR,0.004622156057060223,0.0006187695093161492,5,"catboost,catboost_rare,xgboost,xgboost_rare,xgboost_rf"
item_XALATAN,0.004621615983798218,0.0006186972095358734,5,"catboost,catboost_rare,xgboost,xgboost_rare,xgboost_rf"
item_SYSTANE BALANCE RESTORATI,0.0046094163007005745,0.0006170640340586822,5,"catboost,catboost_rare,xgboost,xgboost_rare,xgboost_rf"
item_BETIMOL,0.004604206936996063,0.0006163666548738391,5,"catboost,catboost_rare,xgboost,xgboost_rare,xgboost_rf"
item_AMLODIPINE BESYLATE/ATORV,0.004574766948600703,0.000612425514213769,5,"catboost,catboost_rare,xgboost,xgboost_rare,xgboost_rf"
item_HUMULIN N KWIKPEN,0.004551432594479053,0.0006093017367662273,5,"catboost,catboost_rare,xgboost,xgboost_rare,xgboost_rf"
item_RAPAFLO,0.004546313253741162,0.0006086164089847111,5,"catboost,catboost_rare,xgboost,xgboost_rare,xgboost_rf"
item_DUTASTERIDE/TAMSULOSIN HY,0.0045348349584597904,0.0006070798059251515,5,"catboost,catboost_rare,xgboost,xgboost_rare,xgboost_rf"
item_BUTRANS,0.004505996651906459,0.0006032192126056645,5,"catboost,catboost_rare,xgboost,xgboost_rare,xgboost_rf"
item_HALOPERIDOL LACTATE,0.004473415288301073,0.0005988575350417576,5,"catboost,catboost_rare,xgboost,xgboost_rare,xgboost_rf"
item_MINOXIDIL,0.004472390891071152,0.0005987203986570319,5,"catboost,catboost_rare,xgboost,xgboost_rare,xgboost_rf"
item_EXEMESTANE,0.004468750162444874,0.0005982330131516909,5,"catboost,catboost_rare,xgboost,xgboost_rare,xgboost_rf"
item_CALCIPOTRIENE,0.004465484049742025,0.0005977957775998047,5,"catboost,catboost_rare,xgboost,xgboost_rare,xgboost_rf"
item_DESVENLAFAXINE ER,0.004465267068817827,0.0005977667302941015,5,"catboost,catboost_rare,xgboost,xgboost_rare,xgboost_rf"
item_PHENYTOIN,0.004453651216650986,0.0005962117124502997,5,"catboost,catboost_rare,xgboost,xgboost_rare,xgboost_rf"
item_TOBRAMYCIN SULFATE,0.004443638633669079,0.0005948713247649384,5,"catboost,catboost_rare,xgboost,xgboost_rare,xgboost_rf"
item_CLINDAMYCIN PHOSPHATE,0.004415071722962185,0.0005910470632941941,5,"catboost,catboost_rare,xgboost,xgboost_rare,xgboost_rf"
item_METHAZOLAMIDE,0.004413204391111311,0.000590797082982229,5,"catboost,catboost_rare,xgboost,xgboost_rare,xgboost_rf"
item_ASPIRIN EC LOW DOSE,0.004410742945053777,0.0005904675684114472,5,"catboost,catboost_rare,xgboost,xgboost_rare,xgboost_rf"
item_XTANDI,0.004410725943004696,0.0005904652923417002,5,"catboost,catboost_rare,xgboost,xgboost_rare,xgboost_rf"
item_AMILORIDE HCL,0.004402365183303276,0.0005893460347670764,5,"catboost,catboost_rare,xgboost,xgboost_rare,xgboost_rf"
item_SYSTANE ULTRA,0.004391295921980033,0.0005878641892142823,5,"catboost,catboost_rare,xgboost,xgboost_rare,xgboost_rf"
item_TRIAZOLAM,0.004387082207500426,0.000587300097909541,5,"catboost,catboost_rare,xgboost,xgboost_rare,xgboost_rf"
item_PROPYLTHIOURACIL,0.004358274533227373,0.0005834436053432096,5,"catboost,catboost_rare,xgboost,xgboost_rare,xgboost_rf"
item_PROBENECID/COLCHICINE,0.00435554719530958,0.0005830784957440746,5,"catboost,catboost_rare,xgboost,xgboost_rare,xgboost_rf"
item_FLUVASTATIN,0.004354853112984347,0.0005829855787212594,5,"catboost,catboost_rare,xgboost,xgboost_rare,xgboost_rf"
item_DIGITEK,0.004344584310628213,0.0005816108908663429,5,"catboost,catboost_rare,xgboost,xgboost_rare,xgboost_rf"
item_LIVALO,0.00434075608667529,0.0005810984053016713,5,"catboost,catboost_rare,xgboost,xgboost_rare,xgboost_rf"
item_FLECTOR,0.004338102586060137,0.0005807431803258507,5,"catboost,catboost_rare,xgboost,xgboost_rare,xgboost_rf"
item_POTASSIUM CHLORIDE SR,0.004328656125411017,0.0005794785796182,5,"catboost,catboost_rare,xgboost,xgboost_rare,xgboost_rf"
item_DICLOFENAC SODIUM ER,0.004316936473412067,0.0005779096660576833,5,"catboost,catboost_rare,xgboost,xgboost_rare,xgboost_rf"
item_LORAZEPAM INTENSOL,0.004313706709049549,0.0005774772964697398,5,"catboost,catboost_rare,xgboost,xgboost_rare,xgboost_rf"
item_FISH OIL,0.004300508429530501,0.000575710438570309,5,"catboost,catboost_rare,xgboost,xgboost_rare,xgboost_rf"
item_GLIPIZIDE/METFORMIN HYDRO,0.004299845760707024,0.0005756217268830185,5,"catboost,catboost_rare,xgboost,xgboost_rare,xgboost_rf"
item_ACETAZOLAMIDE,0.004293959942445101,0.000574833790510275,5,"catboost,catboost_rare,xgboost,xgboost_rare,xgboost_rf"
item_MI-ACID GAS RELIEF,0.004292920808588586,0.0005746946813286352,5,"catboost,catboost_rare,xgboost,xgboost_rare,xgboost_rf"
item_RISAMINE,0.004284830054253661,0.0005736115694587596,5,"catboost,catboost_rare,xgboost,xgboost_rare,xgboost_rf"
item_WELCHOL,0.004282679618653366,0.0005733236899573354,5,"catboost,catboost_rare,xgboost,xgboost_rare,xgboost_rf"
item_PREDNISOLONE SODIUM PHOSP,0.00427956341965419,0.0005729065234008956,5,"catboost,catboost_rare,xgboost,xgboost_rare,xgboost_rf"
item_OYSTER SHELL CALCIUM,0.004276447915500727,0.0005724894498636736,5,"catboost,catboost_rare,xgboost,xgboost_rare,xgboost_rf"
item_GLYBURIDE/METFORMIN HYDRO,0.004259873206975755,0.0005702705883335896,5,"catboost,catboost_rare,xgboost,xgboost_rare,xgboost_rf"
item_MATZIM LA,0.00425635084877396,0.0005697990491148237,5,"catboost,catboost_rare,xgboost,xgboost_rare,xgboost_rf"
item_OXYCODONE HCL ER,0.00425302322886699,0.0005693535795738546,5,"catboost,catboost_rare,xgboost,xgboost_rare,xgboost_rf"
item_AQUALANCE LANCETS UL,0.004241223915327355,0.0005677740016974142,5,"catboost,catboost_rare,xgboost,xgboost_rare,xgboost_rf"
item_DEMECLOCYCLINE HCL,0.00423857623688932,0.000567419556138306,5,"catboost,catboost_rare,xgboost,xgboost_rare,xgboost_rf"
item_METHYLDOPA,0.004235865025239096,0.000567056605367767,5,"catboost,catboost_rare,xgboost,xgboost_rare,xgboost_rf"
item_CALCIUM + D3,0.004221596936464777,0.0005651465317612562,5,"catboost,catboost_rare,xgboost,xgboost_rare,xgboost_rf"
item_SULFACETAMIDE SODIUM,0.0035823351597807336,0.0004795683533094158,5,"catboost,catboost_rare,xgboost,xgboost_rare,xgboost_rf"
item_ENALAPRIL MALEATE/HYDROCH,0.002957310809145595,0.0003958961436352303,5,"catboost,catboost_rare,xgboost,xgboost_rare,xgboost_rf"
item_AMLODIPINE/OLMESARTAN MED,0.002325890133524221,0.00031136765588988055,5,"catboost,catboost_rare,xgboost,xgboost_rare,xgboost_rf"
item_ZINC SULFATE,0.0022014835837527707,0.00029471331129236054,5,"catboost,catboost_rare,xgboost,xgboost_rare,xgboost_rf"
item_CHOLESTYRAMINE LIGHT,0.0,0.0,5,"catboost,catboost_rare,xgboost,xgboost_rare,xgboost_rf"
