feature,scaled_importance_mean,scaled_importance_std,scaled_importance_count,importance_mean,importance_std,recall_mean,logloss_mean
item_ZYTIGA,0.0,0.0,25,0.0,0.0,0.0,0.5582573798230143
item_3ML LUER-LOK SYRINGE,0.0,0.0,25,0.0,0.0,0.0,0.5582573798230143
item_5 SERIES BLOOD PRESSURE M,0.0,0.0,25,0.0,0.0,0.0,0.5582573798230143
item_ABACAVIR,0.0,0.0,25,0.0,0.0,0.0,0.5582573798230143
item_ABACAVIR SULFATE/LAMIVUDI,0.0,0.0,25,0.0,0.0,0.0,0.5582573798230143
item_ABILIFY,0.0,0.0,25,0.0,0.0,0.0,0.5582573798230143
item_ABILIFY MAINTENA,0.0,0.0,25,0.0,0.0,0.0,0.5582573798230143
item_ACAMPROSATE CALCIUM DR,0.0,0.0,25,0.0,0.0,0.0,0.5582573798230143
item_ACARBOSE,0.0,0.0,25,0.0,0.0,0.0,0.5582573798230143
item_ACCU-CHEK AVIVA,0.0,0.0,25,0.0,0.0,0.0,0.5582573798230143
item_ACCU-CHEK AVIVA PLUS,0.0,0.0,25,0.0,0.0,0.0,0.5582573798230143
item_ACCU-CHEK COMPACT PLUS,0.0,0.0,25,0.0,0.0,0.0,0.5582573798230143
item_ACCU-CHEK FASTCLIX LANCET,0.0,0.0,25,0.0,0.0,0.0,0.5582573798230143
item_ACCU-CHEK GUIDE,0.0,0.0,25,0.0,0.0,0.0,0.5582573798230143
item_ACCU-CHEK MULTICLIX LANCE,0.0,0.0,25,0.0,0.0,0.0,0.5582573798230143
item_VYVANSE,0.0,0.0,25,0.0,0.0,0.0,0.5582573798230143
item_WARFARIN SODIUM,0.0,0.0,25,0.0,0.0,0.0,0.5582573798230143
item_WELCHOL,0.0,0.0,25,0.0,0.0,0.0,0.5582573798230143
item_WELLBUTRIN XL,0.0,0.0,25,0.0,0.0,0.0,0.5582573798230143
item_XALATAN,0.0,0.0,25,0.0,0.0,0.0,0.5582573798230143
item_XANAX,0.0,0.0,25,0.0,0.0,0.0,0.5582573798230143
item_XARELTO,0.0,0.0,25,0.0,0.0,0.0,0.5582573798230143
item_XARELTO STARTER PACK,0.0,0.0,25,0.0,0.0,0.0,0.5582573798230143
item_VITAMIN D3,0.0,0.0,25,0.0,0.0,0.0,0.5582573798230143
item_VITAMIN E,0.0,0.0,25,0.0,0.0,0.0,0.5582573798230143
item_VIVELLE-DOT,0.0,0.0,25,0.0,0.0,0.0,0.5582573798230143
item_VIVOTIF,0.0,0.0,25,0.0,0.0,0.0,0.5582573798230143
item_VOLTAREN,0.0,0.0,25,0.0,0.0,0.0,0.5582573798230143
item_VORICONAZOLE,0.0,0.0,25,0.0,0.0,0.0,0.5582573798230143
item_VOTRIENT,0.0,0.0,25,0.0,0.0,0.0,0.5582573798230143
item_VYTORIN,0.0,0.0,25,0.0,0.0,0.0,0.5582573798230143
item_VIREAD,0.0,0.0,25,0.0,0.0,0.0,0.5582573798230143
item_VIRTUSSIN A/C,0.0,0.0,25,0.0,0.0,0.0,0.5582573798230143
item_VITAMIN B-1,0.0,0.0,25,0.0,0.0,0.0,0.5582573798230143
item_VITAMIN B-12,0.0,0.0,25,0.0,0.0,0.0,0.5582573798230143
item_VITAMIN B-6,0.0,0.0,25,0.0,0.0,0.0,0.5582573798230143
item_VITAMIN C,0.0,0.0,25,0.0,0.0,0.0,0.5582573798230143
item_VITAMIN D,0.0,0.0,25,0.0,0.0,0.0,0.5582573798230143
item_VITAMIN D-1000,0.0,0.0,25,0.0,0.0,0.0,0.5582573798230143
item_VIBERZI,0.0,0.0,25,0.0,0.0,0.0,0.5582573798230143
item_VICODIN,0.0,0.0,25,0.0,0.0,0.0,0.5582573798230143
item_VICODIN ES,0.0,0.0,25,0.0,0.0,0.0,0.5582573798230143
item_VICTOZA,0.0,0.0,25,0.0,0.0,0.0,0.5582573798230143
item_VIGAMOX,0.0,0.0,25,0.0,0.0,0.0,0.5582573798230143
item_VIIBRYD,0.0,0.0,25,0.0,0.0,0.0,0.5582573798230143
item_VIMOVO,0.0,0.0,25,0.0,0.0,0.0,0.5582573798230143
item_VIMPAT,0.0,0.0,25,0.0,0.0,0.0,0.5582573798230143
item_AMITRIPTYLINE HYDROCHLORI,0.0,0.0,25,0.0,0.0,0.0,0.5582573798230143
item_AMLODIPINE BESYLATE,0.0,0.0,25,0.0,0.0,0.0,0.5582573798230143
item_AMLODIPINE BESYLATE/ATORV,0.0,0.0,25,0.0,0.0,0.0,0.5582573798230143
item_AMLODIPINE BESYLATE/BENAZ,0.0,0.0,25,0.0,0.0,0.0,0.5582573798230143
item_AMLODIPINE BESYLATE/VALSA,0.0,0.0,25,0.0,0.0,0.0,0.5582573798230143
item_AMLODIPINE/OLMESARTAN MED,0.0,0.0,25,0.0,0.0,0.0,0.5582573798230143
item_AMLODIPINE/VALSARTAN/HCTZ,0.0,0.0,25,0.0,0.0,0.0,0.5582573798230143
item_AMLODIPINE/VALSARTAN/HYDR,0.0,0.0,25,0.0,0.0,0.0,0.5582573798230143
item_AMANTADINE HCL,0.0,0.0,25,0.0,0.0,0.0,0.5582573798230143
item_AMBIEN,0.0,0.0,25,0.0,0.0,0.0,0.5582573798230143
item_AMILORIDE HCL,0.0,0.0,25,0.0,0.0,0.0,0.5582573798230143
item_AMILORIDE/HYDROCHLOROTHIA,0.0,0.0,25,0.0,0.0,0.0,0.5582573798230143
item_AMIODARONE HCL,0.0,0.0,25,0.0,0.0,0.0,0.5582573798230143
item_AMIODARONE HYDROCHLORIDE,0.0,0.0,25,0.0,0.0,0.0,0.5582573798230143
item_AMITIZA,0.0,0.0,25,0.0,0.0,0.0,0.5582573798230143
item_AMITRIPTYLINE HCL,0.0,0.0,25,0.0,0.0,0.0,0.5582573798230143
item_ALOGLIPTIN,0.0,0.0,25,0.0,0.0,0.0,0.5582573798230143
item_ALPHAGAN P,0.0,0.0,25,0.0,0.0,0.0,0.5582573798230143
item_ALPRAZOLAM,0.0,0.0,25,0.0,0.0,0.0,0.5582573798230143
item_ALPRAZOLAM ER,0.0,0.0,25,0.0,0.0,0.0,0.5582573798230143
item_ALPRAZOLAM XR,0.0,0.0,25,0.0,0.0,0.0,0.5582573798230143
item_ALREX,0.0,0.0,25,0.0,0.0,0.0,0.5582573798230143
item_ALTACE,0.0,0.0,25,0.0,0.0,0.0,0.5582573798230143
item_ALVESCO,0.0,0.0,25,0.0,0.0,0.0,0.5582573798230143
item_ALCOHOL PREP PADS,0.0,0.0,25,0.0,0.0,0.0,0.5582573798230143
item_ALENDRONATE SODIUM,0.0,0.0,25,0.0,0.0,0.0,0.5582573798230143
item_ALFUZOSIN HCL ER,0.0,0.0,25,0.0,0.0,0.0,0.5582573798230143
item_ALL DAY ALLERGY,0.0,0.0,25,0.0,0.0,0.0,0.5582573798230143
item_ALLERGY,0.0,0.0,25,0.0,0.0,0.0,0.5582573798230143
item_ALLERGY NON-DROWSY,0.0,0.0,25,0.0,0.0,0.0,0.5582573798230143
item_ALLERGY RELIEF,0.0,0.0,25,0.0,0.0,0.0,0.5582573798230143
item_ALLOPURINOL,0.0,0.0,25,0.0,0.0,0.0,0.5582573798230143
item_ASACOL HD,0.0,0.0,25,0.0,0.0,0.0,0.5582573798230143
item_ASCOMP/CODEINE,0.0,0.0,25,0.0,0.0,0.0,0.5582573798230143
item_ASMANEX HFA,0.0,0.0,25,0.0,0.0,0.0,0.5582573798230143
item_ASMANEX TWISTHALER 120 ME,0.0,0.0,25,0.0,0.0,0.0,0.5582573798230143
item_ASMANEX TWISTHALER 30 MET,0.0,0.0,25,0.0,0.0,0.0,0.5582573798230143
item_ASMANEX TWISTHALER 60 MET,0.0,0.0,25,0.0,0.0,0.0,0.5582573798230143
item_ASPIR-LOW,0.0,0.0,25,0.0,0.0,0.0,0.5582573798230143
item_ASPIRIN,0.0,0.0,25,0.0,0.0,0.0,0.5582573798230143
item_APIDRA SOLOSTAR,0.0,0.0,25,0.0,0.0,0.0,0.5582573798230143
item_APRISO,0.0,0.0,25,0.0,0.0,0.0,0.5582573798230143
item_AQUALANCE LANCETS UL,0.0,0.0,25,0.0,0.0,0.0,0.5582573798230143
item_ARIPIPRAZOLE,0.0,0.0,25,0.0,0.0,0.0,0.5582573798230143
item_ARMODAFINIL,0.0,0.0,25,0.0,0.0,0.0,0.5582573798230143
item_ARMOUR THYROID,0.0,0.0,25,0.0,0.0,0.0,0.5582573798230143
item_ARNUITY ELLIPTA,0.0,0.0,25,0.0,0.0,0.0,0.5582573798230143
item_ARTIFICIAL TEARS,0.0,0.0,25,0.0,0.0,0.0,0.5582573798230143
item_ANDRODERM,0.0,0.0,25,0.0,0.0,0.0,0.5582573798230143
item_ANDROGEL,0.0,0.0,25,0.0,0.0,0.0,0.5582573798230143
item_ANDROGEL PUMP,0.0,0.0,25,0.0,0.0,0.0,0.5582573798230143
item_ANORO ELLIPTA,0.0,0.0,25,0.0,0.0,0.0,0.5582573798230143
item_ANTI-DIARRHEAL,0.0,0.0,25,0.0,0.0,0.0,0.5582573798230143
item_ANUCORT-HC,0.0,0.0,25,0.0,0.0,0.0,0.5582573798230143
item_ANUSOL-HC,0.0,0.0,25,0.0,0.0,0.0,0.5582573798230143
item_APIDRA,0.0,0.0,25,0.0,0.0,0.0,0.5582573798230143
item_AMMONIUM LACTATE,0.0,0.0,25,0.0,0.0,0.0,0.5582573798230143
item_AMOXICILLIN,0.0,0.0,25,0.0,0.0,0.0,0.5582573798230143
item_AMOXICILLIN/CLAVULANATE P,0.0,0.0,25,0.0,0.0,0.0,0.5582573798230143
item_AMPHETAMINE/DEXTROAMPHETA,0.0,0.0,25,0.0,0.0,0.0,0.5582573798230143
item_AMPICILLIN,0.0,0.0,25,0.0,0.0,0.0,0.5582573798230143
item_AMPYRA,0.0,0.0,25,0.0,0.0,0.0,0.5582573798230143
item_ANAGRELIDE HYDROCHLORIDE,0.0,0.0,25,0.0,0.0,0.0,0.5582573798230143
item_ANASTROZOLE,0.0,0.0,25,0.0,0.0,0.0,0.5582573798230143
item_AVONEX,0.0,0.0,25,0.0,0.0,0.0,0.5582573798230143
item_AVONEX PEN,0.0,0.0,25,0.0,0.0,0.0,0.5582573798230143
item_AXIRON,0.0,0.0,25,0.0,0.0,0.0,0.5582573798230143
item_AZASITE,0.0,0.0,25,0.0,0.0,0.0,0.5582573798230143
item_AZATHIOPRINE,0.0,0.0,25,0.0,0.0,0.0,0.5582573798230143
item_AZELASTINE HCL,0.0,0.0,25,0.0,0.0,0.0,0.5582573798230143
item_AZELASTINE HYDROCHLORIDE,0.0,0.0,25,0.0,0.0,0.0,0.5582573798230143
item_AZELEX,0.0,0.0,25,0.0,0.0,0.0,0.5582573798230143
item_ATOVAQUONE/PROGUANIL HCL,0.0,0.0,25,0.0,0.0,0.0,0.5582573798230143
item_ATRIPLA,0.0,0.0,25,0.0,0.0,0.0,0.5582573798230143
item_ATROPINE SULFATE,0.0,0.0,25,0.0,0.0,0.0,0.5582573798230143
item_ATROVENT HFA,0.0,0.0,25,0.0,0.0,0.0,0.5582573798230143
item_AUBAGIO,0.0,0.0,25,0.0,0.0,0.0,0.5582573798230143
item_AUGMENTED BETAMETHASONE D,0.0,0.0,25,0.0,0.0,0.0,0.5582573798230143
item_AURYXIA,0.0,0.0,25,0.0,0.0,0.0,0.5582573798230143
item_AVODART,0.0,0.0,25,0.0,0.0,0.0,0.5582573798230143
item_ASPIRIN/DIPYRIDAMOLE,0.0,0.0,25,0.0,0.0,0.0,0.5582573798230143
item_ATACAND,0.0,0.0,25,0.0,0.0,0.0,0.5582573798230143
item_ATAZANAVIR SULFATE,0.0,0.0,25,0.0,0.0,0.0,0.5582573798230143
item_ATENOLOL,0.0,0.0,25,0.0,0.0,0.0,0.5582573798230143
item_ATENOLOL/CHLORTHALIDONE,0.0,0.0,25,0.0,0.0,0.0,0.5582573798230143
item_ATOMOXETINE,0.0,0.0,25,0.0,0.0,0.0,0.5582573798230143
item_ATORVASTATIN CALCIUM,0.0,0.0,25,0.0,0.0,0.0,0.5582573798230143
item_ATOVAQUONE,0.0,0.0,25,0.0,0.0,0.0,0.5582573798230143
item_ASPIRIN 81 LOW DOSE,0.0,0.0,25,0.0,0.0,0.0,0.5582573798230143
item_ASPIRIN ADULT LOW DOSE,0.0,0.0,25,0.0,0.0,0.0,0.5582573798230143
item_ASPIRIN ADULT LOW STRENGT,0.0,0.0,25,0.0,0.0,0.0,0.5582573798230143
item_ASPIRIN EC,0.0,0.0,25,0.0,0.0,0.0,0.5582573798230143
item_ASPIRIN EC LOW DOSE,0.0,0.0,25,0.0,0.0,0.0,0.5582573798230143
item_ASPIRIN ENTERIC COATED AD,0.0,0.0,25,0.0,0.0,0.0,0.5582573798230143
item_ASPIRIN LOW DOSE,0.0,0.0,25,0.0,0.0,0.0,0.5582573798230143
item_ASPIRIN LOW STRENGTH,0.0,0.0,25,0.0,0.0,0.0,0.5582573798230143
item_BD PEN NEEDLE/NANO/ULTRA,0.0,0.0,25,0.0,0.0,0.0,0.5582573798230143
item_BD PEN NEEDLE/ORIGINAL/UL,0.0,0.0,25,0.0,0.0,0.0,0.5582573798230143
item_BD PEN NEEDLE/SHORT/ULTRA,0.0,0.0,25,0.0,0.0,0.0,0.5582573798230143
item_BD SWABS SINGLE USE,0.0,0.0,25,0.0,0.0,0.0,0.5582573798230143
item_BD VEO INSULIN SYRINGE UL,0.0,0.0,25,0.0,0.0,0.0,0.5582573798230143
item_BELSOMRA,0.0,0.0,25,0.0,0.0,0.0,0.5582573798230143
item_BENAZEPRIL HCL,0.0,0.0,25,0.0,0.0,0.0,0.5582573798230143
item_BENAZEPRIL HCL/HYDROCHLOR,0.0,0.0,25,0.0,0.0,0.0,0.5582573798230143
item_BD AUTOSHIELD DUO 30G X 5,0.0,0.0,25,0.0,0.0,0.0,0.5582573798230143
item_BD INSULIN SYRINGE MICROF,0.0,0.0,25,0.0,0.0,0.0,0.5582573798230143
item_BD INSULIN SYRINGE SAFETY,0.0,0.0,25,0.0,0.0,0.0,0.5582573798230143
item_BD INSULIN SYRINGE ULTRA-,0.0,0.0,25,0.0,0.0,0.0,0.5582573798230143
item_BD INSULIN SYRINGE ULTRAF,0.0,0.0,25,0.0,0.0,0.0,0.5582573798230143
item_BD INSULIN SYRINGE/DETACH,0.0,0.0,25,0.0,0.0,0.0,0.5582573798230143
item_BD PEN NEEDLE/MICRO/ULTRA,0.0,0.0,25,0.0,0.0,0.0,0.5582573798230143
item_BD PEN NEEDLE/MINI/ULTRA-,0.0,0.0,25,0.0,0.0,0.0,0.5582573798230143
item_BACITRACIN/POLYMYXIN B,0.0,0.0,25,0.0,0.0,0.0,0.5582573798230143
item_BACLOFEN,0.0,0.0,25,0.0,0.0,0.0,0.5582573798230143
item_BALSALAZIDE DISODIUM,0.0,0.0,25,0.0,0.0,0.0,0.5582573798230143
item_BANOPHEN,0.0,0.0,25,0.0,0.0,0.0,0.5582573798230143
item_BANZEL,0.0,0.0,25,0.0,0.0,0.0,0.5582573798230143
item_BASAGLAR KWIKPEN,0.0,0.0,25,0.0,0.0,0.0,0.5582573798230143
item_BAYER MICROLET LANCETS,0.0,0.0,25,0.0,0.0,0.0,0.5582573798230143
item_BD 3ML LUER-LOK SYRINGE/2,0.0,0.0,25,0.0,0.0,0.0,0.5582573798230143
item_AZILECT,0.0,0.0,25,0.0,0.0,0.0,0.5582573798230143
item_AZITHROMYCIN,0.0,0.0,25,0.0,0.0,0.0,0.5582573798230143
item_AZOPT,0.0,0.0,25,0.0,0.0,0.0,0.5582573798230143
item_AZOR,0.0,0.0,25,0.0,0.0,0.0,0.5582573798230143
item_B-12,0.0,0.0,25,0.0,0.0,0.0,0.5582573798230143
item_BAC,0.0,0.0,25,0.0,0.0,0.0,0.5582573798230143
item_BACITRACIN,0.0,0.0,25,0.0,0.0,0.0,0.5582573798230143
item_BACITRACIN ZINC,0.0,0.0,25,0.0,0.0,0.0,0.5582573798230143
item_BRILINTA,0.0,0.0,25,0.0,0.0,0.0,0.5582573798230143
item_BRIMONIDINE TARTRATE,0.0,0.0,25,0.0,0.0,0.0,0.5582573798230143
item_BRINTELLIX,0.0,0.0,25,0.0,0.0,0.0,0.5582573798230143
item_BROMFENAC,0.0,0.0,25,0.0,0.0,0.0,0.5582573798230143
item_BROMOCRIPTINE MESYLATE,0.0,0.0,25,0.0,0.0,0.0,0.5582573798230143
item_BROMPHEN/PSEUDOEPHEDRINE,0.0,0.0,25,0.0,0.0,0.0,0.5582573798230143
item_BROMSITE,0.0,0.0,25,0.0,0.0,0.0,0.5582573798230143
item_BROVANA,0.0,0.0,25,0.0,0.0,0.0,0.5582573798230143
item_BIMATOPROST,0.0,0.0,25,0.0,0.0,0.0,0.5582573798230143
item_BISACODYL EC,0.0,0.0,25,0.0,0.0,0.0,0.5582573798230143
item_BISOPROLOL FUMARATE,0.0,0.0,25,0.0,0.0,0.0,0.5582573798230143
item_BISOPROLOL FUMARATE/HYDRO,0.0,0.0,25,0.0,0.0,0.0,0.5582573798230143
item_BOOSTRIX,0.0,0.0,25,0.0,0.0,0.0,0.5582573798230143
item_BOTOX,0.0,0.0,25,0.0,0.0,0.0,0.5582573798230143
item_BREEZE 2 TEST DISC,0.0,0.0,25,0.0,0.0,0.0,0.5582573798230143
item_BREO ELLIPTA,0.0,0.0,25,0.0,0.0,0.0,0.5582573798230143
item_BETAMETHASONE VALERATE,0.0,0.0,25,0.0,0.0,0.0,0.5582573798230143
item_BETASERON,0.0,0.0,25,0.0,0.0,0.0,0.5582573798230143
item_BETAXOLOL HCL,0.0,0.0,25,0.0,0.0,0.0,0.5582573798230143
item_BETHANECHOL CHLORIDE,0.0,0.0,25,0.0,0.0,0.0,0.5582573798230143
item_BETIMOL,0.0,0.0,25,0.0,0.0,0.0,0.5582573798230143
item_BEVESPI AEROSPHERE,0.0,0.0,25,0.0,0.0,0.0,0.5582573798230143
item_BICALUTAMIDE,0.0,0.0,25,0.0,0.0,0.0,0.5582573798230143
item_BIDIL,0.0,0.0,25,0.0,0.0,0.0,0.5582573798230143
item_BENAZEPRIL HYDROCHLORIDE,0.0,0.0,25,0.0,0.0,0.0,0.5582573798230143
item_BENICAR,0.0,0.0,25,0.0,0.0,0.0,0.5582573798230143
item_BENICAR HCT,0.0,0.0,25,0.0,0.0,0.0,0.5582573798230143
item_BENZONATATE,0.0,0.0,25,0.0,0.0,0.0,0.5582573798230143
item_BENZTROPINE MESYLATE,0.0,0.0,25,0.0,0.0,0.0,0.5582573798230143
item_BEPREVE,0.0,0.0,25,0.0,0.0,0.0,0.5582573798230143
item_BESIVANCE,0.0,0.0,25,0.0,0.0,0.0,0.5582573798230143
item_BETAMETHASONE DIPROPIONAT,0.0,0.0,25,0.0,0.0,0.0,0.5582573798230143
item_CALCITONIN SALMON,0.0,0.0,25,0.0,0.0,0.0,0.5582573798230143
item_CALCITONIN-SALMON,0.0,0.0,25,0.0,0.0,0.0,0.5582573798230143
item_CALCITRATE,0.0,0.0,25,0.0,0.0,0.0,0.5582573798230143
item_CALCITRIOL,0.0,0.0,25,0.0,0.0,0.0,0.5582573798230143
item_CALCIUM,0.0,0.0,25,0.0,0.0,0.0,0.5582573798230143
item_CALCIUM + D3,0.0,0.0,25,0.0,0.0,0.0,0.5582573798230143
item_CALCIUM ACETATE,0.0,0.0,25,0.0,0.0,0.0,0.5582573798230143
item_CALCIUM ANTACID,0.0,0.0,25,0.0,0.0,0.0,0.5582573798230143
item_BYDUREON,0.0,0.0,25,0.0,0.0,0.0,0.5582573798230143
item_BYDUREON BCISE,0.0,0.0,25,0.0,0.0,0.0,0.5582573798230143
item_BYDUREON PEN,0.0,0.0,25,0.0,0.0,0.0,0.5582573798230143
item_BYETTA,0.0,0.0,25,0.0,0.0,0.0,0.5582573798230143
item_BYSTOLIC,0.0,0.0,25,0.0,0.0,0.0,0.5582573798230143
item_CABERGOLINE,0.0,0.0,25,0.0,0.0,0.0,0.5582573798230143
item_CALCIPOTRIENE,0.0,0.0,25,0.0,0.0,0.0,0.5582573798230143
item_CALCIPOTRIENE/BETAMETHASO,0.0,0.0,25,0.0,0.0,0.0,0.5582573798230143
item_BUPROPION HYDROCHLORIDE E,0.0,0.0,25,0.0,0.0,0.0,0.5582573798230143
item_BUSPIRONE HCL,0.0,0.0,25,0.0,0.0,0.0,0.5582573798230143
item_BUSPIRONE HYDROCHLORIDE,0.0,0.0,25,0.0,0.0,0.0,0.5582573798230143
item_BUTALBITAL/ACETAMINOPHEN,0.0,0.0,25,0.0,0.0,0.0,0.5582573798230143
item_BUTALBITAL/ACETAMINOPHEN/,0.0,0.0,25,0.0,0.0,0.0,0.5582573798230143
item_BUTALBITAL/ASPIRIN/CAFFEI,0.0,0.0,25,0.0,0.0,0.0,0.5582573798230143
item_BUTORPHANOL TARTRATE,0.0,0.0,25,0.0,0.0,0.0,0.5582573798230143
item_BUTRANS,0.0,0.0,25,0.0,0.0,0.0,0.5582573798230143
item_BUDESONIDE,0.0,0.0,25,0.0,0.0,0.0,0.5582573798230143
item_BUDESONIDE NASAL SPRAY,0.0,0.0,25,0.0,0.0,0.0,0.5582573798230143
item_BUMETANIDE,0.0,0.0,25,0.0,0.0,0.0,0.5582573798230143
item_BUPRENORPHINE,0.0,0.0,25,0.0,0.0,0.0,0.5582573798230143
item_BUPRENORPHINE HCL/NALOXON,0.0,0.0,25,0.0,0.0,0.0,0.5582573798230143
item_BUPROPION HCL,0.0,0.0,25,0.0,0.0,0.0,0.5582573798230143
item_BUPROPION HCL XL,0.0,0.0,25,0.0,0.0,0.0,0.5582573798230143
item_BUPROPION HYDROCHLORIDE,0.0,0.0,25,0.0,0.0,0.0,0.5582573798230143
item_CEFEPIME,0.0,0.0,25,0.0,0.0,0.0,0.5582573798230143
item_CEFPODOXIME PROXETIL,0.0,0.0,25,0.0,0.0,0.0,0.5582573798230143
item_CEFPROZIL,0.0,0.0,25,0.0,0.0,0.0,0.5582573798230143
item_CEFTRIAXONE SODIUM,0.0,0.0,25,0.0,0.0,0.0,0.5582573798230143
item_CEFUROXIME AXETIL,0.0,0.0,25,0.0,0.0,0.0,0.5582573798230143
item_CELEBREX,0.0,0.0,25,0.0,0.0,0.0,0.5582573798230143
item_CELECOXIB,0.0,0.0,25,0.0,0.0,0.0,0.5582573798230143
item_CEPHALEXIN,0.0,0.0,25,0.0,0.0,0.0,0.5582573798230143
item_CAREONE UNIFINE PENTIPS P,0.0,0.0,25,0.0,0.0,0.0,0.5582573798230143
item_CARISOPRODOL,0.0,0.0,25,0.0,0.0,0.0,0.5582573798230143
item_CARTIA XT,0.0,0.0,25,0.0,0.0,0.0,0.5582573798230143
item_CARVEDILOL,0.0,0.0,25,0.0,0.0,0.0,0.5582573798230143
item_CARVEDILOL PHOSPHATE,0.0,0.0,25,0.0,0.0,0.0,0.5582573798230143
item_CEFADROXIL,0.0,0.0,25,0.0,0.0,0.0,0.5582573798230143
item_CEFAZOLIN SODIUM,0.0,0.0,25,0.0,0.0,0.0,0.5582573798230143
item_CEFDINIR,0.0,0.0,25,0.0,0.0,0.0,0.5582573798230143
item_CARAFATE,0.0,0.0,25,0.0,0.0,0.0,0.5582573798230143
item_CARBAMAZEPINE,0.0,0.0,25,0.0,0.0,0.0,0.5582573798230143
item_CARBAMAZEPINE ER,0.0,0.0,25,0.0,0.0,0.0,0.5582573798230143
item_CARBIDOPA/LEVODOPA,0.0,0.0,25,0.0,0.0,0.0,0.5582573798230143
item_CARBIDOPA/LEVODOPA ER,0.0,0.0,25,0.0,0.0,0.0,0.5582573798230143
item_CARBIDOPA/LEVODOPA ODT,0.0,0.0,25,0.0,0.0,0.0,0.5582573798230143
item_CARBIDOPA/LEVODOPA/ENTACA,0.0,0.0,25,0.0,0.0,0.0,0.5582573798230143
item_CARDIZEM LA,0.0,0.0,25,0.0,0.0,0.0,0.5582573798230143
item_CALCIUM CARBONATE,0.0,0.0,25,0.0,0.0,0.0,0.5582573798230143
item_CALCIUM/VITAMIN D,0.0,0.0,25,0.0,0.0,0.0,0.5582573798230143
item_CANASA,0.0,0.0,25,0.0,0.0,0.0,0.5582573798230143
item_CANDESARTAN CILEXETIL,0.0,0.0,25,0.0,0.0,0.0,0.5582573798230143
item_CANDESARTAN CILEXETIL/HYD,0.0,0.0,25,0.0,0.0,0.0,0.5582573798230143
item_CAPECITABINE,0.0,0.0,25,0.0,0.0,0.0,0.5582573798230143
item_CAPTOPRIL,0.0,0.0,25,0.0,0.0,0.0,0.5582573798230143
item_CAPTOPRIL/HYDROCHLOROTHIA,0.0,0.0,25,0.0,0.0,0.0,0.5582573798230143
item_CIPRO HC,0.0,0.0,25,0.0,0.0,0.0,0.5582573798230143
item_CIPRODEX,0.0,0.0,25,0.0,0.0,0.0,0.5582573798230143
item_CIPROFLOXACIN HCL,0.0,0.0,25,0.0,0.0,0.0,0.5582573798230143
item_CIPROFLOXACIN HYDROCHLORI,0.0,0.0,25,0.0,0.0,0.0,0.5582573798230143
item_CITALOPRAM,0.0,0.0,25,0.0,0.0,0.0,0.5582573798230143
item_CITALOPRAM HYDROBROMIDE,0.0,0.0,25,0.0,0.0,0.0,0.5582573798230143
item_CLARITHROMYCIN,0.0,0.0,25,0.0,0.0,0.0,0.5582573798230143
item_CLARITHROMYCIN ER,0.0,0.0,25,0.0,0.0,0.0,0.5582573798230143
item_CHOLESTYRAMINE,0.0,0.0,25,0.0,0.0,0.0,0.5582573798230143
item_CHOLESTYRAMINE LIGHT,0.0,0.0,25,0.0,0.0,0.0,0.5582573798230143
item_CIALIS,0.0,0.0,25,0.0,0.0,0.0,0.5582573798230143
item_CICLOPIROX,0.0,0.0,25,0.0,0.0,0.0,0.5582573798230143
item_CICLOPIROX NAIL LACQUER,0.0,0.0,25,0.0,0.0,0.0,0.5582573798230143
item_CICLOPIROX OLAMINE,0.0,0.0,25,0.0,0.0,0.0,0.5582573798230143
item_CILOSTAZOL,0.0,0.0,25,0.0,0.0,0.0,0.5582573798230143
item_CIMETIDINE,0.0,0.0,25,0.0,0.0,0.0,0.5582573798230143
item_CHERATUSSIN AC,0.0,0.0,25,0.0,0.0,0.0,0.5582573798230143
item_CHLORDIAZEPOXIDE HCL,0.0,0.0,25,0.0,0.0,0.0,0.5582573798230143
item_CHLORDIAZEPOXIDE HCL/CLID,0.0,0.0,25,0.0,0.0,0.0,0.5582573798230143
item_CHLORDIAZEPOXIDE HYDROCHL,0.0,0.0,25,0.0,0.0,0.0,0.5582573798230143
item_CHLORHEXIDINE GLUCONATE,0.0,0.0,25,0.0,0.0,0.0,0.5582573798230143
item_CHLORPROMAZINE HCL,0.0,0.0,25,0.0,0.0,0.0,0.5582573798230143
item_CHLORTHALIDONE,0.0,0.0,25,0.0,0.0,0.0,0.5582573798230143
item_CHLORZOXAZONE,0.0,0.0,25,0.0,0.0,0.0,0.5582573798230143
item_CERTAVITE SENIOR/ANTIOXID,0.0,0.0,25,0.0,0.0,0.0,0.5582573798230143
item_CERTAVITE/ANTIOXIDANTS,0.0,0.0,25,0.0,0.0,0.0,0.5582573798230143
item_CETIRIZINE HCL,0.0,0.0,25,0.0,0.0,0.0,0.5582573798230143
item_CETIRIZINE HYDROCHLORIDE,0.0,0.0,25,0.0,0.0,0.0,0.5582573798230143
item_CEVIMELINE HYDROCHLORIDE,0.0,0.0,25,0.0,0.0,0.0,0.5582573798230143
item_CHANTIX,0.0,0.0,25,0.0,0.0,0.0,0.5582573798230143
item_CHANTIX CONTINUING MONTH,0.0,0.0,25,0.0,0.0,0.0,0.5582573798230143
item_CHANTIX STARTING MONTH PA,0.0,0.0,25,0.0,0.0,0.0,0.5582573798230143
item_COLCRYS,0.0,0.0,25,0.0,0.0,0.0,0.5582573798230143
item_COLESEVELAM HYDROCHLORIDE,0.0,0.0,25,0.0,0.0,0.0,0.5582573798230143
item_COLESTIPOL HCL,0.0,0.0,25,0.0,0.0,0.0,0.5582573798230143
item_COMBIGAN,0.0,0.0,25,0.0,0.0,0.0,0.5582573798230143
item_COMBIPATCH,0.0,0.0,25,0.0,0.0,0.0,0.5582573798230143
item_COMBIVENT RESPIMAT,0.0,0.0,25,0.0,0.0,0.0,0.5582573798230143
item_COMFORT ASSIST INSULIN SY,0.0,0.0,25,0.0,0.0,0.0,0.5582573798230143
item_CONSTULOSE,0.0,0.0,25,0.0,0.0,0.0,0.5582573798230143
item_CLOPIDOGREL,0.0,0.0,25,0.0,0.0,0.0,0.5582573798230143
item_CLORAZEPATE DIPOTASSIUM,0.0,0.0,25,0.0,0.0,0.0,0.5582573798230143
item_CLOTRIMAZOLE,0.0,0.0,25,0.0,0.0,0.0,0.5582573798230143
item_CLOTRIMAZOLE/BETAMETHASON,0.0,0.0,25,0.0,0.0,0.0,0.5582573798230143
item_CLOZAPINE,0.0,0.0,25,0.0,0.0,0.0,0.5582573798230143
item_CODEINE SULFATE,0.0,0.0,25,0.0,0.0,0.0,0.5582573798230143
item_CODEINE/GUAIFENESIN,0.0,0.0,25,0.0,0.0,0.0,0.5582573798230143
item_COLCHICINE,0.0,0.0,25,0.0,0.0,0.0,0.5582573798230143
item_CLOBETASOL PROPIONATE,0.0,0.0,25,0.0,0.0,0.0,0.5582573798230143
item_CLOBETASOL PROPIONATE E,0.0,0.0,25,0.0,0.0,0.0,0.5582573798230143
item_CLOBETASOL PROPIONATE EMO,0.0,0.0,25,0.0,0.0,0.0,0.5582573798230143
item_CLOMIPRAMINE HCL,0.0,0.0,25,0.0,0.0,0.0,0.5582573798230143
item_CLONAZEPAM,0.0,0.0,25,0.0,0.0,0.0,0.5582573798230143
item_CLONAZEPAM ODT,0.0,0.0,25,0.0,0.0,0.0,0.5582573798230143
item_CLONIDINE HCL,0.0,0.0,25,0.0,0.0,0.0,0.5582573798230143
item_CLONIDINE HYDROCHLORIDE,0.0,0.0,25,0.0,0.0,0.0,0.5582573798230143
item_CLENPIQ,0.0,0.0,25,0.0,0.0,0.0,0.5582573798230143
item_CLEVER CHOICE COMFORT EZ,0.0,0.0,25,0.0,0.0,0.0,0.5582573798230143
item_CLICKFINE PEN NEEDLE UNIV,0.0,0.0,25,0.0,0.0,0.0,0.5582573798230143
item_CLIMARA,0.0,0.0,25,0.0,0.0,0.0,0.5582573798230143
item_CLIMARA PRO,0.0,0.0,25,0.0,0.0,0.0,0.5582573798230143
item_CLINDAMYCIN HCL,0.0,0.0,25,0.0,0.0,0.0,0.5582573798230143
item_CLINDAMYCIN HYDROCHLORIDE,0.0,0.0,25,0.0,0.0,0.0,0.5582573798230143
item_CLINDAMYCIN PHOSPHATE,0.0,0.0,25,0.0,0.0,0.0,0.5582573798230143
item_CVS STOOL SOFTENER,0.0,0.0,25,0.0,0.0,0.0,0.5582573798230143
item_CVS VITAMIN D3,0.0,0.0,25,0.0,0.0,0.0,0.5582573798230143
item_CYANOCOBALAMIN,0.0,0.0,25,0.0,0.0,0.0,0.5582573798230143
item_CYCLOBENZAPRINE HYDROCHLO,0.0,0.0,25,0.0,0.0,0.0,0.5582573798230143
item_CYCLOPENTOLATE HCL,0.0,0.0,25,0.0,0.0,0.0,0.5582573798230143
item_CYCLOPENTOLATE HYDROCHLOR,0.0,0.0,25,0.0,0.0,0.0,0.5582573798230143
item_CYCLOSPORINE,0.0,0.0,25,0.0,0.0,0.0,0.5582573798230143
item_CYCLOSPORINE MODIFIED,0.0,0.0,25,0.0,0.0,0.0,0.5582573798230143
item_CVS ALLERGY,0.0,0.0,25,0.0,0.0,0.0,0.5582573798230143
item_CVS ALLERGY RELIEF,0.0,0.0,25,0.0,0.0,0.0,0.5582573798230143
item_CVS ASPIRIN,0.0,0.0,25,0.0,0.0,0.0,0.5582573798230143
item_CVS ASPIRIN ADULT LOW DOS,0.0,0.0,25,0.0,0.0,0.0,0.5582573798230143
item_CVS ASPIRIN LOW DOSE,0.0,0.0,25,0.0,0.0,0.0,0.5582573798230143
item_CVS D3,0.0,0.0,25,0.0,0.0,0.0,0.5582573798230143
item_CVS FLUTICASONE PROPRIONA,0.0,0.0,25,0.0,0.0,0.0,0.5582573798230143
item_CVS PAIN RELIEF EXTRA STR,0.0,0.0,25,0.0,0.0,0.0,0.5582573798230143
item_COSOPT PF,0.0,0.0,25,0.0,0.0,0.0,0.5582573798230143
item_COUMADIN,0.0,0.0,25,0.0,0.0,0.0,0.5582573798230143
item_COZAAR,0.0,0.0,25,0.0,0.0,0.0,0.5582573798230143
item_CREON,0.0,0.0,25,0.0,0.0,0.0,0.5582573798230143
item_CRESTOR,0.0,0.0,25,0.0,0.0,0.0,0.5582573798230143
item_CROMOLYN SODIUM,0.0,0.0,25,0.0,0.0,0.0,0.5582573798230143
item_CULTURELLE DIGESTIVE HEAL,0.0,0.0,25,0.0,0.0,0.0,0.5582573798230143
item_CVS ACETAMINOPHEN,0.0,0.0,25,0.0,0.0,0.0,0.5582573798230143
item_CONTOUR BLOOD GLUCOSE TES,0.0,0.0,25,0.0,0.0,0.0,0.5582573798230143
item_CONTOUR NEXT BLOOD GLUCOS,0.0,0.0,25,0.0,0.0,0.0,0.5582573798230143
item_CONTRAVE,0.0,0.0,25,0.0,0.0,0.0,0.5582573798230143
item_COPAXONE,0.0,0.0,25,0.0,0.0,0.0,0.5582573798230143
item_COREG,0.0,0.0,25,0.0,0.0,0.0,0.5582573798230143
item_COREG CR,0.0,0.0,25,0.0,0.0,0.0,0.5582573798230143
item_CORLANOR,0.0,0.0,25,0.0,0.0,0.0,0.5582573798230143
item_COSENTYX SENSOREADY PEN,0.0,0.0,25,0.0,0.0,0.0,0.5582573798230143
item_DEXTROAMPHETAMINE SULFATE,0.0,0.0,25,0.0,0.0,0.0,0.5582573798230143
item_DEXTROSE 5%/NACL 0.45%,0.0,0.0,25,0.0,0.0,0.0,0.5582573798230143
item_DEXTROSE 70%,0.0,0.0,25,0.0,0.0,0.0,0.5582573798230143
item_DIAZEPAM,0.0,0.0,25,0.0,0.0,0.0,0.5582573798230143
item_DICLOFENAC POTASSIUM,0.0,0.0,25,0.0,0.0,0.0,0.5582573798230143
item_DICLOFENAC SODIUM,0.0,0.0,25,0.0,0.0,0.0,0.5582573798230143
item_DICLOFENAC SODIUM DR,0.0,0.0,25,0.0,0.0,0.0,0.5582573798230143
item_DICLOFENAC SODIUM ER,0.0,0.0,25,0.0,0.0,0.0,0.5582573798230143
item_DESLORATADINE,0.0,0.0,25,0.0,0.0,0.0,0.5582573798230143
item_DESMOPRESSIN ACETATE,0.0,0.0,25,0.0,0.0,0.0,0.5582573798230143
item_DESONIDE,0.0,0.0,25,0.0,0.0,0.0,0.5582573798230143
item_DESOXIMETASONE,0.0,0.0,25,0.0,0.0,0.0,0.5582573798230143
item_DESVENLAFAXINE ER,0.0,0.0,25,0.0,0.0,0.0,0.5582573798230143
item_DEXAMETHASONE,0.0,0.0,25,0.0,0.0,0.0,0.5582573798230143
item_DEXAMETHASONE SODIUM PHOS,0.0,0.0,25,0.0,0.0,0.0,0.5582573798230143
item_DEXILANT,0.0,0.0,25,0.0,0.0,0.0,0.5582573798230143
item_DARIFENACIN HYDROBROMIDE,0.0,0.0,25,0.0,0.0,0.0,0.5582573798230143
item_DELZICOL,0.0,0.0,25,0.0,0.0,0.0,0.5582573798230143
item_DENAVIR,0.0,0.0,25,0.0,0.0,0.0,0.5582573798230143
item_DENTA 5000 PLUS,0.0,0.0,25,0.0,0.0,0.0,0.5582573798230143
item_DENTAGEL,0.0,0.0,25,0.0,0.0,0.0,0.5582573798230143
item_DEPO-TESTOSTERONE,0.0,0.0,25,0.0,0.0,0.0,0.5582573798230143
item_DESCOVY,0.0,0.0,25,0.0,0.0,0.0,0.5582573798230143
item_DESIPRAMINE HCL,0.0,0.0,25,0.0,0.0,0.0,0.5582573798230143
item_CYMBALTA,0.0,0.0,25,0.0,0.0,0.0,0.5582573798230143
item_CYPROHEPTADINE HYDROCHLOR,0.0,0.0,25,0.0,0.0,0.0,0.5582573798230143
item_CYTOMEL,0.0,0.0,25,0.0,0.0,0.0,0.5582573798230143
item_D3,0.0,0.0,25,0.0,0.0,0.0,0.5582573798230143
item_D3-50,0.0,0.0,25,0.0,0.0,0.0,0.5582573798230143
item_DALIRESP,0.0,0.0,25,0.0,0.0,0.0,0.5582573798230143
item_DANTROLENE SODIUM,0.0,0.0,25,0.0,0.0,0.0,0.5582573798230143
item_DAPSONE,0.0,0.0,25,0.0,0.0,0.0,0.5582573798230143
item_DIVIGEL,0.0,0.0,25,0.0,0.0,0.0,0.5582573798230143
item_DOCQLACE,0.0,0.0,25,0.0,0.0,0.0,0.5582573798230143
item_DOCUSATE SODIUM,0.0,0.0,25,0.0,0.0,0.0,0.5582573798230143
item_DOCUSATE SODIUM & SENNA S,0.0,0.0,25,0.0,0.0,0.0,0.5582573798230143
item_DOFETILIDE,0.0,0.0,25,0.0,0.0,0.0,0.5582573798230143
item_DOK,0.0,0.0,25,0.0,0.0,0.0,0.5582573798230143
item_DONEPEZIL HCL,0.0,0.0,25,0.0,0.0,0.0,0.5582573798230143
item_DONEPEZIL HYDROCHLORIDE,0.0,0.0,25,0.0,0.0,0.0,0.5582573798230143
item_DIPHENHYDRAMINE HCL,0.0,0.0,25,0.0,0.0,0.0,0.5582573798230143
item_DIPHENHYDRAMINE HYDROCHLO,0.0,0.0,25,0.0,0.0,0.0,0.5582573798230143
item_DIPHENOXYLATE/ATROPINE,0.0,0.0,25,0.0,0.0,0.0,0.5582573798230143
item_DIPYRIDAMOLE,0.0,0.0,25,0.0,0.0,0.0,0.5582573798230143
item_DISULFIRAM,0.0,0.0,25,0.0,0.0,0.0,0.5582573798230143
item_DIVALPROEX SODIUM,0.0,0.0,25,0.0,0.0,0.0,0.5582573798230143
item_DIVALPROEX SODIUM DR,0.0,0.0,25,0.0,0.0,0.0,0.5582573798230143
item_DIVALPROEX SODIUM ER,0.0,0.0,25,0.0,0.0,0.0,0.5582573798230143
item_DILT-XR,0.0,0.0,25,0.0,0.0,0.0,0.5582573798230143
item_DILTIAZEM CD,0.0,0.0,25,0.0,0.0,0.0,0.5582573798230143
item_DILTIAZEM HCL,0.0,0.0,25,0.0,0.0,0.0,0.5582573798230143
item_DILTIAZEM HCL CD,0.0,0.0,25,0.0,0.0,0.0,0.5582573798230143
item_DILTIAZEM HCL ER,0.0,0.0,25,0.0,0.0,0.0,0.5582573798230143
item_DILTIAZEM HYDROCHLORIDE E,0.0,0.0,25,0.0,0.0,0.0,0.5582573798230143
item_DIOVAN,0.0,0.0,25,0.0,0.0,0.0,0.5582573798230143
item_DIOVAN HCT,0.0,0.0,25,0.0,0.0,0.0,0.5582573798230143
item_DICLOFENAC SODIUM/MISOPRO,0.0,0.0,25,0.0,0.0,0.0,0.5582573798230143
item_DICLOXACILLIN SODIUM,0.0,0.0,25,0.0,0.0,0.0,0.5582573798230143
item_DICYCLOMINE HYDROCHLORIDE,0.0,0.0,25,0.0,0.0,0.0,0.5582573798230143
item_DIFLUNISAL,0.0,0.0,25,0.0,0.0,0.0,0.5582573798230143
item_DIGITEK,0.0,0.0,25,0.0,0.0,0.0,0.5582573798230143
item_DIGOX,0.0,0.0,25,0.0,0.0,0.0,0.5582573798230143
item_DIGOXIN,0.0,0.0,25,0.0,0.0,0.0,0.5582573798230143
item_DILANTIN,0.0,0.0,25,0.0,0.0,0.0,0.5582573798230143
item_ECONAZOLE NITRATE,0.0,0.0,25,0.0,0.0,0.0,0.5582573798230143
item_EDARBI,0.0,0.0,25,0.0,0.0,0.0,0.5582573798230143
item_EDARBYCLOR,0.0,0.0,25,0.0,0.0,0.0,0.5582573798230143
item_EFFEXOR XR,0.0,0.0,25,0.0,0.0,0.0,0.5582573798230143
item_EFFIENT,0.0,0.0,25,0.0,0.0,0.0,0.5582573798230143
item_ELETRIPTAN HYDROBROMIDE,0.0,0.0,25,0.0,0.0,0.0,0.5582573798230143
item_ELIDEL,0.0,0.0,25,0.0,0.0,0.0,0.5582573798230143
item_ELIQUIS,0.0,0.0,25,0.0,0.0,0.0,0.5582573798230143
item_DUTASTERIDE,0.0,0.0,25,0.0,0.0,0.0,0.5582573798230143
item_DUTASTERIDE/TAMSULOSIN HC,0.0,0.0,25,0.0,0.0,0.0,0.5582573798230143
item_DUTASTERIDE/TAMSULOSIN HY,0.0,0.0,25,0.0,0.0,0.0,0.5582573798230143
item_DYMISTA,0.0,0.0,25,0.0,0.0,0.0,0.5582573798230143
item_EAR DROPS EARWAX REMOVAL,0.0,0.0,25,0.0,0.0,0.0,0.5582573798230143
item_EASY TOUCH INSULIN SYRING,0.0,0.0,25,0.0,0.0,0.0,0.5582573798230143
item_EASY TOUCH PEN NEEDLES 31,0.0,0.0,25,0.0,0.0,0.0,0.5582573798230143
item_EASY TOUCH PEN NEEDLES/31,0.0,0.0,25,0.0,0.0,0.0,0.5582573798230143
item_DOXYCYCLINE MONOHYDRATE,0.0,0.0,25,0.0,0.0,0.0,0.5582573798230143
item_DRONABINOL,0.0,0.0,25,0.0,0.0,0.0,0.5582573798230143
item_DUEXIS,0.0,0.0,25,0.0,0.0,0.0,0.5582573798230143
item_DULERA,0.0,0.0,25,0.0,0.0,0.0,0.5582573798230143
item_DULOXETINE HCL,0.0,0.0,25,0.0,0.0,0.0,0.5582573798230143
item_DULOXETINE HYDROCHLORIDE,0.0,0.0,25,0.0,0.0,0.0,0.5582573798230143
item_DUPIXENT,0.0,0.0,25,0.0,0.0,0.0,0.5582573798230143
item_DUREZOL,0.0,0.0,25,0.0,0.0,0.0,0.5582573798230143
item_DORZOLAMIDE HCL,0.0,0.0,25,0.0,0.0,0.0,0.5582573798230143
item_DORZOLAMIDE HCL/TIMOLOL M,0.0,0.0,25,0.0,0.0,0.0,0.5582573798230143
item_DOXAZOSIN MESYLATE,0.0,0.0,25,0.0,0.0,0.0,0.5582573798230143
item_DOXEPIN HCL,0.0,0.0,25,0.0,0.0,0.0,0.5582573798230143
item_DOXEPIN HYDROCHLORIDE,0.0,0.0,25,0.0,0.0,0.0,0.5582573798230143
item_DOXYCYCLINE,0.0,0.0,25,0.0,0.0,0.0,0.5582573798230143
item_DOXYCYCLINE HYCLATE,0.0,0.0,25,0.0,0.0,0.0,0.5582573798230143
item_DOXYCYCLINE HYCLATE DR,0.0,0.0,25,0.0,0.0,0.0,0.5582573798230143
item_EQ MUCUS ER,0.0,0.0,25,0.0,0.0,0.0,0.5582573798230143
item_EQ STOOL SOFTENER,0.0,0.0,25,0.0,0.0,0.0,0.5582573798230143
item_ERY-TAB,0.0,0.0,25,0.0,0.0,0.0,0.5582573798230143
item_ERYTHROMYCIN,0.0,0.0,25,0.0,0.0,0.0,0.5582573798230143
item_ERYTHROMYCIN BASE,0.0,0.0,25,0.0,0.0,0.0,0.5582573798230143
item_ESBRIET,0.0,0.0,25,0.0,0.0,0.0,0.5582573798230143
item_ESCITALOPRAM OXALATE,0.0,0.0,25,0.0,0.0,0.0,0.5582573798230143
item_ESOMEPRAZOLE MAGNESIUM,0.0,0.0,25,0.0,0.0,0.0,0.5582573798230143
item_EPINEPHRINE,0.0,0.0,25,0.0,0.0,0.0,0.5582573798230143
item_EPIPEN 2-PAK,0.0,0.0,25,0.0,0.0,0.0,0.5582573798230143
item_EPITOL,0.0,0.0,25,0.0,0.0,0.0,0.5582573798230143
item_EPLERENONE,0.0,0.0,25,0.0,0.0,0.0,0.5582573798230143
item_EPZICOM,0.0,0.0,25,0.0,0.0,0.0,0.5582573798230143
item_EQ ALLERGY RELIEF,0.0,0.0,25,0.0,0.0,0.0,0.5582573798230143
item_EQ ASPIRIN,0.0,0.0,25,0.0,0.0,0.0,0.5582573798230143
item_EQ ASPIRIN ADULT LOW DOSE,0.0,0.0,25,0.0,0.0,0.0,0.5582573798230143
item_ENOXAPARIN SODIUM,0.0,0.0,25,0.0,0.0,0.0,0.5582573798230143
item_ENSTILAR,0.0,0.0,25,0.0,0.0,0.0,0.5582573798230143
item_ENTACAPONE,0.0,0.0,25,0.0,0.0,0.0,0.5582573798230143
item_ENTECAVIR,0.0,0.0,25,0.0,0.0,0.0,0.5582573798230143
item_ENTRESTO,0.0,0.0,25,0.0,0.0,0.0,0.5582573798230143
item_ENULOSE,0.0,0.0,25,0.0,0.0,0.0,0.5582573798230143
item_EPCLUSA,0.0,0.0,25,0.0,0.0,0.0,0.5582573798230143
item_EPINASTINE HCL,0.0,0.0,25,0.0,0.0,0.0,0.5582573798230143
item_ELMIRON,0.0,0.0,25,0.0,0.0,0.0,0.5582573798230143
item_EMBEDA,0.0,0.0,25,0.0,0.0,0.0,0.5582573798230143
item_ENABLEX,0.0,0.0,25,0.0,0.0,0.0,0.5582573798230143
item_ENALAPRIL MALEATE,0.0,0.0,25,0.0,0.0,0.0,0.5582573798230143
item_ENALAPRIL MALEATE/HYDROCH,0.0,0.0,25,0.0,0.0,0.0,0.5582573798230143
item_ENBREL,0.0,0.0,25,0.0,0.0,0.0,0.5582573798230143
item_ENBREL SURECLICK,0.0,0.0,25,0.0,0.0,0.0,0.5582573798230143
item_ENDOCET,0.0,0.0,25,0.0,0.0,0.0,0.5582573798230143
item_FENOFIBRATE MICRONIZED,0.0,0.0,25,0.0,0.0,0.0,0.5582573798230143
item_FENOFIBRIC ACID DR,0.0,0.0,25,0.0,0.0,0.0,0.5582573798230143
item_FENTANYL,0.0,0.0,25,0.0,0.0,0.0,0.5582573798230143
item_FEROSUL,0.0,0.0,25,0.0,0.0,0.0,0.5582573798230143
item_FERROUS GLUCONATE,0.0,0.0,25,0.0,0.0,0.0,0.5582573798230143
item_FERROUS SULFATE,0.0,0.0,25,0.0,0.0,0.0,0.5582573798230143
item_FETZIMA,0.0,0.0,25,0.0,0.0,0.0,0.5582573798230143
item_FEXOFENADINE HYDROCHLORID,0.0,0.0,25,0.0,0.0,0.0,0.5582573798230143
item_EZETIMIBE,0.0,0.0,25,0.0,0.0,0.0,0.5582573798230143
item_EZETIMIBE/SIMVASTATIN,0.0,0.0,25,0.0,0.0,0.0,0.5582573798230143
item_FAMCICLOVIR,0.0,0.0,25,0.0,0.0,0.0,0.5582573798230143
item_FAMOTIDINE,0.0,0.0,25,0.0,0.0,0.0,0.5582573798230143
item_FARXIGA,0.0,0.0,25,0.0,0.0,0.0,0.5582573798230143
item_FELODIPINE ER,0.0,0.0,25,0.0,0.0,0.0,0.5582573798230143
item_FEMRING,0.0,0.0,25,0.0,0.0,0.0,0.5582573798230143
item_FENOFIBRATE,0.0,0.0,25,0.0,0.0,0.0,0.5582573798230143
item_ETODOLAC,0.0,0.0,25,0.0,0.0,0.0,0.5582573798230143
item_ETODOLAC ER,0.0,0.0,25,0.0,0.0,0.0,0.5582573798230143
item_EUCRISA,0.0,0.0,25,0.0,0.0,0.0,0.5582573798230143
item_EVISTA,0.0,0.0,25,0.0,0.0,0.0,0.5582573798230143
item_EVZIO,0.0,0.0,25,0.0,0.0,0.0,0.5582573798230143
item_EXELON,0.0,0.0,25,0.0,0.0,0.0,0.5582573798230143
item_EXEMESTANE,0.0,0.0,25,0.0,0.0,0.0,0.5582573798230143
item_EXFORGE,0.0,0.0,25,0.0,0.0,0.0,0.5582573798230143
item_ESTERIFIED ESTROGENS/METH,0.0,0.0,25,0.0,0.0,0.0,0.5582573798230143
item_ESTRACE,0.0,0.0,25,0.0,0.0,0.0,0.5582573798230143
item_ESTRADIOL,0.0,0.0,25,0.0,0.0,0.0,0.5582573798230143
item_ESTRADIOL/NORETHINDRONE A,0.0,0.0,25,0.0,0.0,0.0,0.5582573798230143
item_ESTRING,0.0,0.0,25,0.0,0.0,0.0,0.5582573798230143
item_ESTROPIPATE,0.0,0.0,25,0.0,0.0,0.0,0.5582573798230143
item_ESZOPICLONE,0.0,0.0,25,0.0,0.0,0.0,0.5582573798230143
item_ETHAMBUTOL HYDROCHLORIDE,0.0,0.0,25,0.0,0.0,0.0,0.5582573798230143
item_FLUOROMETHOLONE,0.0,0.0,25,0.0,0.0,0.0,0.5582573798230143
item_FLUOROURACIL,0.0,0.0,25,0.0,0.0,0.0,0.5582573798230143
item_FLUOXETINE HCL,0.0,0.0,25,0.0,0.0,0.0,0.5582573798230143
item_FLUOXETINE HYDROCHLORIDE,0.0,0.0,25,0.0,0.0,0.0,0.5582573798230143
item_FLUPHENAZINE DECANOATE,0.0,0.0,25,0.0,0.0,0.0,0.5582573798230143
item_FLUPHENAZINE HCL,0.0,0.0,25,0.0,0.0,0.0,0.5582573798230143
item_FLURAZEPAM HCL,0.0,0.0,25,0.0,0.0,0.0,0.5582573798230143
item_FLURBIPROFEN,0.0,0.0,25,0.0,0.0,0.0,0.5582573798230143
item_FLUCELVAX QUADRIVALENT 20,0.0,0.0,25,0.0,0.0,0.0,0.5582573798230143
item_FLUCONAZOLE,0.0,0.0,25,0.0,0.0,0.0,0.5582573798230143
item_FLUDROCORTISONE ACETATE,0.0,0.0,25,0.0,0.0,0.0,0.5582573798230143
item_FLUNISOLIDE,0.0,0.0,25,0.0,0.0,0.0,0.5582573798230143
item_FLUOCINOLONE ACETONIDE,0.0,0.0,25,0.0,0.0,0.0,0.5582573798230143
item_FLUOCINOLONE ACETONIDE SC,0.0,0.0,25,0.0,0.0,0.0,0.5582573798230143
item_FLUOCINONIDE,0.0,0.0,25,0.0,0.0,0.0,0.5582573798230143
item_FLUOCINONIDE EMULSIFIED B,0.0,0.0,25,0.0,0.0,0.0,0.5582573798230143
item_FLOVENT DISKUS,0.0,0.0,25,0.0,0.0,0.0,0.5582573798230143
item_FLOVENT HFA,0.0,0.0,25,0.0,0.0,0.0,0.5582573798230143
item_FLUAD 2016-2017,0.0,0.0,25,0.0,0.0,0.0,0.5582573798230143
item_FLUAD 2017-2018,0.0,0.0,25,0.0,0.0,0.0,0.5582573798230143
item_FLUAD 2018-2019,0.0,0.0,25,0.0,0.0,0.0,0.5582573798230143
item_FLUARIX QUADRIVALENT 2016,0.0,0.0,25,0.0,0.0,0.0,0.5582573798230143
item_FLUARIX QUADRIVALENT 2017,0.0,0.0,25,0.0,0.0,0.0,0.5582573798230143
item_FLUARIX QUADRIVALENT 2018,0.0,0.0,25,0.0,0.0,0.0,0.5582573798230143
item_FIBER-LAX,0.0,0.0,25,0.0,0.0,0.0,0.5582573798230143
item_FINACEA,0.0,0.0,25,0.0,0.0,0.0,0.5582573798230143
item_FINASTERIDE,0.0,0.0,25,0.0,0.0,0.0,0.5582573798230143
item_FISH OIL,0.0,0.0,25,0.0,0.0,0.0,0.5582573798230143
item_FLECAINIDE ACETATE,0.0,0.0,25,0.0,0.0,0.0,0.5582573798230143
item_FLECTOR,0.0,0.0,25,0.0,0.0,0.0,0.5582573798230143
item_FLONASE ALLERGY RELIEF,0.0,0.0,25,0.0,0.0,0.0,0.5582573798230143
item_FLORANEX,0.0,0.0,25,0.0,0.0,0.0,0.5582573798230143
item_FREESTYLE TEST STRIPS,0.0,0.0,25,0.0,0.0,0.0,0.5582573798230143
item_FUROSEMIDE,0.0,0.0,25,0.0,0.0,0.0,0.5582573798230143
item_GABAPENTIN,0.0,0.0,25,0.0,0.0,0.0,0.5582573798230143
item_GALANTAMINE HYDROBROMIDE,0.0,0.0,25,0.0,0.0,0.0,0.5582573798230143
item_GATIFLOXACIN,0.0,0.0,25,0.0,0.0,0.0,0.5582573798230143
item_GAVILYTE-C,0.0,0.0,25,0.0,0.0,0.0,0.5582573798230143
item_GAVILYTE-G,0.0,0.0,25,0.0,0.0,0.0,0.5582573798230143
item_GAVILYTE-N/FLAVOR PACK,0.0,0.0,25,0.0,0.0,0.0,0.5582573798230143
item_FORTEO,0.0,0.0,25,0.0,0.0,0.0,0.5582573798230143
item_FOSINOPRIL SODIUM,0.0,0.0,25,0.0,0.0,0.0,0.5582573798230143
item_FOSINOPRIL SODIUM/HYDROCH,0.0,0.0,25,0.0,0.0,0.0,0.5582573798230143
item_FREESTYLE LANCETS,0.0,0.0,25,0.0,0.0,0.0,0.5582573798230143
item_FREESTYLE LIBRE/READER/FL,0.0,0.0,25,0.0,0.0,0.0,0.5582573798230143
item_FREESTYLE LIBRE/SENSOR/FL,0.0,0.0,25,0.0,0.0,0.0,0.5582573798230143
item_FREESTYLE LITE BLOOD GLUC,0.0,0.0,25,0.0,0.0,0.0,0.5582573798230143
item_FREESTYLE LITE TEST STRIP,0.0,0.0,25,0.0,0.0,0.0,0.5582573798230143
item_FLUZONE HIGH-DOSE PF 2016,0.0,0.0,25,0.0,0.0,0.0,0.5582573798230143
item_FLUZONE HIGH-DOSE PF 2017,0.0,0.0,25,0.0,0.0,0.0,0.5582573798230143
item_FLUZONE HIGH-DOSE PF 2018,0.0,0.0,25,0.0,0.0,0.0,0.5582573798230143
item_FLUZONE QUADRIVALENT 2017,0.0,0.0,25,0.0,0.0,0.0,0.5582573798230143
item_FLUZONE QUADRIVALENT 2018,0.0,0.0,25,0.0,0.0,0.0,0.5582573798230143
item_FOLBIC,0.0,0.0,25,0.0,0.0,0.0,0.5582573798230143
item_FOLIC ACID,0.0,0.0,25,0.0,0.0,0.0,0.5582573798230143
item_FORADIL AEROLIZER,0.0,0.0,25,0.0,0.0,0.0,0.5582573798230143
item_FLUTICASONE PROPIONATE,0.0,0.0,25,0.0,0.0,0.0,0.5582573798230143
item_FLUTICASONE PROPIONATE/SA,0.0,0.0,25,0.0,0.0,0.0,0.5582573798230143
item_FLUVASTATIN,0.0,0.0,25,0.0,0.0,0.0,0.5582573798230143
item_FLUVASTATIN SODIUM ER,0.0,0.0,25,0.0,0.0,0.0,0.5582573798230143
item_FLUVIRIN 2016-2017,0.0,0.0,25,0.0,0.0,0.0,0.5582573798230143
item_FLUVIRIN 2017-2018,0.0,0.0,25,0.0,0.0,0.0,0.5582573798230143
item_FLUVOXAMINE MALEATE,0.0,0.0,25,0.0,0.0,0.0,0.5582573798230143
item_FLUZONE HIGH-DOSE PF 2015,0.0,0.0,25,0.0,0.0,0.0,0.5582573798230143
item_GNP ALCOHOL SWABS,0.0,0.0,25,0.0,0.0,0.0,0.5582573798230143
item_GNP ASPIRIN LOW DOSE,0.0,0.0,25,0.0,0.0,0.0,0.5582573798230143
item_GOLYTELY,0.0,0.0,25,0.0,0.0,0.0,0.5582573798230143
item_GRALISE,0.0,0.0,25,0.0,0.0,0.0,0.5582573798230143
item_GUAIATUSSIN AC,0.0,0.0,25,0.0,0.0,0.0,0.5582573798230143
item_GUAIFENESIN AC,0.0,0.0,25,0.0,0.0,0.0,0.5582573798230143
item_GUAIFENESIN ER,0.0,0.0,25,0.0,0.0,0.0,0.5582573798230143
item_GUAIFENESIN/CODEINE,0.0,0.0,25,0.0,0.0,0.0,0.5582573798230143
item_GLUCOPHAGE,0.0,0.0,25,0.0,0.0,0.0,0.5582573798230143
item_GLUCOPHAGE XR,0.0,0.0,25,0.0,0.0,0.0,0.5582573798230143
item_GLUMETZA,0.0,0.0,25,0.0,0.0,0.0,0.5582573798230143
item_GLYBURIDE,0.0,0.0,25,0.0,0.0,0.0,0.5582573798230143
item_GLYBURIDE MICRONIZED,0.0,0.0,25,0.0,0.0,0.0,0.5582573798230143
item_GLYBURIDE/METFORMIN HYDRO,0.0,0.0,25,0.0,0.0,0.0,0.5582573798230143
item_GLYCOPYRROLATE,0.0,0.0,25,0.0,0.0,0.0,0.5582573798230143
item_GLYXAMBI,0.0,0.0,25,0.0,0.0,0.0,0.5582573798230143
item_GLIPIZIDE,0.0,0.0,25,0.0,0.0,0.0,0.5582573798230143
item_GLIPIZIDE ER,0.0,0.0,25,0.0,0.0,0.0,0.5582573798230143
item_GLIPIZIDE XL,0.0,0.0,25,0.0,0.0,0.0,0.5582573798230143
item_GLIPIZIDE/METFORMIN HYDRO,0.0,0.0,25,0.0,0.0,0.0,0.5582573798230143
item_GLOBAL EASE INJECT PEN NE,0.0,0.0,25,0.0,0.0,0.0,0.5582573798230143
item_GLOBAL INJECT EASE INSULI,0.0,0.0,25,0.0,0.0,0.0,0.5582573798230143
item_GLUCAGEN HYPOKIT,0.0,0.0,25,0.0,0.0,0.0,0.5582573798230143
item_GLUCAGON EMERGENCY KIT,0.0,0.0,25,0.0,0.0,0.0,0.5582573798230143
item_GEMFIBROZIL,0.0,0.0,25,0.0,0.0,0.0,0.5582573798230143
item_GENERLAC,0.0,0.0,25,0.0,0.0,0.0,0.5582573798230143
item_GENTAK,0.0,0.0,25,0.0,0.0,0.0,0.5582573798230143
item_GENTAMICIN SULFATE,0.0,0.0,25,0.0,0.0,0.0,0.5582573798230143
item_GENVOYA,0.0,0.0,25,0.0,0.0,0.0,0.5582573798230143
item_GILENYA,0.0,0.0,25,0.0,0.0,0.0,0.5582573798230143
item_GLEEVEC,0.0,0.0,25,0.0,0.0,0.0,0.5582573798230143
item_GLIMEPIRIDE,0.0,0.0,25,0.0,0.0,0.0,0.5582573798230143
item_HYALURONIC ACID,0.0,0.0,25,0.0,0.0,0.0,0.5582573798230143
item_HYDRALAZINE HCL,0.0,0.0,25,0.0,0.0,0.0,0.5582573798230143
item_HYDRALAZINE HYDROCHLORIDE,0.0,0.0,25,0.0,0.0,0.0,0.5582573798230143
item_HYDROCHLOROTHIAZIDE,0.0,0.0,25,0.0,0.0,0.0,0.5582573798230143
item_HYDROCODONE BITARTRATE/AC,0.0,0.0,25,0.0,0.0,0.0,0.5582573798230143
item_HYDROCODONE BITARTRATE/HO,0.0,0.0,25,0.0,0.0,0.0,0.5582573798230143
item_HYDROCODONE POLISTIREX/CH,0.0,0.0,25,0.0,0.0,0.0,0.5582573798230143
item_HYDROCODONE/ACETAMINOPHEN,0.0,0.0,25,0.0,0.0,0.0,0.5582573798230143
item_HUMIRA PEN,0.0,0.0,25,0.0,0.0,0.0,0.5582573798230143
item_HUMULIN 70/30,0.0,0.0,25,0.0,0.0,0.0,0.5582573798230143
item_HUMULIN 70/30 KWIKPEN,0.0,0.0,25,0.0,0.0,0.0,0.5582573798230143
item_HUMULIN N,0.0,0.0,25,0.0,0.0,0.0,0.5582573798230143
item_HUMULIN N KWIKPEN,0.0,0.0,25,0.0,0.0,0.0,0.5582573798230143
item_HUMULIN R,0.0,0.0,25,0.0,0.0,0.0,0.5582573798230143
item_HUMULIN R U-500 (CONCENTR,0.0,0.0,25,0.0,0.0,0.0,0.5582573798230143
item_HUMULIN R U-500 KWIKPEN,0.0,0.0,25,0.0,0.0,0.0,0.5582573798230143
item_HORIZANT,0.0,0.0,25,0.0,0.0,0.0,0.5582573798230143
item_HUMALOG,0.0,0.0,25,0.0,0.0,0.0,0.5582573798230143
item_HUMALOG KWIKPEN,0.0,0.0,25,0.0,0.0,0.0,0.5582573798230143
item_HUMALOG MIX 50/50,0.0,0.0,25,0.0,0.0,0.0,0.5582573798230143
item_HUMALOG MIX 50/50 KWIKPEN,0.0,0.0,25,0.0,0.0,0.0,0.5582573798230143
item_HUMALOG MIX 75/25,0.0,0.0,25,0.0,0.0,0.0,0.5582573798230143
item_HUMALOG MIX 75/25 KWIKPEN,0.0,0.0,25,0.0,0.0,0.0,0.5582573798230143
item_HUMIRA,0.0,0.0,25,0.0,0.0,0.0,0.5582573798230143
item_GUANFACINE HCL,0.0,0.0,25,0.0,0.0,0.0,0.5582573798230143
item_HALOBETASOL PROPIONATE,0.0,0.0,25,0.0,0.0,0.0,0.5582573798230143
item_HALOPERIDOL,0.0,0.0,25,0.0,0.0,0.0,0.5582573798230143
item_HALOPERIDOL DECANOATE,0.0,0.0,25,0.0,0.0,0.0,0.5582573798230143
item_HALOPERIDOL LACTATE,0.0,0.0,25,0.0,0.0,0.0,0.5582573798230143
item_HARVONI,0.0,0.0,25,0.0,0.0,0.0,0.5582573798230143
item_HAVRIX,0.0,0.0,25,0.0,0.0,0.0,0.5582573798230143
item_HEPARIN SODIUM,0.0,0.0,25,0.0,0.0,0.0,0.5582573798230143
item_IBUPROFEN,0.0,0.0,25,0.0,0.0,0.0,0.5582573798230143
item_ILEVRO,0.0,0.0,25,0.0,0.0,0.0,0.5582573798230143
item_IMATINIB MESYLATE,0.0,0.0,25,0.0,0.0,0.0,0.5582573798230143
item_IMBRUVICA,0.0,0.0,25,0.0,0.0,0.0,0.5582573798230143
item_IMIPRAMINE HCL,0.0,0.0,25,0.0,0.0,0.0,0.5582573798230143
item_IMIPRAMINE HYDROCHLORIDE,0.0,0.0,25,0.0,0.0,0.0,0.5582573798230143
item_IMIQUIMOD,0.0,0.0,25,0.0,0.0,0.0,0.5582573798230143
item_INCRUSE ELLIPTA,0.0,0.0,25,0.0,0.0,0.0,0.5582573798230143
item_HYDROXYZINE PAMOATE,0.0,0.0,25,0.0,0.0,0.0,0.5582573798230143
item_HYOSCYAMINE SULFATE,0.0,0.0,25,0.0,0.0,0.0,0.5582573798230143
item_HYOSCYAMINE SULFATE ER,0.0,0.0,25,0.0,0.0,0.0,0.5582573798230143
item_HYSINGLA ER,0.0,0.0,25,0.0,0.0,0.0,0.5582573798230143
item_HYZAAR,0.0,0.0,25,0.0,0.0,0.0,0.5582573798230143
item_IBANDRONATE SODIUM,0.0,0.0,25,0.0,0.0,0.0,0.5582573798230143
item_IBRANCE,0.0,0.0,25,0.0,0.0,0.0,0.5582573798230143
item_IBU,0.0,0.0,25,0.0,0.0,0.0,0.5582573798230143
item_HYDROMET,0.0,0.0,25,0.0,0.0,0.0,0.5582573798230143
item_HYDROMORPHONE HCL,0.0,0.0,25,0.0,0.0,0.0,0.5582573798230143
item_HYDROMORPHONE HCL ER,0.0,0.0,25,0.0,0.0,0.0,0.5582573798230143
item_HYDROQUINONE,0.0,0.0,25,0.0,0.0,0.0,0.5582573798230143
item_HYDROXYCHLOROQUINE SULFAT,0.0,0.0,25,0.0,0.0,0.0,0.5582573798230143
item_HYDROXYUREA,0.0,0.0,25,0.0,0.0,0.0,0.5582573798230143
item_HYDROXYZINE HCL,0.0,0.0,25,0.0,0.0,0.0,0.5582573798230143
item_HYDROXYZINE HYDROCHLORIDE,0.0,0.0,25,0.0,0.0,0.0,0.5582573798230143
item_HYDROCODONE/HOMATROPINE,0.0,0.0,25,0.0,0.0,0.0,0.5582573798230143
item_HYDROCODONE/IBUPROFEN,0.0,0.0,25,0.0,0.0,0.0,0.5582573798230143
item_HYDROCORTISONE,0.0,0.0,25,0.0,0.0,0.0,0.5582573798230143
item_HYDROCORTISONE ACETATE,0.0,0.0,25,0.0,0.0,0.0,0.5582573798230143
item_HYDROCORTISONE ACETATE/PR,0.0,0.0,25,0.0,0.0,0.0,0.5582573798230143
item_HYDROCORTISONE BUTYRATE,0.0,0.0,25,0.0,0.0,0.0,0.5582573798230143
item_HYDROCORTISONE VALERATE,0.0,0.0,25,0.0,0.0,0.0,0.5582573798230143
item_HYDROCORTISONE/ACETIC ACI,0.0,0.0,25,0.0,0.0,0.0,0.5582573798230143
item_ISONIAZID,0.0,0.0,25,0.0,0.0,0.0,0.5582573798230143
item_ISOSORBIDE DINITRATE,0.0,0.0,25,0.0,0.0,0.0,0.5582573798230143
item_ISOSORBIDE MONONITRATE,0.0,0.0,25,0.0,0.0,0.0,0.5582573798230143
item_ISOSORBIDE MONONITRATE ER,0.0,0.0,25,0.0,0.0,0.0,0.5582573798230143
item_ISRADIPINE,0.0,0.0,25,0.0,0.0,0.0,0.5582573798230143
item_ISTALOL,0.0,0.0,25,0.0,0.0,0.0,0.5582573798230143
item_ITRACONAZOLE,0.0,0.0,25,0.0,0.0,0.0,0.5582573798230143
item_IVERMECTIN,0.0,0.0,25,0.0,0.0,0.0,0.5582573798230143
item_INVOKAMET XR,0.0,0.0,25,0.0,0.0,0.0,0.5582573798230143
item_INVOKANA,0.0,0.0,25,0.0,0.0,0.0,0.5582573798230143
item_IPRATROPIUM BROMIDE,0.0,0.0,25,0.0,0.0,0.0,0.5582573798230143
item_IPRATROPIUM BROMIDE/ALBUT,0.0,0.0,25,0.0,0.0,0.0,0.5582573798230143
item_IRBESARTAN,0.0,0.0,25,0.0,0.0,0.0,0.5582573798230143
item_IRBESARTAN/HYDROCHLOROTHI,0.0,0.0,25,0.0,0.0,0.0,0.5582573798230143
item_IRON,0.0,0.0,25,0.0,0.0,0.0,0.5582573798230143
item_ISENTRESS,0.0,0.0,25,0.0,0.0,0.0,0.5582573798230143
item_INSULIN SYRINGE/1ML/30G X,0.0,0.0,25,0.0,0.0,0.0,0.5582573798230143
item_INSULIN SYRINGE/U-100/0.5,0.0,0.0,25,0.0,0.0,0.0,0.5582573798230143
item_INSULIN SYRINGE/U-100/1ML,0.0,0.0,25,0.0,0.0,0.0,0.5582573798230143
item_INTELENCE,0.0,0.0,25,0.0,0.0,0.0,0.5582573798230143
item_INVANZ,0.0,0.0,25,0.0,0.0,0.0,0.5582573798230143
item_INVEGA,0.0,0.0,25,0.0,0.0,0.0,0.5582573798230143
item_INVEGA SUSTENNA,0.0,0.0,25,0.0,0.0,0.0,0.5582573798230143
item_INVOKAMET,0.0,0.0,25,0.0,0.0,0.0,0.5582573798230143
item_INDAPAMIDE,0.0,0.0,25,0.0,0.0,0.0,0.5582573798230143
item_INDOMETHACIN,0.0,0.0,25,0.0,0.0,0.0,0.5582573798230143
item_INDOMETHACIN ER,0.0,0.0,25,0.0,0.0,0.0,0.5582573798230143
item_INFINITY BLOOD GLUCOSE TE,0.0,0.0,25,0.0,0.0,0.0,0.5582573798230143
item_INGREZZA,0.0,0.0,25,0.0,0.0,0.0,0.5582573798230143
item_INSULIN SYRINGE/0.3ML/31G,0.0,0.0,25,0.0,0.0,0.0,0.5582573798230143
item_INSULIN SYRINGE/0.5ML/30G,0.0,0.0,25,0.0,0.0,0.0,0.5582573798230143
item_INSULIN SYRINGE/0.5ML/31G,0.0,0.0,25,0.0,0.0,0.0,0.5582573798230143
item_KLOR-CON SPRINKLE,0.0,0.0,25,0.0,0.0,0.0,0.5582573798230143
item_KOMBIGLYZE XR,0.0,0.0,25,0.0,0.0,0.0,0.5582573798230143
item_LABETALOL HYDROCHLORIDE,0.0,0.0,25,0.0,0.0,0.0,0.5582573798230143
item_LACTULOSE,0.0,0.0,25,0.0,0.0,0.0,0.5582573798230143
item_LAMICTAL,0.0,0.0,25,0.0,0.0,0.0,0.5582573798230143
item_LAMIVUDINE,0.0,0.0,25,0.0,0.0,0.0,0.5582573798230143
item_LAMOTRIGINE,0.0,0.0,25,0.0,0.0,0.0,0.5582573798230143
item_LAMOTRIGINE ER,0.0,0.0,25,0.0,0.0,0.0,0.5582573798230143
item_KETOROLAC TROMETHAMINE,0.0,0.0,25,0.0,0.0,0.0,0.5582573798230143
item_KETOTIFEN FUMARATE,0.0,0.0,25,0.0,0.0,0.0,0.5582573798230143
item_KIONEX,0.0,0.0,25,0.0,0.0,0.0,0.5582573798230143
item_KLOR-CON,0.0,0.0,25,0.0,0.0,0.0,0.5582573798230143
item_KLOR-CON 10,0.0,0.0,25,0.0,0.0,0.0,0.5582573798230143
item_KLOR-CON 8,0.0,0.0,25,0.0,0.0,0.0,0.5582573798230143
item_KLOR-CON M10,0.0,0.0,25,0.0,0.0,0.0,0.5582573798230143
item_KLOR-CON M20,0.0,0.0,25,0.0,0.0,0.0,0.5582573798230143
item_JINTELI,0.0,0.0,25,0.0,0.0,0.0,0.5582573798230143
item_JUBLIA,0.0,0.0,25,0.0,0.0,0.0,0.5582573798230143
item_K-TAB,0.0,0.0,25,0.0,0.0,0.0,0.5582573798230143
item_KEPPRA,0.0,0.0,25,0.0,0.0,0.0,0.5582573798230143
item_KERYDIN,0.0,0.0,25,0.0,0.0,0.0,0.5582573798230143
item_KETOCONAZOLE,0.0,0.0,25,0.0,0.0,0.0,0.5582573798230143
item_KETOPROFEN,0.0,0.0,25,0.0,0.0,0.0,0.5582573798230143
item_KETOPROFEN ER,0.0,0.0,25,0.0,0.0,0.0,0.5582573798230143
item_JAKAFI,0.0,0.0,25,0.0,0.0,0.0,0.5582573798230143
item_JALYN,0.0,0.0,25,0.0,0.0,0.0,0.5582573798230143
item_JANTOVEN,0.0,0.0,25,0.0,0.0,0.0,0.5582573798230143
item_JANUMET,0.0,0.0,25,0.0,0.0,0.0,0.5582573798230143
item_JANUMET XR,0.0,0.0,25,0.0,0.0,0.0,0.5582573798230143
item_JANUVIA,0.0,0.0,25,0.0,0.0,0.0,0.5582573798230143
item_JARDIANCE,0.0,0.0,25,0.0,0.0,0.0,0.5582573798230143
item_JENTADUETO,0.0,0.0,25,0.0,0.0,0.0,0.5582573798230143
item_LIDOCAINE,0.0,0.0,25,0.0,0.0,0.0,0.5582573798230143
item_LIDOCAINE HCL,0.0,0.0,25,0.0,0.0,0.0,0.5582573798230143
item_LIDOCAINE HCL JELLY,0.0,0.0,25,0.0,0.0,0.0,0.5582573798230143
item_LIDOCAINE HYDROCHLORIDE,0.0,0.0,25,0.0,0.0,0.0,0.5582573798230143
item_LIDOCAINE VISCOUS,0.0,0.0,25,0.0,0.0,0.0,0.5582573798230143
item_LIDOCAINE/PRILOCAINE,0.0,0.0,25,0.0,0.0,0.0,0.5582573798230143
item_LIDODERM,0.0,0.0,25,0.0,0.0,0.0,0.5582573798230143
item_LINEZOLID,0.0,0.0,25,0.0,0.0,0.0,0.5582573798230143
item_LEVITRA,0.0,0.0,25,0.0,0.0,0.0,0.5582573798230143
item_LEVOBUNOLOL HCL,0.0,0.0,25,0.0,0.0,0.0,0.5582573798230143
item_LEVOCETIRIZINE DIHYDROCHL,0.0,0.0,25,0.0,0.0,0.0,0.5582573798230143
item_LEVOFLOXACIN,0.0,0.0,25,0.0,0.0,0.0,0.5582573798230143
item_LEVOTHYROXINE SODIUM,0.0,0.0,25,0.0,0.0,0.0,0.5582573798230143
item_LEVOXYL,0.0,0.0,25,0.0,0.0,0.0,0.5582573798230143
item_LEXAPRO,0.0,0.0,25,0.0,0.0,0.0,0.5582573798230143
item_LIALDA,0.0,0.0,25,0.0,0.0,0.0,0.5582573798230143
item_LETROZOLE,0.0,0.0,25,0.0,0.0,0.0,0.5582573798230143
item_LEUCOVORIN CALCIUM,0.0,0.0,25,0.0,0.0,0.0,0.5582573798230143
item_LEVALBUTEROL HCL,0.0,0.0,25,0.0,0.0,0.0,0.5582573798230143
item_LEVALBUTEROL TARTRATE HFA,0.0,0.0,25,0.0,0.0,0.0,0.5582573798230143
item_LEVEMIR,0.0,0.0,25,0.0,0.0,0.0,0.5582573798230143
item_LEVEMIR FLEXTOUCH,0.0,0.0,25,0.0,0.0,0.0,0.5582573798230143
item_LEVETIRACETAM,0.0,0.0,25,0.0,0.0,0.0,0.5582573798230143
item_LEVETIRACETAM ER,0.0,0.0,25,0.0,0.0,0.0,0.5582573798230143
item_LANSOPRAZOLE,0.0,0.0,25,0.0,0.0,0.0,0.5582573798230143
item_LANTUS,0.0,0.0,25,0.0,0.0,0.0,0.5582573798230143
item_LANTUS SOLOSTAR,0.0,0.0,25,0.0,0.0,0.0,0.5582573798230143
item_LASIX,0.0,0.0,25,0.0,0.0,0.0,0.5582573798230143
item_LATANOPROST,0.0,0.0,25,0.0,0.0,0.0,0.5582573798230143
item_LATUDA,0.0,0.0,25,0.0,0.0,0.0,0.5582573798230143
item_LEFLUNOMIDE,0.0,0.0,25,0.0,0.0,0.0,0.5582573798230143
item_LETAIRIS,0.0,0.0,25,0.0,0.0,0.0,0.5582573798230143
item_MAPAP,0.0,0.0,25,0.0,0.0,0.0,0.5582573798230143
item_MAPAP ARTHRITIS PAIN,0.0,0.0,25,0.0,0.0,0.0,0.5582573798230143
item_MATZIM LA,0.0,0.0,25,0.0,0.0,0.0,0.5582573798230143
item_MECLIZINE HCL,0.0,0.0,25,0.0,0.0,0.0,0.5582573798230143
item_MECLIZINE HYDROCHLORIDE,0.0,0.0,25,0.0,0.0,0.0,0.5582573798230143
item_MEDROXYPROGESTERONE ACETA,0.0,0.0,25,0.0,0.0,0.0,0.5582573798230143
item_MEFLOQUINE HCL,0.0,0.0,25,0.0,0.0,0.0,0.5582573798230143
item_MEGESTROL ACETATE,0.0,0.0,25,0.0,0.0,0.0,0.5582573798230143
item_LOVAZA,0.0,0.0,25,0.0,0.0,0.0,0.5582573798230143
item_LOVENOX,0.0,0.0,25,0.0,0.0,0.0,0.5582573798230143
item_LOXAPINE SUCCINATE,0.0,0.0,25,0.0,0.0,0.0,0.5582573798230143
item_LUMIGAN,0.0,0.0,25,0.0,0.0,0.0,0.5582573798230143
item_LYRICA,0.0,0.0,25,0.0,0.0,0.0,0.5582573798230143
item_MAGNESIUM,0.0,0.0,25,0.0,0.0,0.0,0.5582573798230143
item_MAGNESIUM OXIDE,0.0,0.0,25,0.0,0.0,0.0,0.5582573798230143
item_MAGNESIUM-OXIDE,0.0,0.0,25,0.0,0.0,0.0,0.5582573798230143
item_LOPERAMIDE HCL,0.0,0.0,25,0.0,0.0,0.0,0.5582573798230143
item_LOPREEZA,0.0,0.0,25,0.0,0.0,0.0,0.5582573798230143
item_LORATADINE,0.0,0.0,25,0.0,0.0,0.0,0.5582573798230143
item_LORAZEPAM,0.0,0.0,25,0.0,0.0,0.0,0.5582573798230143
item_LOSARTAN POTASSIUM,0.0,0.0,25,0.0,0.0,0.0,0.5582573798230143
item_LOSARTAN POTASSIUM/HYDROC,0.0,0.0,25,0.0,0.0,0.0,0.5582573798230143
item_LOTEMAX,0.0,0.0,25,0.0,0.0,0.0,0.5582573798230143
item_LOVASTATIN,0.0,0.0,25,0.0,0.0,0.0,0.5582573798230143
item_LINZESS,0.0,0.0,25,0.0,0.0,0.0,0.5582573798230143
item_LIOTHYRONINE SODIUM,0.0,0.0,25,0.0,0.0,0.0,0.5582573798230143
item_LIPITOR,0.0,0.0,25,0.0,0.0,0.0,0.5582573798230143
item_LISINOPRIL,0.0,0.0,25,0.0,0.0,0.0,0.5582573798230143
item_LISINOPRIL/HYDROCHLOROTHI,0.0,0.0,25,0.0,0.0,0.0,0.5582573798230143
item_LITHIUM CARBONATE,0.0,0.0,25,0.0,0.0,0.0,0.5582573798230143
item_LITHIUM CARBONATE ER,0.0,0.0,25,0.0,0.0,0.0,0.5582573798230143
item_LIVALO,0.0,0.0,25,0.0,0.0,0.0,0.5582573798230143
item_METHYLPREDNISOLONE,0.0,0.0,25,0.0,0.0,0.0,0.5582573798230143
item_METHYLPREDNISOLONE DOSE P,0.0,0.0,25,0.0,0.0,0.0,0.5582573798230143
item_METOCLOPRAMIDE HCL,0.0,0.0,25,0.0,0.0,0.0,0.5582573798230143
item_METOCLOPRAMIDE HYDROCHLOR,0.0,0.0,25,0.0,0.0,0.0,0.5582573798230143
item_METOLAZONE,0.0,0.0,25,0.0,0.0,0.0,0.5582573798230143
item_METOPROLOL SUCCINATE ER,0.0,0.0,25,0.0,0.0,0.0,0.5582573798230143
item_METOPROLOL TARTRATE,0.0,0.0,25,0.0,0.0,0.0,0.5582573798230143
item_METOPROLOL/HYDROCHLOROTHI,0.0,0.0,25,0.0,0.0,0.0,0.5582573798230143
item_METHENAMINE HIPPURATE,0.0,0.0,25,0.0,0.0,0.0,0.5582573798230143
item_METHIMAZOLE,0.0,0.0,25,0.0,0.0,0.0,0.5582573798230143
item_METHOCARBAMOL,0.0,0.0,25,0.0,0.0,0.0,0.5582573798230143
item_METHOTREXATE,0.0,0.0,25,0.0,0.0,0.0,0.5582573798230143
item_METHOTREXATE SODIUM,0.0,0.0,25,0.0,0.0,0.0,0.5582573798230143
item_METHSCOPOLAMINE BROMIDE,0.0,0.0,25,0.0,0.0,0.0,0.5582573798230143
item_METHYLDOPA,0.0,0.0,25,0.0,0.0,0.0,0.5582573798230143
item_METHYLPHENIDATE HYDROCHLO,0.0,0.0,25,0.0,0.0,0.0,0.5582573798230143
item_MESALAMINE,0.0,0.0,25,0.0,0.0,0.0,0.5582573798230143
item_MESALAMINE DR,0.0,0.0,25,0.0,0.0,0.0,0.5582573798230143
item_METANX,0.0,0.0,25,0.0,0.0,0.0,0.5582573798230143
item_METAXALONE,0.0,0.0,25,0.0,0.0,0.0,0.5582573798230143
item_METFORMIN HYDROCHLORIDE,0.0,0.0,25,0.0,0.0,0.0,0.5582573798230143
item_METFORMIN HYDROCHLORIDE E,0.0,0.0,25,0.0,0.0,0.0,0.5582573798230143
item_METHADONE HCL,0.0,0.0,25,0.0,0.0,0.0,0.5582573798230143
item_METHAZOLAMIDE,0.0,0.0,25,0.0,0.0,0.0,0.5582573798230143
item_MELATONIN,0.0,0.0,25,0.0,0.0,0.0,0.5582573798230143
item_MELOXICAM,0.0,0.0,25,0.0,0.0,0.0,0.5582573798230143
item_MEMANTINE HYDROCHLORIDE,0.0,0.0,25,0.0,0.0,0.0,0.5582573798230143
item_MEMANTINE HYDROCHLORIDE E,0.0,0.0,25,0.0,0.0,0.0,0.5582573798230143
item_MENEST,0.0,0.0,25,0.0,0.0,0.0,0.5582573798230143
item_MEPERIDINE HCL,0.0,0.0,25,0.0,0.0,0.0,0.5582573798230143
item_MERCAPTOPURINE,0.0,0.0,25,0.0,0.0,0.0,0.5582573798230143
item_MEROPENEM,0.0,0.0,25,0.0,0.0,0.0,0.5582573798230143
item_MONTELUKAST SODIUM,0.0,0.0,25,0.0,0.0,0.0,0.5582573798230143
item_MONUROL,0.0,0.0,25,0.0,0.0,0.0,0.5582573798230143
item_MORPHINE SULFATE,0.0,0.0,25,0.0,0.0,0.0,0.5582573798230143
item_MORPHINE SULFATE ER,0.0,0.0,25,0.0,0.0,0.0,0.5582573798230143
item_MOVANTIK,0.0,0.0,25,0.0,0.0,0.0,0.5582573798230143
item_MOVIPREP,0.0,0.0,25,0.0,0.0,0.0,0.5582573798230143
item_MOXIFLOXACIN HYDROCHLORID,0.0,0.0,25,0.0,0.0,0.0,0.5582573798230143
item_MUCINEX,0.0,0.0,25,0.0,0.0,0.0,0.5582573798230143
item_MIRTAZAPINE ODT,0.0,0.0,25,0.0,0.0,0.0,0.5582573798230143
item_MISOPROSTOL,0.0,0.0,25,0.0,0.0,0.0,0.5582573798230143
item_MITIGARE,0.0,0.0,25,0.0,0.0,0.0,0.5582573798230143
item_MODAFINIL,0.0,0.0,25,0.0,0.0,0.0,0.5582573798230143
item_MOEXIPRIL HCL,0.0,0.0,25,0.0,0.0,0.0,0.5582573798230143
item_MOMETASONE FUROATE,0.0,0.0,25,0.0,0.0,0.0,0.5582573798230143
item_MONOJECT INSULIN SYRINGE/,0.0,0.0,25,0.0,0.0,0.0,0.5582573798230143
item_MONOJECT ULTRA COMFORT IN,0.0,0.0,25,0.0,0.0,0.0,0.5582573798230143
item_MILK OF MAGNESIA,0.0,0.0,25,0.0,0.0,0.0,0.5582573798230143
item_MIMVEY,0.0,0.0,25,0.0,0.0,0.0,0.5582573798230143
item_MINIVELLE,0.0,0.0,25,0.0,0.0,0.0,0.5582573798230143
item_MINOCYCLINE HCL,0.0,0.0,25,0.0,0.0,0.0,0.5582573798230143
item_MINOCYCLINE HYDROCHLORIDE,0.0,0.0,25,0.0,0.0,0.0,0.5582573798230143
item_MINOXIDIL,0.0,0.0,25,0.0,0.0,0.0,0.5582573798230143
item_MIRALAX,0.0,0.0,25,0.0,0.0,0.0,0.5582573798230143
item_MIRTAZAPINE,0.0,0.0,25,0.0,0.0,0.0,0.5582573798230143
item_METRONIDAZOLE,0.0,0.0,25,0.0,0.0,0.0,0.5582573798230143
item_METRONIDAZOLE VAGINAL,0.0,0.0,25,0.0,0.0,0.0,0.5582573798230143
item_MEXILETINE HCL,0.0,0.0,25,0.0,0.0,0.0,0.5582573798230143
item_MI-ACID GAS RELIEF,0.0,0.0,25,0.0,0.0,0.0,0.5582573798230143
item_MICARDIS,0.0,0.0,25,0.0,0.0,0.0,0.5582573798230143
item_MICARDIS HCT,0.0,0.0,25,0.0,0.0,0.0,0.5582573798230143
item_MICROLET LANCETS,0.0,0.0,25,0.0,0.0,0.0,0.5582573798230143
item_MIDODRINE HCL,0.0,0.0,25,0.0,0.0,0.0,0.5582573798230143
item_NATURE-THROID,0.0,0.0,25,0.0,0.0,0.0,0.5582573798230143
item_NEFAZODONE HCL,0.0,0.0,25,0.0,0.0,0.0,0.5582573798230143
item_NEFAZODONE HYDROCHLORIDE,0.0,0.0,25,0.0,0.0,0.0,0.5582573798230143
item_NEOMYCIN SULFATE,0.0,0.0,25,0.0,0.0,0.0,0.5582573798230143
item_NEOMYCIN/POLYMYXIN/DEXAME,0.0,0.0,25,0.0,0.0,0.0,0.5582573798230143
item_NEOMYCIN/POLYMYXIN/HC,0.0,0.0,25,0.0,0.0,0.0,0.5582573798230143
item_NEOMYCIN/POLYMYXIN/HYDROC,0.0,0.0,25,0.0,0.0,0.0,0.5582573798230143
item_NEUPRO,0.0,0.0,25,0.0,0.0,0.0,0.5582573798230143
item_NAMZARIC,0.0,0.0,25,0.0,0.0,0.0,0.5582573798230143
item_NAPROXEN,0.0,0.0,25,0.0,0.0,0.0,0.5582573798230143
item_NAPROXEN DR,0.0,0.0,25,0.0,0.0,0.0,0.5582573798230143
item_NAPROXEN SODIUM,0.0,0.0,25,0.0,0.0,0.0,0.5582573798230143
item_NARATRIPTAN HCL,0.0,0.0,25,0.0,0.0,0.0,0.5582573798230143
item_NARCAN,0.0,0.0,25,0.0,0.0,0.0,0.5582573798230143
item_NASONEX,0.0,0.0,25,0.0,0.0,0.0,0.5582573798230143
item_NATEGLINIDE,0.0,0.0,25,0.0,0.0,0.0,0.5582573798230143
item_NABUMETONE,0.0,0.0,25,0.0,0.0,0.0,0.5582573798230143
item_NADOLOL,0.0,0.0,25,0.0,0.0,0.0,0.5582573798230143
item_NAFTIFINE HYDROCHLORIDE,0.0,0.0,25,0.0,0.0,0.0,0.5582573798230143
item_NAFTIN,0.0,0.0,25,0.0,0.0,0.0,0.5582573798230143
item_NALOXONE HCL,0.0,0.0,25,0.0,0.0,0.0,0.5582573798230143
item_NALTREXONE HCL,0.0,0.0,25,0.0,0.0,0.0,0.5582573798230143
item_NAMENDA,0.0,0.0,25,0.0,0.0,0.0,0.5582573798230143
item_NAMENDA XR,0.0,0.0,25,0.0,0.0,0.0,0.5582573798230143
item_MUCINEX DM,0.0,0.0,25,0.0,0.0,0.0,0.5582573798230143
item_MULTAQ,0.0,0.0,25,0.0,0.0,0.0,0.5582573798230143
item_MULTI-VITAMINS,0.0,0.0,25,0.0,0.0,0.0,0.5582573798230143
item_MULTIVITAMINS,0.0,0.0,25,0.0,0.0,0.0,0.5582573798230143
item_MUPIROCIN,0.0,0.0,25,0.0,0.0,0.0,0.5582573798230143
item_MYCOPHENOLATE MOFETIL,0.0,0.0,25,0.0,0.0,0.0,0.5582573798230143
item_MYCOPHENOLIC ACID DR,0.0,0.0,25,0.0,0.0,0.0,0.5582573798230143
item_MYRBETRIQ,0.0,0.0,25,0.0,0.0,0.0,0.5582573798230143
item_NORMAL SALINE FLUSH,0.0,0.0,25,0.0,0.0,0.0,0.5582573798230143
item_NORTRIPTYLINE HCL,0.0,0.0,25,0.0,0.0,0.0,0.5582573798230143
item_NORTRIPTYLINE HYDROCHLORI,0.0,0.0,25,0.0,0.0,0.0,0.5582573798230143
item_NORVASC,0.0,0.0,25,0.0,0.0,0.0,0.5582573798230143
item_NORVIR,0.0,0.0,25,0.0,0.0,0.0,0.5582573798230143
item_NOVOFINE 30GX8MM,0.0,0.0,25,0.0,0.0,0.0,0.5582573798230143
item_NOVOFINE AUTOCOVER PEN NE,0.0,0.0,25,0.0,0.0,0.0,0.5582573798230143
item_NOVOFINE PEN NEEDLE 32G X,0.0,0.0,25,0.0,0.0,0.0,0.5582573798230143
item_NITROFURANTOIN MONOHYDRAT,0.0,0.0,25,0.0,0.0,0.0,0.5582573798230143
item_NITROGLYCERIN,0.0,0.0,25,0.0,0.0,0.0,0.5582573798230143
item_NITROGLYCERIN LINGUAL,0.0,0.0,25,0.0,0.0,0.0,0.5582573798230143
item_NITROGLYCERIN TRANSDERMAL,0.0,0.0,25,0.0,0.0,0.0,0.5582573798230143
item_NITROSTAT,0.0,0.0,25,0.0,0.0,0.0,0.5582573798230143
item_NIZATIDINE,0.0,0.0,25,0.0,0.0,0.0,0.5582573798230143
item_NORETHINDRONE ACETATE,0.0,0.0,25,0.0,0.0,0.0,0.5582573798230143
item_NORETHINDRONE ACETATE/ETH,0.0,0.0,25,0.0,0.0,0.0,0.5582573798230143
item_NICOTROL INHALER,0.0,0.0,25,0.0,0.0,0.0,0.5582573798230143
item_NIFEDICAL XL,0.0,0.0,25,0.0,0.0,0.0,0.5582573798230143
item_NIFEDIPINE,0.0,0.0,25,0.0,0.0,0.0,0.5582573798230143
item_NIFEDIPINE ER,0.0,0.0,25,0.0,0.0,0.0,0.5582573798230143
item_NINLARO,0.0,0.0,25,0.0,0.0,0.0,0.5582573798230143
item_NISOLDIPINE ER,0.0,0.0,25,0.0,0.0,0.0,0.5582573798230143
item_NITRO-BID,0.0,0.0,25,0.0,0.0,0.0,0.5582573798230143
item_NITROFURANTOIN MACROCRYST,0.0,0.0,25,0.0,0.0,0.0,0.5582573798230143
item_NEURONTIN,0.0,0.0,25,0.0,0.0,0.0,0.5582573798230143
item_NEVANAC,0.0,0.0,25,0.0,0.0,0.0,0.5582573798230143
item_NEXAVAR,0.0,0.0,25,0.0,0.0,0.0,0.5582573798230143
item_NEXIUM,0.0,0.0,25,0.0,0.0,0.0,0.5582573798230143
item_NIACIN ER,0.0,0.0,25,0.0,0.0,0.0,0.5582573798230143
item_NIACOR,0.0,0.0,25,0.0,0.0,0.0,0.5582573798230143
item_NIASPAN,0.0,0.0,25,0.0,0.0,0.0,0.5582573798230143
item_NICOTINE TRANSDERMAL SYST,0.0,0.0,25,0.0,0.0,0.0,0.5582573798230143
item_NYSTATIN/TRIAMCINOLONE,0.0,0.0,25,0.0,0.0,0.0,0.5582573798230143
item_NYSTOP,0.0,0.0,25,0.0,0.0,0.0,0.5582573798230143
item_ODEFSEY,0.0,0.0,25,0.0,0.0,0.0,0.5582573798230143
item_OFEV,0.0,0.0,25,0.0,0.0,0.0,0.5582573798230143
item_OFLOXACIN,0.0,0.0,25,0.0,0.0,0.0,0.5582573798230143
item_OLANZAPINE,0.0,0.0,25,0.0,0.0,0.0,0.5582573798230143
item_OLANZAPINE ODT,0.0,0.0,25,0.0,0.0,0.0,0.5582573798230143
item_OLMESARTAN MEDOXOMIL,0.0,0.0,25,0.0,0.0,0.0,0.5582573798230143
item_NUCYNTA,0.0,0.0,25,0.0,0.0,0.0,0.5582573798230143
item_NUCYNTA ER,0.0,0.0,25,0.0,0.0,0.0,0.5582573798230143
item_NUEDEXTA,0.0,0.0,25,0.0,0.0,0.0,0.5582573798230143
item_NULYTELY/FLAVOR PACKS,0.0,0.0,25,0.0,0.0,0.0,0.5582573798230143
item_NUPLAZID,0.0,0.0,25,0.0,0.0,0.0,0.5582573798230143
item_NUVIGIL,0.0,0.0,25,0.0,0.0,0.0,0.5582573798230143
item_NYAMYC,0.0,0.0,25,0.0,0.0,0.0,0.5582573798230143
item_NYSTATIN,0.0,0.0,25,0.0,0.0,0.0,0.5582573798230143
item_NOVOLOG FLEXPEN,0.0,0.0,25,0.0,0.0,0.0,0.5582573798230143
item_NOVOLOG MIX 70/30,0.0,0.0,25,0.0,0.0,0.0,0.5582573798230143
item_NOVOLOG MIX 70/30 PREFILL,0.0,0.0,25,0.0,0.0,0.0,0.5582573798230143
item_NOVOTWIST PEN NEEDLE 32G,0.0,0.0,25,0.0,0.0,0.0,0.5582573798230143
item_NOXAFIL,0.0,0.0,25,0.0,0.0,0.0,0.5582573798230143
item_NP THYROID 30,0.0,0.0,25,0.0,0.0,0.0,0.5582573798230143
item_NP THYROID 60,0.0,0.0,25,0.0,0.0,0.0,0.5582573798230143
item_NP THYROID 90,0.0,0.0,25,0.0,0.0,0.0,0.5582573798230143
item_NOVOFINE PLUS PEN NEEDLE,0.0,0.0,25,0.0,0.0,0.0,0.5582573798230143
item_NOVOLIN 70/30,0.0,0.0,25,0.0,0.0,0.0,0.5582573798230143
item_NOVOLIN 70/30 RELION,0.0,0.0,25,0.0,0.0,0.0,0.5582573798230143
item_NOVOLIN N,0.0,0.0,25,0.0,0.0,0.0,0.5582573798230143
item_NOVOLIN N RELION,0.0,0.0,25,0.0,0.0,0.0,0.5582573798230143
item_NOVOLIN R,0.0,0.0,25,0.0,0.0,0.0,0.5582573798230143
item_NOVOLIN R RELION,0.0,0.0,25,0.0,0.0,0.0,0.5582573798230143
item_NOVOLOG,0.0,0.0,25,0.0,0.0,0.0,0.5582573798230143
item_OPTICHAMBER DIAMOND,0.0,0.0,25,0.0,0.0,0.0,0.5582573798230143
item_ORACEA,0.0,0.0,25,0.0,0.0,0.0,0.5582573798230143
item_ORENCIA,0.0,0.0,25,0.0,0.0,0.0,0.5582573798230143
item_ORPHENADRINE CITRATE ER,0.0,0.0,25,0.0,0.0,0.0,0.5582573798230143
item_OSELTAMIVIR PHOSPHATE,0.0,0.0,25,0.0,0.0,0.0,0.5582573798230143
item_OSPHENA,0.0,0.0,25,0.0,0.0,0.0,0.5582573798230143
item_OTEZLA,0.0,0.0,25,0.0,0.0,0.0,0.5582573798230143
item_OXAPROZIN,0.0,0.0,25,0.0,0.0,0.0,0.5582573798230143
item_ONETOUCH ULTRASOFT LANCET,0.0,0.0,25,0.0,0.0,0.0,0.5582573798230143
item_ONETOUCH VERIO,0.0,0.0,25,0.0,0.0,0.0,0.5582573798230143
item_ONETOUCH VERIO IQ BLOOD G,0.0,0.0,25,0.0,0.0,0.0,0.5582573798230143
item_ONETOUCH VERIO MID CONTRO,0.0,0.0,25,0.0,0.0,0.0,0.5582573798230143
item_ONETOUCH VERIO TEST STRIP,0.0,0.0,25,0.0,0.0,0.0,0.5582573798230143
item_ONGLYZA,0.0,0.0,25,0.0,0.0,0.0,0.5582573798230143
item_OPANA ER (CRUSH RESISTANT,0.0,0.0,25,0.0,0.0,0.0,0.5582573798230143
item_OPSUMIT,0.0,0.0,25,0.0,0.0,0.0,0.5582573798230143
item_ONDANSETRON HYDROCHLORIDE,0.0,0.0,25,0.0,0.0,0.0,0.5582573798230143
item_ONDANSETRON ODT,0.0,0.0,25,0.0,0.0,0.0,0.5582573798230143
item_ONETOUCH DELICA LANCETS E,0.0,0.0,25,0.0,0.0,0.0,0.5582573798230143
item_ONETOUCH DELICA LANCETS F,0.0,0.0,25,0.0,0.0,0.0,0.5582573798230143
item_ONETOUCH ULTRA,0.0,0.0,25,0.0,0.0,0.0,0.5582573798230143
item_ONETOUCH ULTRA 2,0.0,0.0,25,0.0,0.0,0.0,0.5582573798230143
item_ONETOUCH ULTRA CONTROL,0.0,0.0,25,0.0,0.0,0.0,0.5582573798230143
item_ONETOUCH ULTRA MINI,0.0,0.0,25,0.0,0.0,0.0,0.5582573798230143
item_OLMESARTAN MEDOXOMIL/AMLO,0.0,0.0,25,0.0,0.0,0.0,0.5582573798230143
item_OLMESARTAN MEDOXOMIL/HYDR,0.0,0.0,25,0.0,0.0,0.0,0.5582573798230143
item_OLOPATADINE HCL,0.0,0.0,25,0.0,0.0,0.0,0.5582573798230143
item_OLOPATADINE HYDROCHLORIDE,0.0,0.0,25,0.0,0.0,0.0,0.5582573798230143
item_OMEGA-3-ACID ETHYL ESTERS,0.0,0.0,25,0.0,0.0,0.0,0.5582573798230143
item_OMEPRAZOLE,0.0,0.0,25,0.0,0.0,0.0,0.5582573798230143
item_OMEPRAZOLE DR,0.0,0.0,25,0.0,0.0,0.0,0.5582573798230143
item_OMEPRAZOLE/SODIUM BICARBO,0.0,0.0,25,0.0,0.0,0.0,0.5582573798230143
item_PEG 3350/ELECTROLYTES,0.0,0.0,25,0.0,0.0,0.0,0.5582573798230143
item_PEG-3350/ELECTROLYTES,0.0,0.0,25,0.0,0.0,0.0,0.5582573798230143
item_PEG-3350/NACL/NA BICARBON,0.0,0.0,25,0.0,0.0,0.0,0.5582573798230143
"item_PEN NEEDLES 31GX6MM (1/4""",0.0,0.0,25,0.0,0.0,0.0,0.5582573798230143
item_PEN NEEDLES 31GX8MM (5/16,0.0,0.0,25,0.0,0.0,0.0,0.5582573798230143
item_PEN NEEDLES 32GX4MM,0.0,0.0,25,0.0,0.0,0.0,0.5582573798230143
item_PENICILLIN V POTASSIUM,0.0,0.0,25,0.0,0.0,0.0,0.5582573798230143
item_PENNSAID,0.0,0.0,25,0.0,0.0,0.0,0.5582573798230143
item_PANTOPRAZOLE SODIUM,0.0,0.0,25,0.0,0.0,0.0,0.5582573798230143
item_PARICALCITOL,0.0,0.0,25,0.0,0.0,0.0,0.5582573798230143
item_PAROXETINE HCL,0.0,0.0,25,0.0,0.0,0.0,0.5582573798230143
item_PAROXETINE HCL ER,0.0,0.0,25,0.0,0.0,0.0,0.5582573798230143
item_PAROXETINE HYDROCHLORIDE,0.0,0.0,25,0.0,0.0,0.0,0.5582573798230143
item_PATADAY,0.0,0.0,25,0.0,0.0,0.0,0.5582573798230143
item_PATANOL,0.0,0.0,25,0.0,0.0,0.0,0.5582573798230143
item_PAZEO,0.0,0.0,25,0.0,0.0,0.0,0.5582573798230143
item_OXYCONTIN,0.0,0.0,25,0.0,0.0,0.0,0.5582573798230143
item_OXYMORPHONE HYDROCHLORIDE,0.0,0.0,25,0.0,0.0,0.0,0.5582573798230143
item_OYSTER SHELL CALCIUM,0.0,0.0,25,0.0,0.0,0.0,0.5582573798230143
item_OYSTER SHELL CALCIUM/VITA,0.0,0.0,25,0.0,0.0,0.0,0.5582573798230143
item_PACERONE,0.0,0.0,25,0.0,0.0,0.0,0.5582573798230143
item_PAIN & FEVER,0.0,0.0,25,0.0,0.0,0.0,0.5582573798230143
item_PAIN & FEVER EXTRA STRENG,0.0,0.0,25,0.0,0.0,0.0,0.5582573798230143
item_PALIPERIDONE ER,0.0,0.0,25,0.0,0.0,0.0,0.5582573798230143
item_OXAZEPAM,0.0,0.0,25,0.0,0.0,0.0,0.5582573798230143
item_OXCARBAZEPINE,0.0,0.0,25,0.0,0.0,0.0,0.5582573798230143
item_OXYBUTYNIN CHLORIDE,0.0,0.0,25,0.0,0.0,0.0,0.5582573798230143
item_OXYBUTYNIN CHLORIDE ER,0.0,0.0,25,0.0,0.0,0.0,0.5582573798230143
item_OXYCODONE HCL,0.0,0.0,25,0.0,0.0,0.0,0.5582573798230143
item_OXYCODONE HCL ER,0.0,0.0,25,0.0,0.0,0.0,0.5582573798230143
item_OXYCODONE HYDROCHLORIDE,0.0,0.0,25,0.0,0.0,0.0,0.5582573798230143
item_OXYCODONE/ACETAMINOPHEN,0.0,0.0,25,0.0,0.0,0.0,0.5582573798230143
item_PINDOLOL,0.0,0.0,25,0.0,0.0,0.0,0.5582573798230143
item_PIOGLITAZONE HCL,0.0,0.0,25,0.0,0.0,0.0,0.5582573798230143
item_PIOGLITAZONE HCL/METFORMI,0.0,0.0,25,0.0,0.0,0.0,0.5582573798230143
item_PIOGLITAZONE HYDROCHLORID,0.0,0.0,25,0.0,0.0,0.0,0.5582573798230143
item_PIPERACILLIN SODIUM/TAZOB,0.0,0.0,25,0.0,0.0,0.0,0.5582573798230143
item_PIROXICAM,0.0,0.0,25,0.0,0.0,0.0,0.5582573798230143
item_PLAVIX,0.0,0.0,25,0.0,0.0,0.0,0.5582573798230143
item_PNEUMOVAX 23,0.0,0.0,25,0.0,0.0,0.0,0.5582573798230143
item_PHENYTOIN,0.0,0.0,25,0.0,0.0,0.0,0.5582573798230143
item_PHENYTOIN INFATABS,0.0,0.0,25,0.0,0.0,0.0,0.5582573798230143
item_PHENYTOIN SODIUM EXTENDED,0.0,0.0,25,0.0,0.0,0.0,0.5582573798230143
item_PHILLIPS STOOL SOFTENER,0.0,0.0,25,0.0,0.0,0.0,0.5582573798230143
item_PHOSPHA 250 NEUTRAL,0.0,0.0,25,0.0,0.0,0.0,0.5582573798230143
item_PICATO,0.0,0.0,25,0.0,0.0,0.0,0.5582573798230143
item_PILOCARPINE HCL,0.0,0.0,25,0.0,0.0,0.0,0.5582573798230143
item_PILOCARPINE HYDROCHLORIDE,0.0,0.0,25,0.0,0.0,0.0,0.5582573798230143
item_PHARMACIST CHOICE ALCOHOL,0.0,0.0,25,0.0,0.0,0.0,0.5582573798230143
item_PHARMACIST CHOICE ULTRA T,0.0,0.0,25,0.0,0.0,0.0,0.5582573798230143
item_PHENADOZ,0.0,0.0,25,0.0,0.0,0.0,0.5582573798230143
item_PHENAZOPYRIDINE HCL,0.0,0.0,25,0.0,0.0,0.0,0.5582573798230143
item_PHENAZOPYRIDINE HYDROCHLO,0.0,0.0,25,0.0,0.0,0.0,0.5582573798230143
item_PHENOBARBITAL,0.0,0.0,25,0.0,0.0,0.0,0.5582573798230143
item_PHENTERMINE HCL,0.0,0.0,25,0.0,0.0,0.0,0.5582573798230143
item_PHENTERMINE HYDROCHLORIDE,0.0,0.0,25,0.0,0.0,0.0,0.5582573798230143
item_PENTASA,0.0,0.0,25,0.0,0.0,0.0,0.5582573798230143
item_PENTOXIFYLLINE ER,0.0,0.0,25,0.0,0.0,0.0,0.5582573798230143
item_PERCOCET,0.0,0.0,25,0.0,0.0,0.0,0.5582573798230143
item_PERFOROMIST,0.0,0.0,25,0.0,0.0,0.0,0.5582573798230143
item_PERINDOPRIL ERBUMINE,0.0,0.0,25,0.0,0.0,0.0,0.5582573798230143
item_PERMETHRIN,0.0,0.0,25,0.0,0.0,0.0,0.5582573798230143
item_PERPHENAZINE,0.0,0.0,25,0.0,0.0,0.0,0.5582573798230143
item_PERPHENAZINE/AMITRIPTYLIN,0.0,0.0,25,0.0,0.0,0.0,0.5582573798230143
item_PREPOPIK,0.0,0.0,25,0.0,0.0,0.0,0.5582573798230143
item_PREVACID,0.0,0.0,25,0.0,0.0,0.0,0.5582573798230143
item_PREVACID SOLUTAB,0.0,0.0,25,0.0,0.0,0.0,0.5582573798230143
item_PREVALITE,0.0,0.0,25,0.0,0.0,0.0,0.5582573798230143
item_PREVIDENT 5000 BOOSTER PL,0.0,0.0,25,0.0,0.0,0.0,0.5582573798230143
item_PREVIDENT 5000 DRY MOUTH,0.0,0.0,25,0.0,0.0,0.0,0.5582573798230143
item_PREVIDENT 5000 ENAMEL PRO,0.0,0.0,25,0.0,0.0,0.0,0.5582573798230143
item_PREVIDENT 5000 PLUS,0.0,0.0,25,0.0,0.0,0.0,0.5582573798230143
item_PRED FORTE,0.0,0.0,25,0.0,0.0,0.0,0.5582573798230143
item_PREDNISOLONE,0.0,0.0,25,0.0,0.0,0.0,0.5582573798230143
item_PREDNISOLONE ACETATE,0.0,0.0,25,0.0,0.0,0.0,0.5582573798230143
item_PREDNISOLONE SODIUM PHOSP,0.0,0.0,25,0.0,0.0,0.0,0.5582573798230143
item_PREDNISONE,0.0,0.0,25,0.0,0.0,0.0,0.5582573798230143
item_PREMARIN,0.0,0.0,25,0.0,0.0,0.0,0.5582573798230143
item_PREMPRO,0.0,0.0,25,0.0,0.0,0.0,0.5582573798230143
item_PRENATE DHA,0.0,0.0,25,0.0,0.0,0.0,0.5582573798230143
item_PRADAXA,0.0,0.0,25,0.0,0.0,0.0,0.5582573798230143
item_PRALUENT,0.0,0.0,25,0.0,0.0,0.0,0.5582573798230143
item_PRAMIPEXOLE DIHYDROCHLORI,0.0,0.0,25,0.0,0.0,0.0,0.5582573798230143
item_PRASUGREL,0.0,0.0,25,0.0,0.0,0.0,0.5582573798230143
item_PRAVASTATIN SODIUM,0.0,0.0,25,0.0,0.0,0.0,0.5582573798230143
item_PRAZOSIN HCL,0.0,0.0,25,0.0,0.0,0.0,0.5582573798230143
item_PRAZOSIN HYDROCHLORIDE,0.0,0.0,25,0.0,0.0,0.0,0.5582573798230143
item_PRECISION XTRA BLOOD GLUC,0.0,0.0,25,0.0,0.0,0.0,0.5582573798230143
item_POLYETHYLENE GLYCOL 3350,0.0,0.0,25,0.0,0.0,0.0,0.5582573798230143
item_POLYMYXIN B SULFATE/TRIME,0.0,0.0,25,0.0,0.0,0.0,0.5582573798230143
item_POMALYST,0.0,0.0,25,0.0,0.0,0.0,0.5582573798230143
item_POTASSIUM CHLORIDE,0.0,0.0,25,0.0,0.0,0.0,0.5582573798230143
item_POTASSIUM CHLORIDE CR,0.0,0.0,25,0.0,0.0,0.0,0.5582573798230143
item_POTASSIUM CHLORIDE ER,0.0,0.0,25,0.0,0.0,0.0,0.5582573798230143
item_POTASSIUM CHLORIDE SR,0.0,0.0,25,0.0,0.0,0.0,0.5582573798230143
item_POTASSIUM CITRATE ER,0.0,0.0,25,0.0,0.0,0.0,0.5582573798230143
item_PROMETHAZINE HCL,0.0,0.0,25,0.0,0.0,0.0,0.5582573798230143
item_PROMETHAZINE HCL PLAIN,0.0,0.0,25,0.0,0.0,0.0,0.5582573798230143
item_PROMETHAZINE HYDROCHLORID,0.0,0.0,25,0.0,0.0,0.0,0.5582573798230143
item_PROMETHAZINE VC PLAIN,0.0,0.0,25,0.0,0.0,0.0,0.5582573798230143
item_PROMETHAZINE VC/CODEINE,0.0,0.0,25,0.0,0.0,0.0,0.5582573798230143
item_PROMETHAZINE/CODEINE,0.0,0.0,25,0.0,0.0,0.0,0.5582573798230143
item_PROMETHAZINE/DEXTROMETHOR,0.0,0.0,25,0.0,0.0,0.0,0.5582573798230143
item_PROMETHAZINE/PHENYLEPHRIN,0.0,0.0,25,0.0,0.0,0.0,0.5582573798230143
item_PROCTOSOL HC,0.0,0.0,25,0.0,0.0,0.0,0.5582573798230143
item_PROCTOZONE-HC,0.0,0.0,25,0.0,0.0,0.0,0.5582573798230143
item_PRODIGY NO CODING BLOOD G,0.0,0.0,25,0.0,0.0,0.0,0.5582573798230143
item_PROGESTERONE,0.0,0.0,25,0.0,0.0,0.0,0.5582573798230143
item_PROGRAF,0.0,0.0,25,0.0,0.0,0.0,0.5582573798230143
item_PROLENSA,0.0,0.0,25,0.0,0.0,0.0,0.5582573798230143
item_PROLIA,0.0,0.0,25,0.0,0.0,0.0,0.5582573798230143
item_PROMACTA,0.0,0.0,25,0.0,0.0,0.0,0.5582573798230143
item_PROAIR HFA,0.0,0.0,25,0.0,0.0,0.0,0.5582573798230143
item_PROAIR RESPICLICK,0.0,0.0,25,0.0,0.0,0.0,0.5582573798230143
item_PROBENECID,0.0,0.0,25,0.0,0.0,0.0,0.5582573798230143
item_PROBENECID/COLCHICINE,0.0,0.0,25,0.0,0.0,0.0,0.5582573798230143
item_PROCHLORPERAZINE MALEATE,0.0,0.0,25,0.0,0.0,0.0,0.5582573798230143
item_PROCRIT,0.0,0.0,25,0.0,0.0,0.0,0.5582573798230143
item_PROCTO-MED HC,0.0,0.0,25,0.0,0.0,0.0,0.5582573798230143
item_PROCTOFOAM HC,0.0,0.0,25,0.0,0.0,0.0,0.5582573798230143
item_PREVIDENT 5000 SENSITIVE,0.0,0.0,25,0.0,0.0,0.0,0.5582573798230143
item_PREVIDENT FLUORIDE,0.0,0.0,25,0.0,0.0,0.0,0.5582573798230143
item_PREVNAR 13,0.0,0.0,25,0.0,0.0,0.0,0.5582573798230143
item_PREZCOBIX,0.0,0.0,25,0.0,0.0,0.0,0.5582573798230143
item_PREZISTA,0.0,0.0,25,0.0,0.0,0.0,0.5582573798230143
item_PRILOSEC OTC,0.0,0.0,25,0.0,0.0,0.0,0.5582573798230143
item_PRIMIDONE,0.0,0.0,25,0.0,0.0,0.0,0.5582573798230143
item_PRISTIQ,0.0,0.0,25,0.0,0.0,0.0,0.5582573798230143
item_RA ALLERGY RELIEF,0.0,0.0,25,0.0,0.0,0.0,0.5582573798230143
item_RA ASPIRIN ADULT LOW STRE,0.0,0.0,25,0.0,0.0,0.0,0.5582573798230143
item_RA ASPIRIN EC,0.0,0.0,25,0.0,0.0,0.0,0.5582573798230143
item_RA ASPIRIN EC ADULT LOW S,0.0,0.0,25,0.0,0.0,0.0,0.5582573798230143
item_RA COL-RITE,0.0,0.0,25,0.0,0.0,0.0,0.5582573798230143
item_RA LORATADINE,0.0,0.0,25,0.0,0.0,0.0,0.5582573798230143
item_RA PEN NEEDLES 31G X 5MM,0.0,0.0,25,0.0,0.0,0.0,0.5582573798230143
item_RA PEN NEEDLES 31G X 8MM,0.0,0.0,25,0.0,0.0,0.0,0.5582573798230143
item_QUETIAPINE FUMARATE ER,0.0,0.0,25,0.0,0.0,0.0,0.5582573798230143
item_QUINAPRIL HCL,0.0,0.0,25,0.0,0.0,0.0,0.5582573798230143
item_QUINAPRIL HYDROCHLORIDE,0.0,0.0,25,0.0,0.0,0.0,0.5582573798230143
item_QUINAPRIL/HYDROCHLOROTHIA,0.0,0.0,25,0.0,0.0,0.0,0.5582573798230143
item_QUININE SULFATE,0.0,0.0,25,0.0,0.0,0.0,0.5582573798230143
item_QVAR,0.0,0.0,25,0.0,0.0,0.0,0.5582573798230143
item_QVAR REDIHALER,0.0,0.0,25,0.0,0.0,0.0,0.5582573798230143
item_RA ACETAMINOPHEN EXTRA ST,0.0,0.0,25,0.0,0.0,0.0,0.5582573798230143
item_PROTONIX,0.0,0.0,25,0.0,0.0,0.0,0.5582573798230143
item_PROVENTIL HFA,0.0,0.0,25,0.0,0.0,0.0,0.5582573798230143
item_PROZAC,0.0,0.0,25,0.0,0.0,0.0,0.5582573798230143
item_PULMICORT FLEXHALER,0.0,0.0,25,0.0,0.0,0.0,0.5582573798230143
item_PULMOMATE COMPRESSOR W/DI,0.0,0.0,25,0.0,0.0,0.0,0.5582573798230143
item_PYRIDOSTIGMINE BROMIDE,0.0,0.0,25,0.0,0.0,0.0,0.5582573798230143
item_QNASL,0.0,0.0,25,0.0,0.0,0.0,0.5582573798230143
item_QUETIAPINE FUMARATE,0.0,0.0,25,0.0,0.0,0.0,0.5582573798230143
item_PROMETHEGAN,0.0,0.0,25,0.0,0.0,0.0,0.5582573798230143
item_PROPAFENONE HCL,0.0,0.0,25,0.0,0.0,0.0,0.5582573798230143
item_PROPAFENONE HYDROCHLORIDE,0.0,0.0,25,0.0,0.0,0.0,0.5582573798230143
item_PROPRANOLOL HCL,0.0,0.0,25,0.0,0.0,0.0,0.5582573798230143
item_PROPRANOLOL HCL ER,0.0,0.0,25,0.0,0.0,0.0,0.5582573798230143
item_PROPRANOLOL HYDROCHLORIDE,0.0,0.0,25,0.0,0.0,0.0,0.5582573798230143
item_PROPYLTHIOURACIL,0.0,0.0,25,0.0,0.0,0.0,0.5582573798230143
item_PROSOL,0.0,0.0,25,0.0,0.0,0.0,0.5582573798230143
item_RENAGEL,0.0,0.0,25,0.0,0.0,0.0,0.5582573798230143
item_RENAL CAPS,0.0,0.0,25,0.0,0.0,0.0,0.5582573798230143
item_RENO CAPS,0.0,0.0,25,0.0,0.0,0.0,0.5582573798230143
item_RENVELA,0.0,0.0,25,0.0,0.0,0.0,0.5582573798230143
item_REPAGLINIDE,0.0,0.0,25,0.0,0.0,0.0,0.5582573798230143
item_REPATHA,0.0,0.0,25,0.0,0.0,0.0,0.5582573798230143
item_REPATHA SURECLICK,0.0,0.0,25,0.0,0.0,0.0,0.5582573798230143
item_RESTASIS,0.0,0.0,25,0.0,0.0,0.0,0.5582573798230143
item_RELION MINI PEN NEEDLES 3,0.0,0.0,25,0.0,0.0,0.0,0.5582573798230143
item_RELION PEN NEEDLES 31GX6M,0.0,0.0,25,0.0,0.0,0.0,0.5582573798230143
item_RELION PEN NEEDLES 31GX8M,0.0,0.0,25,0.0,0.0,0.0,0.5582573798230143
item_RELION PEN NEEDLES 32GX4M,0.0,0.0,25,0.0,0.0,0.0,0.5582573798230143
item_RELION PRIME BLOOD GLUCOS,0.0,0.0,25,0.0,0.0,0.0,0.5582573798230143
item_RELION SHORT PEN NEEDLES,0.0,0.0,25,0.0,0.0,0.0,0.5582573798230143
item_RELISTOR,0.0,0.0,25,0.0,0.0,0.0,0.5582573798230143
item_RELPAX,0.0,0.0,25,0.0,0.0,0.0,0.5582573798230143
item_RASAGILINE MESYLATE,0.0,0.0,25,0.0,0.0,0.0,0.5582573798230143
item_READI-CAT 2,0.0,0.0,25,0.0,0.0,0.0,0.5582573798230143
item_READI-CAT 2 BERRY SMOOTHI,0.0,0.0,25,0.0,0.0,0.0,0.5582573798230143
item_READI-CAT 2 CREAMY VANILL,0.0,0.0,25,0.0,0.0,0.0,0.5582573798230143
item_REFRESH TEARS,0.0,0.0,25,0.0,0.0,0.0,0.5582573798230143
item_RELION INSULIN SYRINGE 0.,0.0,0.0,25,0.0,0.0,0.0,0.5582573798230143
item_RELION INSULIN SYRINGE 1M,0.0,0.0,25,0.0,0.0,0.0,0.5582573798230143
item_RELION INSULIN SYRINGE/U-,0.0,0.0,25,0.0,0.0,0.0,0.5582573798230143
item_RA VITAMIN D-3,0.0,0.0,25,0.0,0.0,0.0,0.5582573798230143
item_RABEPRAZOLE SODIUM,0.0,0.0,25,0.0,0.0,0.0,0.5582573798230143
item_RALOXIFENE HYDROCHLORIDE,0.0,0.0,25,0.0,0.0,0.0,0.5582573798230143
item_RAMIPRIL,0.0,0.0,25,0.0,0.0,0.0,0.5582573798230143
item_RANEXA,0.0,0.0,25,0.0,0.0,0.0,0.5582573798230143
item_RANITIDINE HCL,0.0,0.0,25,0.0,0.0,0.0,0.5582573798230143
item_RANITIDINE HYDROCHLORIDE,0.0,0.0,25,0.0,0.0,0.0,0.5582573798230143
item_RAPAFLO,0.0,0.0,25,0.0,0.0,0.0,0.5582573798230143
item_ROSUVASTATIN CALCIUM,0.0,0.0,25,0.0,0.0,0.0,0.5582573798230143
item_ROZEREM,0.0,0.0,25,0.0,0.0,0.0,0.5582573798230143
item_RYTARY,0.0,0.0,25,0.0,0.0,0.0,0.5582573798230143
item_SANTYL,0.0,0.0,25,0.0,0.0,0.0,0.5582573798230143
item_SAPHRIS,0.0,0.0,25,0.0,0.0,0.0,0.5582573798230143
item_SAVAYSA,0.0,0.0,25,0.0,0.0,0.0,0.5582573798230143
item_SAVELLA,0.0,0.0,25,0.0,0.0,0.0,0.5582573798230143
item_SCOPOLAMINE,0.0,0.0,25,0.0,0.0,0.0,0.5582573798230143
item_RIVASTIGMINE TRANSDERMAL,0.0,0.0,25,0.0,0.0,0.0,0.5582573798230143
item_RIZATRIPTAN BENZOATE,0.0,0.0,25,0.0,0.0,0.0,0.5582573798230143
item_RIZATRIPTAN BENZOATE ODT,0.0,0.0,25,0.0,0.0,0.0,0.5582573798230143
item_ROBAFEN,0.0,0.0,25,0.0,0.0,0.0,0.5582573798230143
item_ROBAFEN DM,0.0,0.0,25,0.0,0.0,0.0,0.5582573798230143
item_ROPINIROLE ER,0.0,0.0,25,0.0,0.0,0.0,0.5582573798230143
item_ROPINIROLE HCL,0.0,0.0,25,0.0,0.0,0.0,0.5582573798230143
item_ROPINIROLE HYDROCHLORIDE,0.0,0.0,25,0.0,0.0,0.0,0.5582573798230143
item_RISAMINE,0.0,0.0,25,0.0,0.0,0.0,0.5582573798230143
item_RISAQUAD,0.0,0.0,25,0.0,0.0,0.0,0.5582573798230143
item_RISEDRONATE SODIUM,0.0,0.0,25,0.0,0.0,0.0,0.5582573798230143
item_RISEDRONATE SODIUM DR,0.0,0.0,25,0.0,0.0,0.0,0.5582573798230143
item_RISPERDAL CONSTA,0.0,0.0,25,0.0,0.0,0.0,0.5582573798230143
item_RISPERIDONE,0.0,0.0,25,0.0,0.0,0.0,0.5582573798230143
item_RISPERIDONE ODT,0.0,0.0,25,0.0,0.0,0.0,0.5582573798230143
item_RIVASTIGMINE TARTRATE,0.0,0.0,25,0.0,0.0,0.0,0.5582573798230143
item_RESTASIS MULTIDOSE,0.0,0.0,25,0.0,0.0,0.0,0.5582573798230143
item_RETIN-A,0.0,0.0,25,0.0,0.0,0.0,0.5582573798230143
item_REVLIMID,0.0,0.0,25,0.0,0.0,0.0,0.5582573798230143
item_REXULTI,0.0,0.0,25,0.0,0.0,0.0,0.5582573798230143
item_REYATAZ,0.0,0.0,25,0.0,0.0,0.0,0.5582573798230143
item_RHOFADE,0.0,0.0,25,0.0,0.0,0.0,0.5582573798230143
item_RIFAMPIN,0.0,0.0,25,0.0,0.0,0.0,0.5582573798230143
item_RILUZOLE,0.0,0.0,25,0.0,0.0,0.0,0.5582573798230143
item_SIROLIMUS,0.0,0.0,25,0.0,0.0,0.0,0.5582573798230143
item_SM ASPIRIN ADULT LOW STRE,0.0,0.0,25,0.0,0.0,0.0,0.5582573798230143
item_SODIUM BICARBONATE,0.0,0.0,25,0.0,0.0,0.0,0.5582573798230143
item_SODIUM CHLORIDE,0.0,0.0,25,0.0,0.0,0.0,0.5582573798230143
item_SODIUM CHLORIDE 0.45%,0.0,0.0,25,0.0,0.0,0.0,0.5582573798230143
item_SODIUM CHLORIDE 0.9%,0.0,0.0,25,0.0,0.0,0.0,0.5582573798230143
item_SODIUM POLYSTYRENE SULFON,0.0,0.0,25,0.0,0.0,0.0,0.5582573798230143
item_SODIUM SULFACETAMIDE,0.0,0.0,25,0.0,0.0,0.0,0.5582573798230143
item_SILDENAFIL CITRATE,0.0,0.0,25,0.0,0.0,0.0,0.5582573798230143
item_SILENOR,0.0,0.0,25,0.0,0.0,0.0,0.5582573798230143
item_SILVER SULFADIAZINE,0.0,0.0,25,0.0,0.0,0.0,0.5582573798230143
item_SIMBRINZA,0.0,0.0,25,0.0,0.0,0.0,0.5582573798230143
item_SIMETHICONE,0.0,0.0,25,0.0,0.0,0.0,0.5582573798230143
item_SIMPONI,0.0,0.0,25,0.0,0.0,0.0,0.5582573798230143
item_SIMVASTATIN,0.0,0.0,25,0.0,0.0,0.0,0.5582573798230143
item_SINGULAIR,0.0,0.0,25,0.0,0.0,0.0,0.5582573798230143
item_SEROQUEL,0.0,0.0,25,0.0,0.0,0.0,0.5582573798230143
item_SEROQUEL XR,0.0,0.0,25,0.0,0.0,0.0,0.5582573798230143
item_SERTRALINE HCL,0.0,0.0,25,0.0,0.0,0.0,0.5582573798230143
item_SERTRALINE HYDROCHLORIDE,0.0,0.0,25,0.0,0.0,0.0,0.5582573798230143
item_SEVELAMER CARBONATE,0.0,0.0,25,0.0,0.0,0.0,0.5582573798230143
item_SF,0.0,0.0,25,0.0,0.0,0.0,0.5582573798230143
item_SF 5000 PLUS,0.0,0.0,25,0.0,0.0,0.0,0.5582573798230143
item_SHINGRIX,0.0,0.0,25,0.0,0.0,0.0,0.5582573798230143
item_SELEGILINE HCL,0.0,0.0,25,0.0,0.0,0.0,0.5582573798230143
item_SELENIUM SULFIDE,0.0,0.0,25,0.0,0.0,0.0,0.5582573798230143
item_SENEXON-S,0.0,0.0,25,0.0,0.0,0.0,0.5582573798230143
item_SENNA,0.0,0.0,25,0.0,0.0,0.0,0.5582573798230143
item_SENNA LAX,0.0,0.0,25,0.0,0.0,0.0,0.5582573798230143
item_SENNA PLUS,0.0,0.0,25,0.0,0.0,0.0,0.5582573798230143
item_SENSIPAR,0.0,0.0,25,0.0,0.0,0.0,0.5582573798230143
item_SEREVENT DISKUS,0.0,0.0,25,0.0,0.0,0.0,0.5582573798230143
item_SULINDAC,0.0,0.0,25,0.0,0.0,0.0,0.5582573798230143
item_SUMATRIPTAN,0.0,0.0,25,0.0,0.0,0.0,0.5582573798230143
item_SUMATRIPTAN SUCCINATE,0.0,0.0,25,0.0,0.0,0.0,0.5582573798230143
item_SUMATRIPTAN SUCCINATE REF,0.0,0.0,25,0.0,0.0,0.0,0.5582573798230143
item_SUPREP BOWEL PREP KIT,0.0,0.0,25,0.0,0.0,0.0,0.5582573798230143
item_SURE COMFORT INSULIN SYRI,0.0,0.0,25,0.0,0.0,0.0,0.5582573798230143
item_SURE COMFORT PEN NEEDLES,0.0,0.0,25,0.0,0.0,0.0,0.5582573798230143
item_SUSTIVA,0.0,0.0,25,0.0,0.0,0.0,0.5582573798230143
item_STOOL SOFTENER,0.0,0.0,25,0.0,0.0,0.0,0.5582573798230143
item_STRATTERA,0.0,0.0,25,0.0,0.0,0.0,0.5582573798230143
item_STROVITE ONE,0.0,0.0,25,0.0,0.0,0.0,0.5582573798230143
item_SUBOXONE,0.0,0.0,25,0.0,0.0,0.0,0.5582573798230143
item_SUCRALFATE,0.0,0.0,25,0.0,0.0,0.0,0.5582573798230143
item_SULFACETAMIDE SODIUM,0.0,0.0,25,0.0,0.0,0.0,0.5582573798230143
item_SULFAMETHOXAZOLE/TRIMETHO,0.0,0.0,25,0.0,0.0,0.0,0.5582573798230143
item_SULFASALAZINE,0.0,0.0,25,0.0,0.0,0.0,0.5582573798230143
item_SPIRONOLACTONE/HYDROCHLOR,0.0,0.0,25,0.0,0.0,0.0,0.5582573798230143
item_SPRYCEL,0.0,0.0,25,0.0,0.0,0.0,0.5582573798230143
item_SPS,0.0,0.0,25,0.0,0.0,0.0,0.5582573798230143
item_SSD,0.0,0.0,25,0.0,0.0,0.0,0.5582573798230143
item_STELARA,0.0,0.0,25,0.0,0.0,0.0,0.5582573798230143
item_STERILE WATER FOR INJECTI,0.0,0.0,25,0.0,0.0,0.0,0.5582573798230143
item_STERILE WATER FOR IRRIGAT,0.0,0.0,25,0.0,0.0,0.0,0.5582573798230143
item_STIOLTO RESPIMAT,0.0,0.0,25,0.0,0.0,0.0,0.5582573798230143
item_SODIUM SULFACETAMIDE/SULF,0.0,0.0,25,0.0,0.0,0.0,0.5582573798230143
item_SOLU-MEDROL,0.0,0.0,25,0.0,0.0,0.0,0.5582573798230143
item_SOOLANTRA,0.0,0.0,25,0.0,0.0,0.0,0.5582573798230143
item_SOTALOL HCL,0.0,0.0,25,0.0,0.0,0.0,0.5582573798230143
item_SOTALOL HCL (AF),0.0,0.0,25,0.0,0.0,0.0,0.5582573798230143
item_SPIRIVA HANDIHALER,0.0,0.0,25,0.0,0.0,0.0,0.5582573798230143
item_SPIRIVA RESPIMAT,0.0,0.0,25,0.0,0.0,0.0,0.5582573798230143
item_SPIRONOLACTONE,0.0,0.0,25,0.0,0.0,0.0,0.5582573798230143
item_TEMAZEPAM,0.0,0.0,25,0.0,0.0,0.0,0.5582573798230143
item_TENIVAC,0.0,0.0,25,0.0,0.0,0.0,0.5582573798230143
item_TENOFOVIR DISOPROXIL FUMA,0.0,0.0,25,0.0,0.0,0.0,0.5582573798230143
item_TERAZOSIN HCL,0.0,0.0,25,0.0,0.0,0.0,0.5582573798230143
item_TERAZOSIN HYDROCHLORIDE,0.0,0.0,25,0.0,0.0,0.0,0.5582573798230143
item_TERBINAFINE HCL,0.0,0.0,25,0.0,0.0,0.0,0.5582573798230143
item_TERCONAZOLE,0.0,0.0,25,0.0,0.0,0.0,0.5582573798230143
item_TESTOSTERONE,0.0,0.0,25,0.0,0.0,0.0,0.5582573798230143
item_TDVAX,0.0,0.0,25,0.0,0.0,0.0,0.5582573798230143
item_TECFIDERA,0.0,0.0,25,0.0,0.0,0.0,0.5582573798230143
item_TEGRETOL,0.0,0.0,25,0.0,0.0,0.0,0.5582573798230143
item_TEGRETOL-XR,0.0,0.0,25,0.0,0.0,0.0,0.5582573798230143
item_TEKTURNA,0.0,0.0,25,0.0,0.0,0.0,0.5582573798230143
item_TEKTURNA HCT,0.0,0.0,25,0.0,0.0,0.0,0.5582573798230143
item_TELMISARTAN,0.0,0.0,25,0.0,0.0,0.0,0.5582573798230143
item_TELMISARTAN/HYDROCHLOROTH,0.0,0.0,25,0.0,0.0,0.0,0.5582573798230143
item_TAMIFLU,0.0,0.0,25,0.0,0.0,0.0,0.5582573798230143
item_TAMOXIFEN CITRATE,0.0,0.0,25,0.0,0.0,0.0,0.5582573798230143
item_TAMSULOSIN HCL,0.0,0.0,25,0.0,0.0,0.0,0.5582573798230143
item_TAMSULOSIN HYDROCHLORIDE,0.0,0.0,25,0.0,0.0,0.0,0.5582573798230143
item_TANZEUM,0.0,0.0,25,0.0,0.0,0.0,0.5582573798230143
item_TARCEVA,0.0,0.0,25,0.0,0.0,0.0,0.5582573798230143
item_TASIGNA,0.0,0.0,25,0.0,0.0,0.0,0.5582573798230143
item_TAZTIA XT,0.0,0.0,25,0.0,0.0,0.0,0.5582573798230143
item_SYMBICORT,0.0,0.0,25,0.0,0.0,0.0,0.5582573798230143
item_SYNJARDY,0.0,0.0,25,0.0,0.0,0.0,0.5582573798230143
item_SYNTHROID,0.0,0.0,25,0.0,0.0,0.0,0.5582573798230143
item_SYSTANE,0.0,0.0,25,0.0,0.0,0.0,0.5582573798230143
item_TAB-A-VITE,0.0,0.0,25,0.0,0.0,0.0,0.5582573798230143
item_TAB-A-VITE/IRON,0.0,0.0,25,0.0,0.0,0.0,0.5582573798230143
item_TACROLIMUS,0.0,0.0,25,0.0,0.0,0.0,0.5582573798230143
item_TADALAFIL,0.0,0.0,25,0.0,0.0,0.0,0.5582573798230143
item_TOLTERODINE TARTRATE ER,0.0,0.0,25,0.0,0.0,0.0,0.5582573798230143
item_TOPIRAMATE,0.0,0.0,25,0.0,0.0,0.0,0.5582573798230143
item_TOPROL XL,0.0,0.0,25,0.0,0.0,0.0,0.5582573798230143
item_TORSEMIDE,0.0,0.0,25,0.0,0.0,0.0,0.5582573798230143
item_TOUJEO SOLOSTAR,0.0,0.0,25,0.0,0.0,0.0,0.5582573798230143
item_TOVIAZ,0.0,0.0,25,0.0,0.0,0.0,0.5582573798230143
item_TRACLEER,0.0,0.0,25,0.0,0.0,0.0,0.5582573798230143
item_TRADJENTA,0.0,0.0,25,0.0,0.0,0.0,0.5582573798230143
item_TIVICAY,0.0,0.0,25,0.0,0.0,0.0,0.5582573798230143
item_TIZANIDINE HCL,0.0,0.0,25,0.0,0.0,0.0,0.5582573798230143
item_TIZANIDINE HYDROCHLORIDE,0.0,0.0,25,0.0,0.0,0.0,0.5582573798230143
item_TOBRADEX,0.0,0.0,25,0.0,0.0,0.0,0.5582573798230143
item_TOBRAMYCIN,0.0,0.0,25,0.0,0.0,0.0,0.5582573798230143
item_TOBRAMYCIN SULFATE,0.0,0.0,25,0.0,0.0,0.0,0.5582573798230143
item_TOBRAMYCIN/DEXAMETHASONE,0.0,0.0,25,0.0,0.0,0.0,0.5582573798230143
item_TOLTERODINE TARTRATE,0.0,0.0,25,0.0,0.0,0.0,0.5582573798230143
item_THERA M PLUS,0.0,0.0,25,0.0,0.0,0.0,0.5582573798230143
item_THERA-M,0.0,0.0,25,0.0,0.0,0.0,0.5582573798230143
item_THIORIDAZINE HCL,0.0,0.0,25,0.0,0.0,0.0,0.5582573798230143
item_THIOTHIXENE,0.0,0.0,25,0.0,0.0,0.0,0.5582573798230143
item_TIKOSYN,0.0,0.0,25,0.0,0.0,0.0,0.5582573798230143
item_TIMOLOL MALEATE,0.0,0.0,25,0.0,0.0,0.0,0.5582573798230143
item_TIMOLOL MALEATE OPHTHALMI,0.0,0.0,25,0.0,0.0,0.0,0.5582573798230143
item_TIROSINT,0.0,0.0,25,0.0,0.0,0.0,0.5582573798230143
item_TESTOSTERONE CYPIONATE,0.0,0.0,25,0.0,0.0,0.0,0.5582573798230143
item_TESTOSTERONE ENANTHATE,0.0,0.0,25,0.0,0.0,0.0,0.5582573798230143
item_TESTOSTERONE PUMP,0.0,0.0,25,0.0,0.0,0.0,0.5582573798230143
item_TETRACYCLINE HYDROCHLORID,0.0,0.0,25,0.0,0.0,0.0,0.5582573798230143
item_THEO-24,0.0,0.0,25,0.0,0.0,0.0,0.5582573798230143
item_THEOPHYLLINE CR,0.0,0.0,25,0.0,0.0,0.0,0.5582573798230143
item_THEOPHYLLINE ER,0.0,0.0,25,0.0,0.0,0.0,0.5582573798230143
item_THERA,0.0,0.0,25,0.0,0.0,0.0,0.5582573798230143
item_TRIMETHOPRIM,0.0,0.0,25,0.0,0.0,0.0,0.5582573798230143
item_TRINTELLIX,0.0,0.0,25,0.0,0.0,0.0,0.5582573798230143
item_TRIPHROCAPS,0.0,0.0,25,0.0,0.0,0.0,0.5582573798230143
item_TRIPLE ANTIBIOTIC,0.0,0.0,25,0.0,0.0,0.0,0.5582573798230143
item_TRIUMEQ,0.0,0.0,25,0.0,0.0,0.0,0.5582573798230143
item_TROKENDI XR,0.0,0.0,25,0.0,0.0,0.0,0.5582573798230143
item_TROPICAMIDE,0.0,0.0,25,0.0,0.0,0.0,0.5582573798230143
item_TROSPIUM CHLORIDE,0.0,0.0,25,0.0,0.0,0.0,0.5582573798230143
item_TRIAZOLAM,0.0,0.0,25,0.0,0.0,0.0,0.5582573798230143
item_TRIBENZOR,0.0,0.0,25,0.0,0.0,0.0,0.5582573798230143
item_TRICOR,0.0,0.0,25,0.0,0.0,0.0,0.5582573798230143
item_TRIFLUOPERAZINE HCL,0.0,0.0,25,0.0,0.0,0.0,0.5582573798230143
item_TRIFLURIDINE,0.0,0.0,25,0.0,0.0,0.0,0.5582573798230143
item_TRIHEXYPHENIDYL HCL,0.0,0.0,25,0.0,0.0,0.0,0.5582573798230143
item_TRIHEXYPHENIDYL HYDROCHLO,0.0,0.0,25,0.0,0.0,0.0,0.5582573798230143
item_TRILYTE,0.0,0.0,25,0.0,0.0,0.0,0.5582573798230143
item_TRAVEL SICKNESS,0.0,0.0,25,0.0,0.0,0.0,0.5582573798230143
item_TRAZODONE HYDROCHLORIDE,0.0,0.0,25,0.0,0.0,0.0,0.5582573798230143
item_TRELEGY ELLIPTA,0.0,0.0,25,0.0,0.0,0.0,0.5582573798230143
item_TRESIBA FLEXTOUCH,0.0,0.0,25,0.0,0.0,0.0,0.5582573798230143
item_TRETINOIN,0.0,0.0,25,0.0,0.0,0.0,0.5582573798230143
item_TRIAMCINOLONE ACETONIDE,0.0,0.0,25,0.0,0.0,0.0,0.5582573798230143
item_TRIAMCINOLONE ACETONIDE D,0.0,0.0,25,0.0,0.0,0.0,0.5582573798230143
item_TRIAMTERENE/HYDROCHLOROTH,0.0,0.0,25,0.0,0.0,0.0,0.5582573798230143
item_TRAMADOL HCL,0.0,0.0,25,0.0,0.0,0.0,0.5582573798230143
item_TRAMADOL HCL ER,0.0,0.0,25,0.0,0.0,0.0,0.5582573798230143
item_TRAMADOL HYDROCHLORIDE/AC,0.0,0.0,25,0.0,0.0,0.0,0.5582573798230143
item_TRANDOLAPRIL,0.0,0.0,25,0.0,0.0,0.0,0.5582573798230143
item_TRANDOLAPRIL/VERAPAMIL HC,0.0,0.0,25,0.0,0.0,0.0,0.5582573798230143
item_TRANEXAMIC ACID,0.0,0.0,25,0.0,0.0,0.0,0.5582573798230143
item_TRANSDERM-SCOP,0.0,0.0,25,0.0,0.0,0.0,0.5582573798230143
item_TRAVATAN Z,0.0,0.0,25,0.0,0.0,0.0,0.5582573798230143
item_ULTIGUARD SAFEPACK/MICRO,0.0,0.0,25,0.0,0.0,0.0,0.5582573798230143
item_UNIFINE PENTIPS 31G X 3/1,0.0,0.0,25,0.0,0.0,0.0,0.5582573798230143
item_UNIFINE PENTIPS 31GX6MM,0.0,0.0,25,0.0,0.0,0.0,0.5582573798230143
item_UNIFINE PENTIPS 31GX8MM,0.0,0.0,25,0.0,0.0,0.0,0.5582573798230143
item_UNIFINE PENTIPS 32GX4MM,0.0,0.0,25,0.0,0.0,0.0,0.5582573798230143
item_UNIFINE PENTIPS PLUS 31GX,0.0,0.0,25,0.0,0.0,0.0,0.5582573798230143
item_UNITHROID,0.0,0.0,25,0.0,0.0,0.0,0.5582573798230143
item_UREA,0.0,0.0,25,0.0,0.0,0.0,0.5582573798230143
item_TYPHIM VI,0.0,0.0,25,0.0,0.0,0.0,0.5582573798230143
item_UCERIS,0.0,0.0,25,0.0,0.0,0.0,0.5582573798230143
item_ULORIC,0.0,0.0,25,0.0,0.0,0.0,0.5582573798230143
item_ULTICARE INSULIN SYRINGE,0.0,0.0,25,0.0,0.0,0.0,0.5582573798230143
item_ULTICARE INSULIN SYRINGE/,0.0,0.0,25,0.0,0.0,0.0,0.5582573798230143
item_ULTICARE MICRO PEN NEEDLE,0.0,0.0,25,0.0,0.0,0.0,0.5582573798230143
item_ULTICARE MINI PEN NEEDLES,0.0,0.0,25,0.0,0.0,0.0,0.5582573798230143
item_ULTICARE SHORT PEN NEEDLE,0.0,0.0,25,0.0,0.0,0.0,0.5582573798230143
item_TRUEPLUS LANCETS 33G,0.0,0.0,25,0.0,0.0,0.0,0.5582573798230143
item_TRUEPLUS PEN NEEDLES 31GX,0.0,0.0,25,0.0,0.0,0.0,0.5582573798230143
item_TRUETRACK TEST,0.0,0.0,25,0.0,0.0,0.0,0.5582573798230143
item_TRULANCE,0.0,0.0,25,0.0,0.0,0.0,0.5582573798230143
item_TRULICITY,0.0,0.0,25,0.0,0.0,0.0,0.5582573798230143
item_TRUVADA,0.0,0.0,25,0.0,0.0,0.0,0.5582573798230143
item_TUDORZA PRESSAIR,0.0,0.0,25,0.0,0.0,0.0,0.5582573798230143
item_TWINRIX,0.0,0.0,25,0.0,0.0,0.0,0.5582573798230143
item_TROSPIUM CHLORIDE ER,0.0,0.0,25,0.0,0.0,0.0,0.5582573798230143
item_TRUE METRIX AIR W/BLUETOO,0.0,0.0,25,0.0,0.0,0.0,0.5582573798230143
item_TRUE METRIX BLOOD GLUCOSE,0.0,0.0,25,0.0,0.0,0.0,0.5582573798230143
item_TRUE METRIX CONTROL SOLUT,0.0,0.0,25,0.0,0.0,0.0,0.5582573798230143
item_TRUE METRIX SELF MONITORI,0.0,0.0,25,0.0,0.0,0.0,0.5582573798230143
item_TRUEPLUS INSULIN SYRINGE/,0.0,0.0,25,0.0,0.0,0.0,0.5582573798230143
item_TRUEPLUS LANCETS 28G,0.0,0.0,25,0.0,0.0,0.0,0.5582573798230143
item_TRUEPLUS LANCETS 30G ULTR,0.0,0.0,25,0.0,0.0,0.0,0.5582573798230143
item_VERAMYST,0.0,0.0,25,0.0,0.0,0.0,0.5582573798230143
item_VERAPAMIL HCL,0.0,0.0,25,0.0,0.0,0.0,0.5582573798230143
item_VERAPAMIL HCL ER,0.0,0.0,25,0.0,0.0,0.0,0.5582573798230143
item_VERAPAMIL HCL SR,0.0,0.0,25,0.0,0.0,0.0,0.5582573798230143
item_VERAPAMIL HYDROCHLORIDE,0.0,0.0,25,0.0,0.0,0.0,0.5582573798230143
item_VERAPAMIL HYDROCHLORIDE E,0.0,0.0,25,0.0,0.0,0.0,0.5582573798230143
item_VESICARE,0.0,0.0,25,0.0,0.0,0.0,0.5582573798230143
item_VIAGRA,0.0,0.0,25,0.0,0.0,0.0,0.5582573798230143
item_VASCEPA,0.0,0.0,25,0.0,0.0,0.0,0.5582573798230143
item_VELPHORO,0.0,0.0,25,0.0,0.0,0.0,0.5582573798230143
item_VELTASSA,0.0,0.0,25,0.0,0.0,0.0,0.5582573798230143
item_VEMLIDY,0.0,0.0,25,0.0,0.0,0.0,0.5582573798230143
item_VENLAFAXINE HCL,0.0,0.0,25,0.0,0.0,0.0,0.5582573798230143
item_VENLAFAXINE HCL ER,0.0,0.0,25,0.0,0.0,0.0,0.5582573798230143
item_VENLAFAXINE HYDROCHLORIDE,0.0,0.0,25,0.0,0.0,0.0,0.5582573798230143
item_VENTOLIN HFA,0.0,0.0,25,0.0,0.0,0.0,0.5582573798230143
item_VALACYCLOVIR HYDROCHLORID,0.0,0.0,25,0.0,0.0,0.0,0.5582573798230143
item_VALGANCICLOVIR,0.0,0.0,25,0.0,0.0,0.0,0.5582573798230143
item_VALIUM,0.0,0.0,25,0.0,0.0,0.0,0.5582573798230143
item_VALPROIC ACID,0.0,0.0,25,0.0,0.0,0.0,0.5582573798230143
item_VALSARTAN,0.0,0.0,25,0.0,0.0,0.0,0.5582573798230143
item_VALSARTAN/HYDROCHLOROTHIA,0.0,0.0,25,0.0,0.0,0.0,0.5582573798230143
item_VANCOMYCIN HCL,0.0,0.0,25,0.0,0.0,0.0,0.5582573798230143
item_VANCOMYCIN HYDROCHLORIDE,0.0,0.0,25,0.0,0.0,0.0,0.5582573798230143
item_URIBEL,0.0,0.0,25,0.0,0.0,0.0,0.5582573798230143
item_URSODIOL,0.0,0.0,25,0.0,0.0,0.0,0.5582573798230143
item_Unknown,0.0,0.0,25,0.0,0.0,0.0,0.5582573798230143
item_V-GO 20,0.0,0.0,25,0.0,0.0,0.0,0.5582573798230143
item_V-GO 30,0.0,0.0,25,0.0,0.0,0.0,0.5582573798230143
item_V-GO 40,0.0,0.0,25,0.0,0.0,0.0,0.5582573798230143
item_VAGIFEM,0.0,0.0,25,0.0,0.0,0.0,0.5582573798230143
item_VALACYCLOVIR HCL,0.0,0.0,25,0.0,0.0,0.0,0.5582573798230143
item_ZOLOFT,0.0,0.0,25,0.0,0.0,0.0,0.5582573798230143
item_ZOLPIDEM TARTRATE,0.0,0.0,25,0.0,0.0,0.0,0.5582573798230143
item_ZOLPIDEM TARTRATE ER,0.0,0.0,25,0.0,0.0,0.0,0.5582573798230143
item_ZONISAMIDE,0.0,0.0,25,0.0,0.0,0.0,0.5582573798230143
item_ZOSTAVAX,0.0,0.0,25,0.0,0.0,0.0,0.5582573798230143
item_ZOVIRAX,0.0,0.0,25,0.0,0.0,0.0,0.5582573798230143
item_ZYLET,0.0,0.0,25,0.0,0.0,0.0,0.5582573798230143
item_ACCU-CHEK NANO SMARTVIEW,0.0,0.0,25,0.0,0.0,0.0,0.5582573798230143
item_ZETIA,0.0,0.0,25,0.0,0.0,0.0,0.5582573798230143
item_ZINC OXIDE,0.0,0.0,25,0.0,0.0,0.0,0.5582573798230143
item_ZINC SULFATE,0.0,0.0,25,0.0,0.0,0.0,0.5582573798230143
item_ZIOPTAN,0.0,0.0,25,0.0,0.0,0.0,0.5582573798230143
item_ZIPRASIDONE HCL,0.0,0.0,25,0.0,0.0,0.0,0.5582573798230143
item_ZIRGAN,0.0,0.0,25,0.0,0.0,0.0,0.5582573798230143
item_ZOCOR,0.0,0.0,25,0.0,0.0,0.0,0.5582573798230143
item_ZOLMITRIPTAN,0.0,0.0,25,0.0,0.0,0.0,0.5582573798230143
item_XTANDI,0.0,0.0,25,0.0,0.0,0.0,0.5582573798230143
item_XYLOCAINE-MPF,0.0,0.0,25,0.0,0.0,0.0,0.5582573798230143
item_YUVAFEM,0.0,0.0,25,0.0,0.0,0.0,0.5582573798230143
item_ZAFIRLUKAST,0.0,0.0,25,0.0,0.0,0.0,0.5582573798230143
item_ZALEPLON,0.0,0.0,25,0.0,0.0,0.0,0.5582573798230143
item_ZARXIO,0.0,0.0,25,0.0,0.0,0.0,0.5582573798230143
item_ZENPEP,0.0,0.0,25,0.0,0.0,0.0,0.5582573798230143
item_ZESTRIL,0.0,0.0,25,0.0,0.0,0.0,0.5582573798230143
item_XELJANZ,0.0,0.0,25,0.0,0.0,0.0,0.5582573798230143
item_XELJANZ XR,0.0,0.0,25,0.0,0.0,0.0,0.5582573798230143
item_XIFAXAN,0.0,0.0,25,0.0,0.0,0.0,0.5582573798230143
item_XIGDUO XR,0.0,0.0,25,0.0,0.0,0.0,0.5582573798230143
item_XIIDRA,0.0,0.0,25,0.0,0.0,0.0,0.5582573798230143
item_XOLAIR,0.0,0.0,25,0.0,0.0,0.0,0.5582573798230143
item_XOPENEX HFA,0.0,0.0,25,0.0,0.0,0.0,0.5582573798230143
item_XTAMPZA ER,0.0,0.0,25,0.0,0.0,0.0,0.5582573798230143
item_AFINITOR,0.0,0.0,25,0.0,0.0,0.0,0.5582573798230143
item_AFLURIA PF 2017-2018,0.0,0.0,25,0.0,0.0,0.0,0.5582573798230143
item_AFLURIA QUADRIVALENT 2017,0.0,0.0,25,0.0,0.0,0.0,0.5582573798230143
item_AFLURIA QUADRIVALENT 2018,0.0,0.0,25,0.0,0.0,0.0,0.5582573798230143
item_AGGRENOX,0.0,0.0,25,0.0,0.0,0.0,0.5582573798230143
item_ALBUTEROL SULFATE,0.0,0.0,25,0.0,0.0,0.0,0.5582573798230143
item_ALCLOMETASONE DIPROPIONAT,0.0,0.0,25,0.0,0.0,0.0,0.5582573798230143
item_ALCOHOL PADS,0.0,0.0,25,0.0,0.0,0.0,0.5582573798230143
item_ADDERALL XR,0.0,0.0,25,0.0,0.0,0.0,0.5582573798230143
item_ADEMPAS,0.0,0.0,25,0.0,0.0,0.0,0.5582573798230143
item_ADJUSTABLE LANCING DEVICE,0.0,0.0,25,0.0,0.0,0.0,0.5582573798230143
item_ADVAIR DISKUS,0.0,0.0,25,0.0,0.0,0.0,0.5582573798230143
item_ADVAIR HFA,0.0,0.0,25,0.0,0.0,0.0,0.5582573798230143
item_ADVOCATE INSULIN PEN NEED,0.0,0.0,25,0.0,0.0,0.0,0.5582573798230143
item_AEROCHAMBER PLUS FLOW-VU,0.0,0.0,25,0.0,0.0,0.0,0.5582573798230143
item_AEROCHAMBER Z-STAT PLUS/F,0.0,0.0,25,0.0,0.0,0.0,0.5582573798230143
item_ACETAZOLAMIDE ER,0.0,0.0,25,0.0,0.0,0.0,0.5582573798230143
item_ACETIC ACID,0.0,0.0,25,0.0,0.0,0.0,0.5582573798230143
item_ACIPHEX,0.0,0.0,25,0.0,0.0,0.0,0.5582573798230143
item_ACITRETIN,0.0,0.0,25,0.0,0.0,0.0,0.5582573798230143
item_ACTONEL,0.0,0.0,25,0.0,0.0,0.0,0.5582573798230143
item_ACYCLOVIR,0.0,0.0,25,0.0,0.0,0.0,0.5582573798230143
item_ADACEL,0.0,0.0,25,0.0,0.0,0.0,0.5582573798230143
item_ADCIRCA,0.0,0.0,25,0.0,0.0,0.0,0.5582573798230143
item_ACCU-CHEK SMARTVIEW CONTR,0.0,0.0,25,0.0,0.0,0.0,0.5582573798230143
item_ACCU-CHEK SMARTVIEW STRIP,0.0,0.0,25,0.0,0.0,0.0,0.5582573798230143
item_ACCU-CHEK SOFTCLIX LANCET,0.0,0.0,25,0.0,0.0,0.0,0.5582573798230143
item_ACEBUTOLOL HCL,0.0,0.0,25,0.0,0.0,0.0,0.5582573798230143
item_ACETAMINOPHEN,0.0,0.0,25,0.0,0.0,0.0,0.5582573798230143
item_ACETAMINOPHEN/CODEINE,0.0,0.0,25,0.0,0.0,0.0,0.5582573798230143
item_ACETAMINOPHEN/CODEINE PHO,0.0,0.0,25,0.0,0.0,0.0,0.5582573798230143
item_ACETAZOLAMIDE,0.0,0.0,25,0.0,0.0,0.0,0.5582573798230143
