feature,importance,scaled_importance,recall,logloss
item_PIPERACILLIN SODIUM/TAZOB,0.00010693242939786374,3.316017892509435e-07,0.003101040452538041,0.5549906296689114
item_PHARMACIST CHOICE ULTRA T,8.340729493033338e-05,2.586493956157349e-07,0.003101040452538041,0.5549906296689114
item_CEFEPIME,8.126864634237568e-05,2.520173598307147e-07,0.003101040452538041,0.5549906296689114
item_BACITRACIN ZINC,6.843675481463295e-05,2.1222514512060432e-07,0.003101040452538041,0.5549906296689114
item_VANCOMYCIN HCL,6.843675481463252e-05,2.12225145120603e-07,0.003101040452538041,0.5549906296689114
item_HALOPERIDOL LACTATE,6.843675481463252e-05,2.12225145120603e-07,0.003101040452538041,0.5549906296689114
item_CALCITRATE,6.415945763871842e-05,1.9896107355056663e-07,0.003101040452538041,0.5549906296689114
item_LIDODERM,6.415945763871798e-05,1.989610735505653e-07,0.003101040452538041,0.5549906296689114
item_MEROPENEM,6.415945763871798e-05,1.989610735505653e-07,0.003101040452538041,0.5549906296689114
item_OXYCODONE HCL,6.202080905076072e-05,1.9232903776554645e-07,0.003101040452538041,0.5549906296689114
item_SODIUM CHLORIDE 0.45%,5.9882160462803886e-05,1.8569700198052897e-07,0.003101040452538041,0.5549906296689114
item_JAKAFI,5.346621469893209e-05,1.6580089462547242e-07,0.003101040452538041,0.5549906296689114
item_CVS ALLERGY,5.3466214698931654e-05,1.6580089462547107e-07,0.003101040452538041,0.5549906296689114
item_ZARXIO,5.1327566110973954e-05,1.591688588404509e-07,0.003101040452538041,0.5549906296689114
item_PHENADOZ,4.918891752301712e-05,1.525368230554334e-07,0.003101040452538041,0.5549906296689114
item_CALCIUM CARBONATE,4.491162034710259e-05,1.392727514853957e-07,0.003101040452538041,0.5549906296689114
item_UNIFINE PENTIPS 32GX4MM,4.491162034710259e-05,1.392727514853957e-07,0.003101040452538041,0.5549906296689114
item_ZINC SULFATE,4.491162034710259e-05,1.392727514853957e-07,0.003101040452538041,0.5549906296689114
item_VITAMIN B-6,4.491162034710259e-05,1.392727514853957e-07,0.003101040452538041,0.5549906296689114
item_GLUCAGEN HYPOKIT,4.277297175914532e-05,1.3264071570037687e-07,0.003101040452538041,0.5549906296689114
item_MONOJECT INSULIN SYRINGE/,4.277297175914532e-05,1.3264071570037687e-07,0.003101040452538041,0.5549906296689114
item_ULTICARE INSULIN SYRINGE,4.277297175914532e-05,1.3264071570037687e-07,0.003101040452538041,0.5549906296689114
item_ULTICARE INSULIN SYRINGE/,3.635702599527396e-05,1.1274460834532168e-07,0.003101040452538041,0.5549906296689114
item_EQ ASPIRIN,3.6357025995273524e-05,1.1274460834532034e-07,0.003101040452538041,0.5549906296689114
item_VITAMIN D-1000,3.421837740731626e-05,1.061125725603015e-07,0.003101040452538041,0.5549906296689114
item_SURE COMFORT INSULIN SYRI,3.207972881935899e-05,9.948053677528265e-08,0.003101040452538041,0.5549906296689114
item_URIBEL,2.994108023140216e-05,9.284850099026515e-08,0.003101040452538041,0.5549906296689114
item_DEXTROSE 5%/NACL 0.45%,2.9941080231401726e-05,9.284850099026381e-08,0.003101040452538041,0.5549906296689114
item_RELISTOR,2.9941080231401726e-05,9.284850099026381e-08,0.003101040452538041,0.5549906296689114
item_CVS STOOL SOFTENER,2.780243164344446e-05,8.621646520524497e-08,0.003101040452538041,0.5549906296689114
item_RENAL CAPS,2.780243164344446e-05,8.621646520524497e-08,0.003101040452538041,0.5549906296689114
item_CALCIUM ANTACID,2.5663783055487194e-05,7.958442942022612e-08,0.003101040452538041,0.5549906296689114
item_ABILIFY MAINTENA,2.5663783055487194e-05,7.958442942022612e-08,0.003101040452538041,0.5549906296689114
item_PHILLIPS STOOL SOFTENER,2.5663783055487194e-05,7.958442942022612e-08,0.003101040452538041,0.5549906296689114
item_BUTORPHANOL TARTRATE,2.3525134467529928e-05,7.295239363520728e-08,0.003101040452538041,0.5549906296689114
item_ULTICARE SHORT PEN NEEDLE,2.1386485879573095e-05,6.632035785018977e-08,0.003101040452538041,0.5549906296689114
item_REFRESH TEARS,2.138648587957266e-05,6.632035785018844e-08,0.003101040452538041,0.5549906296689114
item_CERTAVITE/ANTIOXIDANTS,2.1386485879572228e-05,6.632035785018709e-08,0.003101040452538041,0.5549906296689114
item_EMBEDA,1.9247837291615395e-05,5.968832206516959e-08,0.003101040452538041,0.5549906296689114
item_PERFOROMIST,1.710918870365813e-05,5.305628628015075e-08,0.003101040452538041,0.5549906296689114
item_NINLARO,1.710918870365813e-05,5.305628628015075e-08,0.003101040452538041,0.5549906296689114
item_ENDOCET,1.710918870365813e-05,5.305628628015075e-08,0.003101040452538041,0.5549906296689114
item_LOXAPINE SUCCINATE,1.7109188703657695e-05,5.30562862801494e-08,0.003101040452538041,0.5549906296689114
item_ANAGRELIDE HYDROCHLORIDE,1.497054011570043e-05,4.6424250495130555e-08,0.003101040452538041,0.5549906296689114
item_CODEINE SULFATE,1.497054011570043e-05,4.6424250495130555e-08,0.003101040452538041,0.5549906296689114
item_PROMETHEGAN,1.2831891527743163e-05,3.979221471011172e-08,0.003101040452538041,0.5549906296689114
item_CANASA,1.069324293978633e-05,3.316017892509422e-08,0.003101040452538041,0.5549906296689114
item_PREZCOBIX,1.069324293978633e-05,3.316017892509422e-08,0.003101040452538041,0.5549906296689114
item_SIMETHICONE,1.069324293978633e-05,3.316017892509422e-08,0.003101040452538041,0.5549906296689114
item_INTELENCE,1.069324293978633e-05,3.316017892509422e-08,0.003101040452538041,0.5549906296689114
item_HARVONI,1.069324293978633e-05,3.316017892509422e-08,0.003101040452538041,0.5549906296689114
item_MI-ACID GAS RELIEF,1.069324293978633e-05,3.316017892509422e-08,0.003101040452538041,0.5549906296689114
item_VITAMIN E,1.069324293978633e-05,3.316017892509422e-08,0.003101040452538041,0.5549906296689114
item_EPCLUSA,8.554594351829065e-06,2.6528143140075374e-08,0.003101040452538041,0.5549906296689114
item_CALCITONIN SALMON,6.4159457638717984e-06,1.989610735505653e-08,0.003101040452538041,0.5549906296689114
item_HYDROMORPHONE HCL ER,0.0,0.0,0.003101040452538041,0.5549906296689114
item_DEXTROSE 70%,0.0,0.0,0.003101040452538041,0.5549906296689114
item_NEFAZODONE HCL,0.0,0.0,0.003101040452538041,0.5549906296689114
item_AZELEX,0.0,0.0,0.003101040452538041,0.5549906296689114
item_XOLAIR,0.0,0.0,0.003101040452538041,0.5549906296689114
item_DUTASTERIDE/TAMSULOSIN HC,0.0,0.0,0.003101040452538041,0.5549906296689114
item_PACERONE,0.0,0.0,0.003101040452538041,0.5549906296689114
item_HORIZANT,0.0,0.0,0.003101040452538041,0.5549906296689114
item_CLOBETASOL PROPIONATE E,0.0,0.0,0.003101040452538041,0.5549906296689114
item_VORICONAZOLE,0.0,0.0,0.003101040452538041,0.5549906296689114
item_ACCU-CHEK MULTICLIX LANCE,0.0,0.0,0.003101040452538041,0.5549906296689114
item_NEXAVAR,0.0,0.0,0.003101040452538041,0.5549906296689114
item_AVONEX PEN,0.0,0.0,0.003101040452538041,0.5549906296689114
item_GLUMETZA,0.0,0.0,0.003101040452538041,0.5549906296689114
item_ANDROGEL,0.0,0.0,0.003101040452538041,0.5549906296689114
item_EPITOL,0.0,0.0,0.003101040452538041,0.5549906296689114
item_INSULIN SYRINGE/1ML/30G X,0.0,0.0,0.003101040452538041,0.5549906296689114
item_ORENCIA,0.0,0.0,0.003101040452538041,0.5549906296689114
item_RILUZOLE,0.0,0.0,0.003101040452538041,0.5549906296689114
item_CARDIZEM LA,0.0,0.0,0.003101040452538041,0.5549906296689114
item_PREVIDENT 5000 ENAMEL PRO,0.0,0.0,0.003101040452538041,0.5549906296689114
item_PREDNISOLONE,0.0,0.0,0.003101040452538041,0.5549906296689114
item_PREVIDENT FLUORIDE,0.0,0.0,0.003101040452538041,0.5549906296689114
item_METHSCOPOLAMINE BROMIDE,0.0,0.0,0.003101040452538041,0.5549906296689114
item_EASY TOUCH PEN NEEDLES/31,0.0,0.0,0.003101040452538041,0.5549906296689114
item_ISRADIPINE,0.0,0.0,0.003101040452538041,0.5549906296689114
item_BD INSULIN SYRINGE MICROF,0.0,0.0,0.003101040452538041,0.5549906296689114
item_GLEEVEC,0.0,0.0,0.003101040452538041,0.5549906296689114
item_MINIVELLE,0.0,0.0,0.003101040452538041,0.5549906296689114
item_ATACAND,0.0,0.0,0.003101040452538041,0.5549906296689114
item_V-GO 20,0.0,0.0,0.003101040452538041,0.5549906296689114
item_ASMANEX TWISTHALER 120 ME,0.0,0.0,0.003101040452538041,0.5549906296689114
item_ZYLET,0.0,0.0,0.003101040452538041,0.5549906296689114
item_LOVAZA,0.0,0.0,0.003101040452538041,0.5549906296689114
item_ELIDEL,0.0,0.0,0.003101040452538041,0.5549906296689114
item_ANDRODERM,0.0,0.0,0.003101040452538041,0.5549906296689114
item_JINTELI,0.0,0.0,0.003101040452538041,0.5549906296689114
item_UCERIS,0.0,0.0,0.003101040452538041,0.5549906296689114
item_VERAPAMIL HYDROCHLORIDE E,0.0,0.0,0.003101040452538041,0.5549906296689114
item_METHAZOLAMIDE,0.0,0.0,0.003101040452538041,0.5549906296689114
item_INSULIN SYRINGE/0.5ML/30G,0.0,0.0,0.003101040452538041,0.5549906296689114
item_BOTOX,0.0,0.0,0.003101040452538041,0.5549906296689114
item_PULMOMATE COMPRESSOR W/DI,0.0,0.0,0.003101040452538041,0.5549906296689114
item_DOCUSATE SODIUM & SENNA S,0.0,0.0,0.003101040452538041,0.5549906296689114
item_TAB-A-VITE/IRON,0.0,0.0,0.003101040452538041,0.5549906296689114
item_TRILYTE,0.0,0.0,0.003101040452538041,0.5549906296689114
item_MEFLOQUINE HCL,0.0,0.0,0.003101040452538041,0.5549906296689114
item_ACIPHEX,0.0,0.0,0.003101040452538041,0.5549906296689114
item_AFINITOR,0.0,0.0,0.003101040452538041,0.5549906296689114
item_FIBER-LAX,0.0,0.0,0.003101040452538041,0.5549906296689114
item_SYSTANE,0.0,0.0,0.003101040452538041,0.5549906296689114
item_LASIX,0.0,0.0,0.003101040452538041,0.5549906296689114
item_PRISTIQ,0.0,0.0,0.003101040452538041,0.5549906296689114
item_DOCQLACE,0.0,0.0,0.003101040452538041,0.5549906296689114
item_GUAIFENESIN AC,0.0,0.0,0.003101040452538041,0.5549906296689114
item_VYTORIN,0.0,0.0,0.003101040452538041,0.5549906296689114
item_ATAZANAVIR SULFATE,0.0,0.0,0.003101040452538041,0.5549906296689114
item_EQ MUCUS ER,0.0,0.0,0.003101040452538041,0.5549906296689114
item_TRANDOLAPRIL/VERAPAMIL HC,0.0,0.0,0.003101040452538041,0.5549906296689114
item_FREESTYLE LIBRE/READER/FL,0.0,0.0,0.003101040452538041,0.5549906296689114
item_READI-CAT 2 CREAMY VANILL,0.0,0.0,0.003101040452538041,0.5549906296689114
item_INFINITY BLOOD GLUCOSE TE,0.0,0.0,0.003101040452538041,0.5549906296689114
item_NULYTELY/FLAVOR PACKS,0.0,0.0,0.003101040452538041,0.5549906296689114
item_INVOKAMET XR,0.0,0.0,0.003101040452538041,0.5549906296689114
item_TDVAX,0.0,0.0,0.003101040452538041,0.5549906296689114
item_CYMBALTA,0.0,0.0,0.003101040452538041,0.5549906296689114
item_EVZIO,0.0,0.0,0.003101040452538041,0.5549906296689114
item_PROMETHAZINE/PHENYLEPHRIN,0.0,0.0,0.003101040452538041,0.5549906296689114
item_FLUZONE QUADRIVALENT 2018,0.0,0.0,0.003101040452538041,0.5549906296689114
item_NORETHINDRONE ACETATE,0.0,0.0,0.003101040452538041,0.5549906296689114
item_NEURONTIN,0.0,0.0,0.003101040452538041,0.5549906296689114
item_TAZTIA XT,0.0,0.0,0.003101040452538041,0.5549906296689114
item_MENEST,0.0,0.0,0.003101040452538041,0.5549906296689114
item_NALOXONE HCL,0.0,0.0,0.003101040452538041,0.5549906296689114
item_FLUPHENAZINE DECANOATE,0.0,0.0,0.003101040452538041,0.5549906296689114
item_UNIFINE PENTIPS PLUS 31GX,0.0,0.0,0.003101040452538041,0.5549906296689114
item_COZAAR,0.0,0.0,0.003101040452538041,0.5549906296689114
item_FLURAZEPAM HCL,0.0,0.0,0.003101040452538041,0.5549906296689114
item_METHYLDOPA,0.0,0.0,0.003101040452538041,0.5549906296689114
item_FETZIMA,0.0,0.0,0.003101040452538041,0.5549906296689114
item_POTASSIUM CHLORIDE SR,0.0,0.0,0.003101040452538041,0.5549906296689114
item_ACEBUTOLOL HCL,0.0,0.0,0.003101040452538041,0.5549906296689114
item_PREVACID SOLUTAB,0.0,0.0,0.003101040452538041,0.5549906296689114
item_PATADAY,0.0,0.0,0.003101040452538041,0.5549906296689114
item_NITROGLYCERIN LINGUAL,0.0,0.0,0.003101040452538041,0.5549906296689114
item_NAMENDA XR,0.0,0.0,0.003101040452538041,0.5549906296689114
item_AVONEX,0.0,0.0,0.003101040452538041,0.5549906296689114
item_QUININE SULFATE,0.0,0.0,0.003101040452538041,0.5549906296689114
item_ASACOL HD,0.0,0.0,0.003101040452538041,0.5549906296689114
item_RISPERIDONE ODT,0.0,0.0,0.003101040452538041,0.5549906296689114
item_SPRYCEL,0.0,0.0,0.003101040452538041,0.5549906296689114
item_CYTOMEL,0.0,0.0,0.003101040452538041,0.5549906296689114
item_ABACAVIR,0.0,0.0,0.003101040452538041,0.5549906296689114
item_PHENYTOIN INFATABS,0.0,0.0,0.003101040452538041,0.5549906296689114
item_RENO CAPS,0.0,0.0,0.003101040452538041,0.5549906296689114
item_UNIFINE PENTIPS 31G X 3/1,0.0,0.0,0.003101040452538041,0.5549906296689114
item_CIPRO HC,0.0,0.0,0.003101040452538041,0.5549906296689114
item_ENSTILAR,0.0,0.0,0.003101040452538041,0.5549906296689114
item_ZIRGAN,0.0,0.0,0.003101040452538041,0.5549906296689114
item_TEKTURNA HCT,0.0,0.0,0.003101040452538041,0.5549906296689114
item_VIMOVO,0.0,0.0,0.003101040452538041,0.5549906296689114
item_ZOLOFT,0.0,0.0,0.003101040452538041,0.5549906296689114
item_ZOVIRAX,0.0,0.0,0.003101040452538041,0.5549906296689114
item_CAREONE UNIFINE PENTIPS P,0.0,0.0,0.003101040452538041,0.5549906296689114
item_BROMOCRIPTINE MESYLATE,0.0,0.0,0.003101040452538041,0.5549906296689114
item_PLAVIX,0.0,0.0,0.003101040452538041,0.5549906296689114
item_TEGRETOL-XR,0.0,0.0,0.003101040452538041,0.5549906296689114
item_DEPO-TESTOSTERONE,0.0,0.0,0.003101040452538041,0.5549906296689114
item_PEN NEEDLES 31GX8MM (5/16,0.0,0.0,0.003101040452538041,0.5549906296689114
"item_PEN NEEDLES 31GX6MM (1/4""",0.0,0.0,0.003101040452538041,0.5549906296689114
item_RHOFADE,0.0,0.0,0.003101040452538041,0.5549906296689114
item_ZOSTAVAX,0.0,0.0,0.003101040452538041,0.5549906296689114
item_BD INSULIN SYRINGE/DETACH,0.0,0.0,0.003101040452538041,0.5549906296689114
item_GLOBAL INJECT EASE INSULI,0.0,0.0,0.003101040452538041,0.5549906296689114
item_AMBIEN,0.0,0.0,0.003101040452538041,0.5549906296689114
item_TRIFLURIDINE,0.0,0.0,0.003101040452538041,0.5549906296689114
item_LOPREEZA,0.0,0.0,0.003101040452538041,0.5549906296689114
item_HUMALOG MIX 50/50,0.0,0.0,0.003101040452538041,0.5549906296689114
item_CVS ASPIRIN LOW DOSE,0.0,0.0,0.003101040452538041,0.5549906296689114
item_SAVAYSA,0.0,0.0,0.003101040452538041,0.5549906296689114
item_SEROQUEL,0.0,0.0,0.003101040452538041,0.5549906296689114
item_PROGRAF,0.0,0.0,0.003101040452538041,0.5549906296689114
item_RENAGEL,0.0,0.0,0.003101040452538041,0.5549906296689114
item_TEGRETOL,0.0,0.0,0.003101040452538041,0.5549906296689114
item_PARICALCITOL,0.0,0.0,0.003101040452538041,0.5549906296689114
item_BETIMOL,0.0,0.0,0.003101040452538041,0.5549906296689114
item_FLURBIPROFEN,0.0,0.0,0.003101040452538041,0.5549906296689114
item_MITIGARE,0.0,0.0,0.003101040452538041,0.5549906296689114
item_MIMVEY,0.0,0.0,0.003101040452538041,0.5549906296689114
item_V-GO 40,0.0,0.0,0.003101040452538041,0.5549906296689114
item_TESTOSTERONE ENANTHATE,0.0,0.0,0.003101040452538041,0.5549906296689114
item_V-GO 30,0.0,0.0,0.003101040452538041,0.5549906296689114
item_DELZICOL,0.0,0.0,0.003101040452538041,0.5549906296689114
item_NIZATIDINE,0.0,0.0,0.003101040452538041,0.5549906296689114
item_BETASERON,0.0,0.0,0.003101040452538041,0.5549906296689114
item_ENTECAVIR,0.0,0.0,0.003101040452538041,0.5549906296689114
item_EFFIENT,0.0,0.0,0.003101040452538041,0.5549906296689114
item_NIACOR,0.0,0.0,0.003101040452538041,0.5549906296689114
item_COSENTYX SENSOREADY PEN,0.0,0.0,0.003101040452538041,0.5549906296689114
item_ETODOLAC ER,0.0,0.0,0.003101040452538041,0.5549906296689114
item_KLOR-CON 8,0.0,0.0,0.003101040452538041,0.5549906296689114
item_COREG CR,0.0,0.0,0.003101040452538041,0.5549906296689114
item_TRIBENZOR,0.0,0.0,0.003101040452538041,0.5549906296689114
item_UNIFINE PENTIPS 31GX8MM,0.0,0.0,0.003101040452538041,0.5549906296689114
item_NORETHINDRONE ACETATE/ETH,0.0,0.0,0.003101040452538041,0.5549906296689114
item_DENAVIR,0.0,0.0,0.003101040452538041,0.5549906296689114
item_MICARDIS,0.0,0.0,0.003101040452538041,0.5549906296689114
item_VALIUM,0.0,0.0,0.003101040452538041,0.5549906296689114
item_BUDESONIDE NASAL SPRAY,0.0,0.0,0.003101040452538041,0.5549906296689114
item_FEMRING,0.0,0.0,0.003101040452538041,0.5549906296689114
item_PAIN & FEVER,0.0,0.0,0.003101040452538041,0.5549906296689114
item_CETIRIZINE HCL,0.0,0.0,0.003101040452538041,0.5549906296689114
item_ONETOUCH ULTRA CONTROL,0.0,0.0,0.003101040452538041,0.5549906296689114
item_ACETIC ACID,0.0,0.0,0.003101040452538041,0.5549906296689114
item_ANUSOL-HC,0.0,0.0,0.003101040452538041,0.5549906296689114
item_ACITRETIN,0.0,0.0,0.003101040452538041,0.5549906296689114
item_BAC,0.0,0.0,0.003101040452538041,0.5549906296689114
item_NIFEDIPINE,0.0,0.0,0.003101040452538041,0.5549906296689114
item_ALPRAZOLAM XR,0.0,0.0,0.003101040452538041,0.5549906296689114
item_FLUOCINONIDE EMULSIFIED B,0.0,0.0,0.003101040452538041,0.5549906296689114
item_ONETOUCH VERIO IQ BLOOD G,0.0,0.0,0.003101040452538041,0.5549906296689114
item_HUMALOG MIX 50/50 KWIKPEN,0.0,0.0,0.003101040452538041,0.5549906296689114
item_PAIN & FEVER EXTRA STRENG,0.0,0.0,0.003101040452538041,0.5549906296689114
item_BETAXOLOL HCL,0.0,0.0,0.003101040452538041,0.5549906296689114
item_TRIFLUOPERAZINE HCL,0.0,0.0,0.003101040452538041,0.5549906296689114
item_NORVIR,0.0,0.0,0.003101040452538041,0.5549906296689114
item_TIKOSYN,0.0,0.0,0.003101040452538041,0.5549906296689114
item_PREVACID,0.0,0.0,0.003101040452538041,0.5549906296689114
item_SOTALOL HCL (AF),0.0,0.0,0.003101040452538041,0.5549906296689114
item_DILTIAZEM CD,0.0,0.0,0.003101040452538041,0.5549906296689114
item_CLOBETASOL PROPIONATE EMO,0.0,0.0,0.003101040452538041,0.5549906296689114
item_ZETIA,0.0,0.0,0.003101040452538041,0.5549906296689114
item_ACTONEL,0.0,0.0,0.003101040452538041,0.5549906296689114
item_ULTIGUARD SAFEPACK/MICRO,0.0,0.0,0.003101040452538041,0.5549906296689114
item_ADVOCATE INSULIN PEN NEED,0.0,0.0,0.003101040452538041,0.5549906296689114
item_FOSINOPRIL SODIUM/HYDROCH,0.0,0.0,0.003101040452538041,0.5549906296689114
item_XELJANZ,0.0,0.0,0.003101040452538041,0.5549906296689114
item_GLUCOPHAGE,0.0,0.0,0.003101040452538041,0.5549906296689114
item_NOVOFINE 30GX8MM,0.0,0.0,0.003101040452538041,0.5549906296689114
item_AZOR,0.0,0.0,0.003101040452538041,0.5549906296689114
item_BREEZE 2 TEST DISC,0.0,0.0,0.003101040452538041,0.5549906296689114
item_THIORIDAZINE HCL,0.0,0.0,0.003101040452538041,0.5549906296689114
item_NEFAZODONE HYDROCHLORIDE,0.0,0.0,0.003101040452538041,0.5549906296689114
item_BD INSULIN SYRINGE SAFETY,0.0,0.0,0.003101040452538041,0.5549906296689114
item_AGGRENOX,0.0,0.0,0.003101040452538041,0.5549906296689114
item_MAPAP ARTHRITIS PAIN,0.0,0.0,0.003101040452538041,0.5549906296689114
item_BYDUREON,0.0,0.0,0.003101040452538041,0.5549906296689114
item_FLUARIX QUADRIVALENT 2018,0.0,0.0,0.003101040452538041,0.5549906296689114
item_DIPYRIDAMOLE,0.0,0.0,0.003101040452538041,0.5549906296689114
item_CORLANOR,0.0,0.0,0.003101040452538041,0.5549906296689114
item_ERY-TAB,0.0,0.0,0.003101040452538041,0.5549906296689114
item_RA PEN NEEDLES 31G X 8MM,0.0,0.0,0.003101040452538041,0.5549906296689114
item_HYZAAR,0.0,0.0,0.003101040452538041,0.5549906296689114
item_TROKENDI XR,0.0,0.0,0.003101040452538041,0.5549906296689114
item_ABACAVIR SULFATE/LAMIVUDI,0.0,0.0,0.003101040452538041,0.5549906296689114
item_ULTICARE MINI PEN NEEDLES,0.0,0.0,0.003101040452538041,0.5549906296689114
item_NASONEX,0.0,0.0,0.003101040452538041,0.5549906296689114
item_KEPPRA,0.0,0.0,0.003101040452538041,0.5549906296689114
item_SIMPONI,0.0,0.0,0.003101040452538041,0.5549906296689114
item_DIVIGEL,0.0,0.0,0.003101040452538041,0.5549906296689114
item_ACCU-CHEK SMARTVIEW CONTR,0.0,0.0,0.003101040452538041,0.5549906296689114
item_CLIMARA PRO,0.0,0.0,0.003101040452538041,0.5549906296689114
item_ASMANEX HFA,0.0,0.0,0.003101040452538041,0.5549906296689114
item_CYCLOSPORINE,0.0,0.0,0.003101040452538041,0.5549906296689114
item_ASCOMP/CODEINE,0.0,0.0,0.003101040452538041,0.5549906296689114
item_RELPAX,0.0,0.0,0.003101040452538041,0.5549906296689114
item_NEVANAC,0.0,0.0,0.003101040452538041,0.5549906296689114
item_STERILE WATER FOR IRRIGAT,0.0,0.0,0.003101040452538041,0.5549906296689114
item_MONOJECT ULTRA COMFORT IN,0.0,0.0,0.003101040452538041,0.5549906296689114
item_BIDIL,0.0,0.0,0.003101040452538041,0.5549906296689114
item_NOXAFIL,0.0,0.0,0.003101040452538041,0.5549906296689114
item_ADEMPAS,0.0,0.0,0.003101040452538041,0.5549906296689114
item_SIROLIMUS,0.0,0.0,0.003101040452538041,0.5549906296689114
item_GILENYA,0.0,0.0,0.003101040452538041,0.5549906296689114
item_PHOSPHA 250 NEUTRAL,0.0,0.0,0.003101040452538041,0.5549906296689114
item_NICOTROL INHALER,0.0,0.0,0.003101040452538041,0.5549906296689114
item_NISOLDIPINE ER,0.0,0.0,0.003101040452538041,0.5549906296689114
item_INVEGA,0.0,0.0,0.003101040452538041,0.5549906296689114
item_ZOCOR,0.0,0.0,0.003101040452538041,0.5549906296689114
item_IMIPRAMINE HYDROCHLORIDE,0.0,0.0,0.003101040452538041,0.5549906296689114
item_PREPOPIK,0.0,0.0,0.003101040452538041,0.5549906296689114
item_PROCTO-MED HC,0.0,0.0,0.003101040452538041,0.5549906296689114
item_RISEDRONATE SODIUM DR,0.0,0.0,0.003101040452538041,0.5549906296689114
item_DARIFENACIN HYDROBROMIDE,0.0,0.0,0.003101040452538041,0.5549906296689114
item_CLIMARA,0.0,0.0,0.003101040452538041,0.5549906296689114
item_SINGULAIR,0.0,0.0,0.003101040452538041,0.5549906296689114
item_RA LORATADINE,0.0,0.0,0.003101040452538041,0.5549906296689114
item_GLUCOPHAGE XR,0.0,0.0,0.003101040452538041,0.5549906296689114
item_PROMETHAZINE VC/CODEINE,0.0,0.0,0.003101040452538041,0.5549906296689114
item_PROZAC,0.0,0.0,0.003101040452538041,0.5549906296689114
item_GLYBURIDE MICRONIZED,0.0,0.0,0.003101040452538041,0.5549906296689114
item_AMLODIPINE/VALSARTAN/HYDR,0.0,0.0,0.003101040452538041,0.5549906296689114
item_ZINC OXIDE,0.0,0.0,0.003101040452538041,0.5549906296689114
item_OYSTER SHELL CALCIUM,0.0,0.0,0.003101040452538041,0.5549906296689114
item_ASMANEX TWISTHALER 30 MET,0.0,0.0,0.003101040452538041,0.5549906296689114
item_CYCLOPENTOLATE HYDROCHLOR,0.0,0.0,0.003101040452538041,0.5549906296689114
item_COREG,0.0,0.0,0.003101040452538041,0.5549906296689114
item_XANAX,0.0,0.0,0.003101040452538041,0.5549906296689114
item_COSOPT PF,0.0,0.0,0.003101040452538041,0.5549906296689114
item_VIGAMOX,0.0,0.0,0.003101040452538041,0.5549906296689114
item_PERPHENAZINE/AMITRIPTYLIN,0.0,0.0,0.003101040452538041,0.5549906296689114
item_MEPERIDINE HCL,0.0,0.0,0.003101040452538041,0.5549906296689114
item_VOTRIENT,0.0,0.0,0.003101040452538041,0.5549906296689114
item_THIOTHIXENE,0.0,0.0,0.003101040452538041,0.5549906296689114
item_ROBAFEN,0.0,0.0,0.003101040452538041,0.5549906296689114
item_AMPYRA,0.0,0.0,0.003101040452538041,0.5549906296689114
item_BEPREVE,0.0,0.0,0.003101040452538041,0.5549906296689114
item_THERA M PLUS,0.0,0.0,0.003101040452538041,0.5549906296689114
item_EASY TOUCH INSULIN SYRING,0.0,0.0,0.003101040452538041,0.5549906296689114
item_TYPHIM VI,0.0,0.0,0.003101040452538041,0.5549906296689114
item_EASY TOUCH PEN NEEDLES 31,0.0,0.0,0.003101040452538041,0.5549906296689114
item_OPSUMIT,0.0,0.0,0.003101040452538041,0.5549906296689114
item_DIOVAN HCT,0.0,0.0,0.003101040452538041,0.5549906296689114
item_ALTACE,0.0,0.0,0.003101040452538041,0.5549906296689114
item_PINDOLOL,0.0,0.0,0.003101040452538041,0.5549906296689114
item_AVODART,0.0,0.0,0.003101040452538041,0.5549906296689114
item_ULTICARE MICRO PEN NEEDLE,0.0,0.0,0.003101040452538041,0.5549906296689114
item_ESTROPIPATE,0.0,0.0,0.003101040452538041,0.5549906296689114
item_NAFTIFINE HYDROCHLORIDE,0.0,0.0,0.003101040452538041,0.5549906296689114
item_ROBAFEN DM,0.0,0.0,0.003101040452538041,0.5549906296689114
item_LAMICTAL,0.0,0.0,0.003101040452538041,0.5549906296689114
item_ACAMPROSATE CALCIUM DR,0.0,0.0,0.003101040452538041,0.5549906296689114
item_LETAIRIS,0.0,0.0,0.003101040452538041,0.5549906296689114
item_FLORANEX,0.0,0.0,0.003101040452538041,0.5549906296689114
item_DANTROLENE SODIUM,0.0,0.0,0.003101040452538041,0.5549906296689114
item_TASIGNA,0.0,0.0,0.003101040452538041,0.5549906296689114
item_FLUVASTATIN SODIUM ER,0.0,0.0,0.003101040452538041,0.5549906296689114
item_ISTALOL,0.0,0.0,0.003101040452538041,0.5549906296689114
item_COMBIPATCH,0.0,0.0,0.003101040452538041,0.5549906296689114
item_PRED FORTE,0.0,0.0,0.003101040452538041,0.5549906296689114
item_QNASL,0.0,0.0,0.003101040452538041,0.5549906296689114
item_TRIPHROCAPS,0.0,0.0,0.003101040452538041,0.5549906296689114
item_DISULFIRAM,0.0,0.0,0.003101040452538041,0.5549906296689114
item_CIMETIDINE,0.0,0.0,0.003101040452538041,0.5549906296689114
item_MICARDIS HCT,0.0,0.0,0.003101040452538041,0.5549906296689114
item_TRIPLE ANTIBIOTIC,0.0,0.0,0.003101040452538041,0.5549906296689114
item_ANTI-DIARRHEAL,0.0,0.0,0.003101040452538041,0.5549906296689114
item_SENNA LAX,0.0,0.0,0.003101040452538041,0.5549906296689114
item_PERCOCET,0.0,0.0,0.003101040452538041,0.5549906296689114
item_HYSINGLA ER,0.0,0.0,0.003101040452538041,0.5549906296689114
item_NIASPAN,0.0,0.0,0.003101040452538041,0.5549906296689114
item_PROMACTA,0.0,0.0,0.003101040452538041,0.5549906296689114
item_FLUVASTATIN,0.0,0.0,0.003101040452538041,0.5549906296689114
item_LEVITRA,0.0,0.0,0.003101040452538041,0.5549906296689114
item_ASPIRIN 81 LOW DOSE,0.0,0.0,0.003101040452538041,0.5549906296689114
item_INSULIN SYRINGE/0.5ML/31G,0.0,0.0,0.003101040452538041,0.5549906296689114
item_UNIFINE PENTIPS 31GX6MM,0.0,0.0,0.003101040452538041,0.5549906296689114
item_INSULIN SYRINGE/U-100/1ML,0.0,0.0,0.003101040452538041,0.5549906296689114
item_ITRACONAZOLE,0.0,0.0,0.003101040452538041,0.5549906296689114
item_APIDRA SOLOSTAR,-2.138648587957266e-06,-6.6320357850188435e-09,0.003101040452538041,0.5549906296689114
item_XALATAN,-2.138648587957266e-06,-6.6320357850188435e-09,0.003101040452538041,0.5549906296689114
item_CULTURELLE DIGESTIVE HEAL,-2.138648587957266e-06,-6.6320357850188435e-09,0.003101040452538041,0.5549906296689114
item_PEN NEEDLES 32GX4MM,-2.138648587957266e-06,-6.6320357850188435e-09,0.003101040452538041,0.5549906296689114
