cohort,age_band,bin,feature,drug_name,rank,combined_importance
non_opioid_ed,45_54,low,item_drug_ALPRAZOLAM,ALPRAZOLAM,15,0.001544907457354
non_opioid_ed,45_54,low,item_drug_AMOXICILLIN,AMOXICILLIN,8,0.0043611653118328
non_opioid_ed,45_54,low,item_drug_ATENOLOL,ATENOLOL,18,0.0007236496315746
non_opioid_ed,45_54,low,item_drug_AZITHROMYCIN,AZITHROMYCIN,4,0.0110873260650833
non_opioid_ed,45_54,low,item_drug_CEPHALEXIN,CEPHALEXIN,19,0.0007093039471048
non_opioid_ed,45_54,low,item_drug_ERYTHROMYCIN,ERYTHROMYCIN,6,0.0102741693702154
non_opioid_ed,45_54,low,item_drug_FENOFIBRATE,FENOFIBRATE,20,0.0005912762619695
non_opioid_ed,45_54,low,item_drug_GABAPENTIN,GABAPENTIN,14,0.0021834111616464
non_opioid_ed,45_54,low,item_drug_HYDROCHLOROTHIAZIDE,HYDROCHLOROTHIAZIDE,11,0.0033244056599154
non_opioid_ed,45_54,low,item_drug_IBUPROFEN,IBUPROFEN,3,0.0130324002147254
non_opioid_ed,45_54,low,item_drug_KETOCONAZOLE,KETOCONAZOLE,7,0.0064515048464032
non_opioid_ed,45_54,low,item_drug_LISINOPRIL,LISINOPRIL,5,0.0109797797578634
non_opioid_ed,45_54,low,item_drug_METRONIDAZOLE,METRONIDAZOLE,9,0.0041494489175373
non_opioid_ed,45_54,low,item_drug_MUPIROCIN,MUPIROCIN,17,0.0008508234074617
non_opioid_ed,45_54,low,item_drug_NAPROXEN,NAPROXEN,16,0.0009176883310677
non_opioid_ed,45_54,low,item_drug_OMEPRAZOLE,OMEPRAZOLE,13,0.0025534919996892
non_opioid_ed,45_54,low,item_drug_PREDNISONE,PREDNISONE,10,0.003690587966102
non_opioid_ed,45_54,low,item_drug_SIMVASTATIN,SIMVASTATIN,12,0.0030564330919019
non_opioid_ed,45_54,medium,item_drug_ALPRAZOLAM,ALPRAZOLAM,14,0.0023567655919764
non_opioid_ed,45_54,medium,item_drug_AMOXICILLIN,AMOXICILLIN,6,0.0113013622711109
non_opioid_ed,45_54,medium,item_drug_ATENOLOL,ATENOLOL,15,0.0022740609128267
non_opioid_ed,45_54,medium,item_drug_AZITHROMYCIN,AZITHROMYCIN,3,0.0234171297109404
non_opioid_ed,45_54,medium,item_drug_CLARITHROMYCIN,CLARITHROMYCIN,20,0.001120131880065
non_opioid_ed,45_54,medium,item_drug_ERYTHROMYCIN,ERYTHROMYCIN,7,0.0107026758710457
non_opioid_ed,45_54,medium,item_drug_GABAPENTIN,GABAPENTIN,16,0.0020863664564737
non_opioid_ed,45_54,medium,item_drug_HYDROCHLOROTHIAZIDE,HYDROCHLOROTHIAZIDE,11,0.0040461958234715
non_opioid_ed,45_54,medium,item_drug_IBUPROFEN,IBUPROFEN,4,0.0212986766891212
non_opioid_ed,45_54,medium,item_drug_KETOCONAZOLE,KETOCONAZOLE,9,0.0068821943620893
non_opioid_ed,45_54,medium,item_drug_LISINOPRIL,LISINOPRIL,5,0.0187189282066587
non_opioid_ed,45_54,medium,item_drug_METRONIDAZOLE,METRONIDAZOLE,8,0.0089632651483228
non_opioid_ed,45_54,medium,item_drug_MUPIROCIN,MUPIROCIN,17,0.0018521424143654
non_opioid_ed,45_54,medium,item_drug_NAPROXEN,NAPROXEN,18,0.0017838674828016
non_opioid_ed,45_54,medium,item_drug_OMEPRAZOLE,OMEPRAZOLE,10,0.0042306169549147
non_opioid_ed,45_54,medium,item_drug_PREDNISONE,PREDNISONE,12,0.0038217209399263
non_opioid_ed,45_54,medium,item_drug_SIMVASTATIN,SIMVASTATIN,13,0.0034396960818039
non_opioid_ed,45_54,medium,item_drug_TOPIRAMATE,TOPIRAMATE,19,0.0012273307005485
non_opioid_ed,45_54,extreme,item_drug_ALPRAZOLAM,ALPRAZOLAM,16,0.0045146268216952
non_opioid_ed,45_54,extreme,item_drug_AMOXICILLIN,AMOXICILLIN,6,0.0124446210930634
non_opioid_ed,45_54,extreme,item_drug_ATENOLOL,ATENOLOL,15,0.005220940983045
non_opioid_ed,45_54,extreme,item_drug_AZITHROMYCIN,AZITHROMYCIN,4,0.0207577356936514
non_opioid_ed,45_54,extreme,item_drug_CARVEDILOL,CARVEDILOL,20,0.0024559299388462
non_opioid_ed,45_54,extreme,item_drug_CLONAZEPAM,CLONAZEPAM,10,0.0088230303845108
non_opioid_ed,45_54,extreme,item_drug_DIAZEPAM,DIAZEPAM,13,0.0058840204830685
non_opioid_ed,45_54,extreme,item_drug_ERYTHROMYCIN,ERYTHROMYCIN,12,0.0081342258215695
non_opioid_ed,45_54,extreme,item_drug_GABAPENTIN,GABAPENTIN,8,0.0112756535506474
non_opioid_ed,45_54,extreme,item_drug_HYDROCHLOROTHIAZIDE,HYDROCHLOROTHIAZIDE,17,0.0041440055327427
non_opioid_ed,45_54,extreme,item_drug_IBUPROFEN,IBUPROFEN,5,0.0200138658408266
non_opioid_ed,45_54,extreme,item_drug_KETOCONAZOLE,KETOCONAZOLE,11,0.0085710831021367
non_opioid_ed,45_54,extreme,item_drug_LISINOPRIL,LISINOPRIL,2,0.0242166321327958
non_opioid_ed,45_54,extreme,item_drug_METRONIDAZOLE,METRONIDAZOLE,9,0.0101518422039559
non_opioid_ed,45_54,extreme,item_drug_MUPIROCIN,MUPIROCIN,19,0.0030978422362415
non_opioid_ed,45_54,extreme,item_drug_OMEPRAZOLE,OMEPRAZOLE,7,0.0123284415207035
non_opioid_ed,45_54,extreme,item_drug_PREDNISONE,PREDNISONE,14,0.0056742744064376
non_opioid_ed,45_54,extreme,item_drug_SIMVASTATIN,SIMVASTATIN,18,0.0035120692780929
non_opioid_ed,45_54,high,item_drug_ALPRAZOLAM,ALPRAZOLAM,15,0.0041924956730183
non_opioid_ed,45_54,high,item_drug_AMOXICILLIN,AMOXICILLIN,6,0.01600959496354
non_opioid_ed,45_54,high,item_drug_ATENOLOL,ATENOLOL,12,0.0050430404472278
non_opioid_ed,45_54,high,item_drug_AZITHROMYCIN,AZITHROMYCIN,3,0.026584864003848
non_opioid_ed,45_54,high,item_drug_CLONAZEPAM,CLONAZEPAM,17,0.0038593117601924
non_opioid_ed,45_54,high,item_drug_DIAZEPAM,DIAZEPAM,18,0.0033425916321371
non_opioid_ed,45_54,high,item_drug_ERYTHROMYCIN,ERYTHROMYCIN,8,0.0106666654075963
non_opioid_ed,45_54,high,item_drug_GABAPENTIN,GABAPENTIN,11,0.0050710642746932
non_opioid_ed,45_54,high,item_drug_HYDROCHLOROTHIAZIDE,HYDROCHLOROTHIAZIDE,13,0.0045592343553695
non_opioid_ed,45_54,high,item_drug_IBUPROFEN,IBUPROFEN,4,0.025274776393671
non_opioid_ed,45_54,high,item_drug_KETOCONAZOLE,KETOCONAZOLE,10,0.0075682205267235
non_opioid_ed,45_54,high,item_drug_LISINOPRIL,LISINOPRIL,5,0.0235810737033094
non_opioid_ed,45_54,high,item_drug_METRONIDAZOLE,METRONIDAZOLE,7,0.011342833734671
non_opioid_ed,45_54,high,item_drug_MUPIROCIN,MUPIROCIN,19,0.0024979721423042
non_opioid_ed,45_54,high,item_drug_NAPROXEN,NAPROXEN,20,0.002384199566791
non_opioid_ed,45_54,high,item_drug_OMEPRAZOLE,OMEPRAZOLE,9,0.0080790183040946
non_opioid_ed,45_54,high,item_drug_PREDNISONE,PREDNISONE,14,0.0045120679965572
non_opioid_ed,45_54,high,item_drug_SIMVASTATIN,SIMVASTATIN,16,0.0040876602384704
non_opioid_ed,75_84,low,item_drug_ALPRAZOLAM,ALPRAZOLAM,7,0.0065130787851312
non_opioid_ed,75_84,low,item_drug_AMOXICILLIN,AMOXICILLIN,14,0.0003737119967481
non_opioid_ed,75_84,low,item_drug_ATENOLOL,ATENOLOL,11,0.002497799834746
non_opioid_ed,75_84,low,item_drug_AZITHROMYCIN,AZITHROMYCIN,5,0.013132265862522
non_opioid_ed,75_84,low,item_drug_CEPHALEXIN,CEPHALEXIN,12,0.0012684909848571
non_opioid_ed,75_84,low,item_drug_CLOPIDOGREL,CLOPIDOGREL,17,9.81660442768334e-05
non_opioid_ed,75_84,low,item_drug_FINASTERIDE,FINASTERIDE,13,0.0006513434773042
non_opioid_ed,75_84,low,item_drug_FUROSEMIDE,FUROSEMIDE,9,0.0047041375967234
non_opioid_ed,75_84,low,item_drug_GABAPENTIN,GABAPENTIN,16,0.0001410073457185
non_opioid_ed,75_84,low,item_drug_HYDROCHLOROTHIAZIDE,HYDROCHLOROTHIAZIDE,18,3.363689955135592e-05
non_opioid_ed,75_84,low,item_drug_LEVOFLOXACIN,LEVOFLOXACIN,8,0.0050713081144249
non_opioid_ed,75_84,low,item_drug_LISINOPRIL,LISINOPRIL,3,0.0151112889665443
non_opioid_ed,75_84,low,item_drug_LORAZEPAM,LORAZEPAM,6,0.0079478261855245
non_opioid_ed,75_84,low,item_drug_OMEPRAZOLE,OMEPRAZOLE,10,0.004003686953162
non_opioid_ed,75_84,low,item_drug_PREDNISONE,PREDNISONE,15,0.0001759975221574
non_opioid_ed,75_84,low,item_drug_SIMVASTATIN,SIMVASTATIN,4,0.0150254667497506
non_opioid_ed,75_84,medium,item_drug_ALPRAZOLAM,ALPRAZOLAM,6,0.0271773411289729
non_opioid_ed,75_84,medium,item_drug_AMOXICILLIN,AMOXICILLIN,14,0.0010466368723363
non_opioid_ed,75_84,medium,item_drug_ATENOLOL,ATENOLOL,11,0.0060125719769271
non_opioid_ed,75_84,medium,item_drug_AZITHROMYCIN,AZITHROMYCIN,5,0.0283249103975633
non_opioid_ed,75_84,medium,item_drug_CEPHALEXIN,CEPHALEXIN,12,0.004688197839002
non_opioid_ed,75_84,medium,item_drug_CLOPIDOGREL,CLOPIDOGREL,17,0.0003124444749053
non_opioid_ed,75_84,medium,item_drug_FINASTERIDE,FINASTERIDE,13,0.0022694474119947
non_opioid_ed,75_84,medium,item_drug_FUROSEMIDE,FUROSEMIDE,10,0.0101416239658667
non_opioid_ed,75_84,medium,item_drug_GABAPENTIN,GABAPENTIN,15,0.000745058439504
non_opioid_ed,75_84,medium,item_drug_HYDROCHLOROTHIAZIDE,HYDROCHLOROTHIAZIDE,18,0.0001001633885949
non_opioid_ed,75_84,medium,item_drug_LEVOFLOXACIN,LEVOFLOXACIN,8,0.0147576651554433
non_opioid_ed,75_84,medium,item_drug_LISINOPRIL,LISINOPRIL,3,0.0441767126598834
non_opioid_ed,75_84,medium,item_drug_LORAZEPAM,LORAZEPAM,7,0.0259290101981392
non_opioid_ed,75_84,medium,item_drug_OMEPRAZOLE,OMEPRAZOLE,9,0.011140190550328
non_opioid_ed,75_84,medium,item_drug_PREDNISONE,PREDNISONE,16,0.0004064999358173
non_opioid_ed,75_84,medium,item_drug_SIMVASTATIN,SIMVASTATIN,4,0.03572486231868
non_opioid_ed,75_84,extreme,item_drug_ALPRAZOLAM,ALPRAZOLAM,8,0.0393409612247605
non_opioid_ed,75_84,extreme,item_drug_AMOXICILLIN,AMOXICILLIN,14,0.0031764498815327
non_opioid_ed,75_84,extreme,item_drug_ATENOLOL,ATENOLOL,12,0.0072940354210203
non_opioid_ed,75_84,extreme,item_drug_AZITHROMYCIN,AZITHROMYCIN,7,0.0555856113684334
non_opioid_ed,75_84,extreme,item_drug_CEPHALEXIN,CEPHALEXIN,11,0.0173609462519487
non_opioid_ed,75_84,extreme,item_drug_CLOPIDOGREL,CLOPIDOGREL,17,0.0005941787938537
non_opioid_ed,75_84,extreme,item_drug_FINASTERIDE,FINASTERIDE,13,0.0036764766318618
non_opioid_ed,75_84,extreme,item_drug_FUROSEMIDE,FUROSEMIDE,9,0.0393059724973886
non_opioid_ed,75_84,extreme,item_drug_GABAPENTIN,GABAPENTIN,15,0.0025314911211874
non_opioid_ed,75_84,extreme,item_drug_HYDROCHLOROTHIAZIDE,HYDROCHLOROTHIAZIDE,18,0.000105427649825
non_opioid_ed,75_84,extreme,item_drug_LEVOFLOXACIN,LEVOFLOXACIN,6,0.0573928913529375
non_opioid_ed,75_84,extreme,item_drug_LISINOPRIL,LISINOPRIL,4,0.0791106267545883
non_opioid_ed,75_84,extreme,item_drug_LORAZEPAM,LORAZEPAM,3,0.0869842925797706
non_opioid_ed,75_84,extreme,item_drug_OMEPRAZOLE,OMEPRAZOLE,10,0.0232820050945212
non_opioid_ed,75_84,extreme,item_drug_PREDNISONE,PREDNISONE,16,0.0019448096163889
non_opioid_ed,75_84,extreme,item_drug_SIMVASTATIN,SIMVASTATIN,5,0.0607447139298034
non_opioid_ed,75_84,high,item_drug_ALPRAZOLAM,ALPRAZOLAM,7,0.0348935285965318
non_opioid_ed,75_84,high,item_drug_AMOXICILLIN,AMOXICILLIN,14,0.0020142671856672
non_opioid_ed,75_84,high,item_drug_ATENOLOL,ATENOLOL,12,0.0080649673913878
non_opioid_ed,75_84,high,item_drug_AZITHROMYCIN,AZITHROMYCIN,5,0.0517003548121622
non_opioid_ed,75_84,high,item_drug_CEPHALEXIN,CEPHALEXIN,11,0.0091772340571608
non_opioid_ed,75_84,high,item_drug_CLOPIDOGREL,CLOPIDOGREL,17,0.0006421948119413
non_opioid_ed,75_84,high,item_drug_FINASTERIDE,FINASTERIDE,13,0.0030098583041774
non_opioid_ed,75_84,high,item_drug_FUROSEMIDE,FUROSEMIDE,9,0.0211586463861381
non_opioid_ed,75_84,high,item_drug_GABAPENTIN,GABAPENTIN,15,0.0018705657727371
non_opioid_ed,75_84,high,item_drug_HYDROCHLOROTHIAZIDE,HYDROCHLOROTHIAZIDE,18,0.0001619043907163
non_opioid_ed,75_84,high,item_drug_LEVOFLOXACIN,LEVOFLOXACIN,8,0.0262028251509628
non_opioid_ed,75_84,high,item_drug_LISINOPRIL,LISINOPRIL,3,0.0743292200471507
non_opioid_ed,75_84,high,item_drug_LORAZEPAM,LORAZEPAM,6,0.0480961841848446
non_opioid_ed,75_84,high,item_drug_OMEPRAZOLE,OMEPRAZOLE,10,0.0193177523806562
non_opioid_ed,75_84,high,item_drug_PREDNISONE,PREDNISONE,16,0.0011107700351083
non_opioid_ed,75_84,high,item_drug_SIMVASTATIN,SIMVASTATIN,4,0.0552992003970011
non_opioid_ed,0_12,low,item_drug_ACYCLOVIR,ACYCLOVIR,19,0.0003419390525166
non_opioid_ed,0_12,low,item_drug_AMOXICILLIN,AMOXICILLIN,3,0.01919507108122
non_opioid_ed,0_12,low,item_drug_AZITHROMYCIN,AZITHROMYCIN,6,0.0027588489747416
non_opioid_ed,0_12,low,item_drug_BENZONATATE,BENZONATATE,18,0.0005265851518174
non_opioid_ed,0_12,low,item_drug_CEFDINIR,CEFDINIR,5,0.0035326671589708
non_opioid_ed,0_12,low,item_drug_CEPHALEXIN,CEPHALEXIN,4,0.0045997228858438
non_opioid_ed,0_12,low,item_drug_CIPRODEX,CIPRODEX,13,0.0013138822456851
non_opioid_ed,0_12,low,item_drug_ERYTHROMYCIN,ERYTHROMYCIN,17,0.0011312302247482
non_opioid_ed,0_12,low,item_drug_HYDROCORTISONE,HYDROCORTISONE,20,0.0003190864816427
non_opioid_ed,0_12,low,item_drug_IBUPROFEN,IBUPROFEN,10,0.0017826593693483
non_opioid_ed,0_12,low,item_drug_LORATADINE,LORATADINE,8,0.0021069648029405
non_opioid_ed,0_12,low,item_drug_MUPIROCIN,MUPIROCIN,11,0.0017410645731069
non_opioid_ed,0_12,low,item_drug_NYSTATIN,NYSTATIN,7,0.0026972567751942
non_opioid_ed,0_12,low,item_drug_OFLOXACIN,OFLOXACIN,12,0.0014454920485224
non_opioid_ed,0_12,low,item_drug_PREDNISOLONE,PREDNISOLONE,16,0.0011389068591348
non_opioid_ed,0_12,low,item_drug_PREDNISONE,PREDNISONE,15,0.0011705466180613
non_opioid_ed,0_12,low,item_drug_TAMIFLU,TAMIFLU,14,0.0011739985572324
non_opioid_ed,0_12,low,item_drug_VYVANSE,VYVANSE,9,0.0019421351718683
non_opioid_ed,0_12,medium,item_drug_AMOXICILLIN,AMOXICILLIN,3,0.0201641576708394
non_opioid_ed,0_12,medium,item_drug_AZITHROMYCIN,AZITHROMYCIN,6,0.0036038498496088
non_opioid_ed,0_12,medium,item_drug_BENZONATATE,BENZONATATE,18,0.0006299953453846
non_opioid_ed,0_12,medium,item_drug_CEFDINIR,CEFDINIR,5,0.0037752826105129
non_opioid_ed,0_12,medium,item_drug_CEPHALEXIN,CEPHALEXIN,4,0.0048799935250521
non_opioid_ed,0_12,medium,item_drug_CIPRODEX,CIPRODEX,16,0.0012738877581482
non_opioid_ed,0_12,medium,item_drug_ERYTHROMYCIN,ERYTHROMYCIN,17,0.0011582874536193
non_opioid_ed,0_12,medium,item_drug_HYDROCORTISONE,HYDROCORTISONE,19,0.0005894748804728
non_opioid_ed,0_12,medium,item_drug_IBUPROFEN,IBUPROFEN,8,0.0022826141729589
non_opioid_ed,0_12,medium,item_drug_LORATADINE,LORATADINE,7,0.0023501955575031
non_opioid_ed,0_12,medium,item_drug_MUPIROCIN,MUPIROCIN,10,0.0018820366226341
non_opioid_ed,0_12,medium,item_drug_NYSTATIN,NYSTATIN,9,0.0022322619917657
non_opioid_ed,0_12,medium,item_drug_OFLOXACIN,OFLOXACIN,13,0.0013120512777539
non_opioid_ed,0_12,medium,item_drug_PREDNISOLONE,PREDNISOLONE,12,0.0013218630495992
non_opioid_ed,0_12,medium,item_drug_PREDNISONE,PREDNISONE,14,0.0012844052036909
non_opioid_ed,0_12,medium,item_drug_TAMIFLU,TAMIFLU,15,0.0012776041851738
non_opioid_ed,0_12,medium,item_drug_TRETINOIN,TRETINOIN,20,0.0003936542924771
non_opioid_ed,0_12,medium,item_drug_VYVANSE,VYVANSE,11,0.0018149043114102
non_opioid_ed,0_12,extreme,item_drug_AMOXICILLIN,AMOXICILLIN,3,0.0218327365097369
non_opioid_ed,0_12,extreme,item_drug_AZITHROMYCIN,AZITHROMYCIN,5,0.0083548519868748
non_opioid_ed,0_12,extreme,item_drug_BENZONATATE,BENZONATATE,15,0.0025926055848988
non_opioid_ed,0_12,extreme,item_drug_BUDESONIDE,BUDESONIDE,8,0.0052431510556946
non_opioid_ed,0_12,extreme,item_drug_CEFDINIR,CEFDINIR,4,0.0127106586251286
non_opioid_ed,0_12,extreme,item_drug_CEPHALEXIN,CEPHALEXIN,6,0.0074313638623473
non_opioid_ed,0_12,extreme,item_drug_CIPRODEX,CIPRODEX,20,0.0018375396635491
non_opioid_ed,0_12,extreme,item_drug_ERYTHROMYCIN,ERYTHROMYCIN,18,0.0020215371143854
non_opioid_ed,0_12,extreme,item_drug_HYDROCORTISONE,HYDROCORTISONE,9,0.0048056422409636
non_opioid_ed,0_12,extreme,item_drug_IBUPROFEN,IBUPROFEN,11,0.0045096416036105
non_opioid_ed,0_12,extreme,item_drug_LORATADINE,LORATADINE,12,0.0039338169541099
non_opioid_ed,0_12,extreme,item_drug_MUPIROCIN,MUPIROCIN,13,0.0036017096075697
non_opioid_ed,0_12,extreme,item_drug_NYSTATIN,NYSTATIN,7,0.0058509427408506
non_opioid_ed,0_12,extreme,item_drug_OFLOXACIN,OFLOXACIN,19,0.0019047665115196
non_opioid_ed,0_12,extreme,item_drug_PREDNISOLONE,PREDNISOLONE,14,0.003287871613584
non_opioid_ed,0_12,extreme,item_drug_PREDNISONE,PREDNISONE,16,0.0023902428290185
non_opioid_ed,0_12,extreme,item_drug_RISPERIDONE,RISPERIDONE,17,0.0021368485290759
non_opioid_ed,0_12,extreme,item_drug_VYVANSE,VYVANSE,10,0.0047510237999997
non_opioid_ed,0_12,high,item_drug_AMOXICILLIN,AMOXICILLIN,3,0.0229085245396923
non_opioid_ed,0_12,high,item_drug_AZITHROMYCIN,AZITHROMYCIN,5,0.0060185599312451
non_opioid_ed,0_12,high,item_drug_BENZONATATE,BENZONATATE,20,0.0009498583002897
non_opioid_ed,0_12,high,item_drug_BUDESONIDE,BUDESONIDE,19,0.0009685630227627
non_opioid_ed,0_12,high,item_drug_CEFDINIR,CEFDINIR,4,0.0063663189148076
non_opioid_ed,0_12,high,item_drug_CEPHALEXIN,CEPHALEXIN,6,0.0057930962348787
non_opioid_ed,0_12,high,item_drug_CIPRODEX,CIPRODEX,17,0.0013276849245617
non_opioid_ed,0_12,high,item_drug_ERYTHROMYCIN,ERYTHROMYCIN,15,0.0014949598498806
non_opioid_ed,0_12,high,item_drug_HYDROCORTISONE,HYDROCORTISONE,13,0.0016947504240406
non_opioid_ed,0_12,high,item_drug_IBUPROFEN,IBUPROFEN,8,0.0032604178474932
non_opioid_ed,0_12,high,item_drug_LORATADINE,LORATADINE,9,0.0028343626438065
non_opioid_ed,0_12,high,item_drug_MUPIROCIN,MUPIROCIN,11,0.0025285830051086
non_opioid_ed,0_12,high,item_drug_NYSTATIN,NYSTATIN,7,0.003892232766556
non_opioid_ed,0_12,high,item_drug_OFLOXACIN,OFLOXACIN,16,0.0013609970096542
non_opioid_ed,0_12,high,item_drug_PREDNISOLONE,PREDNISOLONE,12,0.0020168820329763
non_opioid_ed,0_12,high,item_drug_PREDNISONE,PREDNISONE,14,0.001569106543171
non_opioid_ed,0_12,high,item_drug_TAMIFLU,TAMIFLU,18,0.0011707455053348
non_opioid_ed,0_12,high,item_drug_VYVANSE,VYVANSE,10,0.0026543449869652
non_opioid_ed,65_74,low,item_drug_ALLOPURINOL,ALLOPURINOL,17,0.0001854388461591
non_opioid_ed,65_74,low,item_drug_ALPRAZOLAM,ALPRAZOLAM,7,0.0019429051630946
non_opioid_ed,65_74,low,item_drug_AMOXICILLIN,AMOXICILLIN,4,0.0072011979267992
non_opioid_ed,65_74,low,item_drug_AZITHROMYCIN,AZITHROMYCIN,10,0.0008802738518339
non_opioid_ed,65_74,low,item_drug_BENZONATATE,BENZONATATE,18,0.0001401347377352
non_opioid_ed,65_74,low,item_drug_CARVEDILOL,CARVEDILOL,14,0.0004288184247798
non_opioid_ed,65_74,low,item_drug_CEPHALEXIN,CEPHALEXIN,16,0.0002582876665944
non_opioid_ed,65_74,low,item_drug_FUROSEMIDE,FUROSEMIDE,3,0.0081169072817572
non_opioid_ed,65_74,low,item_drug_GABAPENTIN,GABAPENTIN,13,0.0005882805234932
non_opioid_ed,65_74,low,item_drug_LATANOPROST,LATANOPROST,8,0.0009719522435847
non_opioid_ed,65_74,low,item_drug_LEVOFLOXACIN,LEVOFLOXACIN,20,0.000126355058631
non_opioid_ed,65_74,low,item_drug_LISINOPRIL,LISINOPRIL,6,0.0020982615954835
non_opioid_ed,65_74,low,item_drug_MELOXICAM,MELOXICAM,12,0.0006698860757159
non_opioid_ed,65_74,low,item_drug_METRONIDAZOLE,METRONIDAZOLE,19,0.0001379830287662
non_opioid_ed,65_74,low,item_drug_OFLOXACIN,OFLOXACIN,9,0.0009226345723929
non_opioid_ed,65_74,low,item_drug_OMEPRAZOLE,OMEPRAZOLE,11,0.0007318462955108
non_opioid_ed,65_74,low,item_drug_PREDNISONE,PREDNISONE,15,0.0004154157827554
non_opioid_ed,65_74,low,item_drug_SIMVASTATIN,SIMVASTATIN,5,0.0028054553969473
non_opioid_ed,65_74,medium,item_drug_ALLOPURINOL,ALLOPURINOL,18,0.0004114258914447
non_opioid_ed,65_74,medium,item_drug_ALPRAZOLAM,ALPRAZOLAM,6,0.0054312485700759
non_opioid_ed,65_74,medium,item_drug_AMOXICILLIN,AMOXICILLIN,4,0.0158698643208898
non_opioid_ed,65_74,medium,item_drug_AZITHROMYCIN,AZITHROMYCIN,14,0.0009063966252596
non_opioid_ed,65_74,medium,item_drug_BENZONATATE,BENZONATATE,19,0.0003760974340565
non_opioid_ed,65_74,medium,item_drug_CARVEDILOL,CARVEDILOL,11,0.0010604652633369
non_opioid_ed,65_74,medium,item_drug_CEPHALEXIN,CEPHALEXIN,16,0.0004929991791424
non_opioid_ed,65_74,medium,item_drug_FUROSEMIDE,FUROSEMIDE,3,0.0185283649016399
non_opioid_ed,65_74,medium,item_drug_GABAPENTIN,GABAPENTIN,13,0.0009999654526393
non_opioid_ed,65_74,medium,item_drug_LATANOPROST,LATANOPROST,9,0.0023195589991775
non_opioid_ed,65_74,medium,item_drug_LEVOFLOXACIN,LEVOFLOXACIN,20,0.0002870653877805
non_opioid_ed,65_74,medium,item_drug_LISINOPRIL,LISINOPRIL,7,0.0031672853449301
non_opioid_ed,65_74,medium,item_drug_MELOXICAM,MELOXICAM,12,0.0010384895261719
non_opioid_ed,65_74,medium,item_drug_METRONIDAZOLE,METRONIDAZOLE,17,0.0004135644354189
non_opioid_ed,65_74,medium,item_drug_OFLOXACIN,OFLOXACIN,8,0.0024171094355583
non_opioid_ed,65_74,medium,item_drug_OMEPRAZOLE,OMEPRAZOLE,10,0.0014035533393371
non_opioid_ed,65_74,medium,item_drug_PREDNISONE,PREDNISONE,15,0.00086120821804
non_opioid_ed,65_74,medium,item_drug_SIMVASTATIN,SIMVASTATIN,5,0.0077216413346556
non_opioid_ed,65_74,extreme,item_drug_ALLOPURINOL,ALLOPURINOL,18,0.0013448670235587
non_opioid_ed,65_74,extreme,item_drug_ALPRAZOLAM,ALPRAZOLAM,4,0.0219038723714221
non_opioid_ed,65_74,extreme,item_drug_AMOXICILLIN,AMOXICILLIN,5,0.0157099268309332
non_opioid_ed,65_74,extreme,item_drug_ATENOLOL,ATENOLOL,19,0.0009150671692962
non_opioid_ed,65_74,extreme,item_drug_CARVEDILOL,CARVEDILOL,7,0.0032543230489636
non_opioid_ed,65_74,extreme,item_drug_CEPHALEXIN,CEPHALEXIN,13,0.0017801949590205
non_opioid_ed,65_74,extreme,item_drug_FUROSEMIDE,FUROSEMIDE,3,0.0879900491372346
non_opioid_ed,65_74,extreme,item_drug_GABAPENTIN,GABAPENTIN,10,0.0027279995582634
non_opioid_ed,65_74,extreme,item_drug_LATANOPROST,LATANOPROST,8,0.0031956919208254
non_opioid_ed,65_74,extreme,item_drug_LEVOFLOXACIN,LEVOFLOXACIN,14,0.0017320925678374
non_opioid_ed,65_74,extreme,item_drug_LISINOPRIL,LISINOPRIL,12,0.0025067457702115
non_opioid_ed,65_74,extreme,item_drug_LORAZEPAM,LORAZEPAM,20,0.0008196243839647
non_opioid_ed,65_74,extreme,item_drug_MELOXICAM,MELOXICAM,16,0.0016644773520423
non_opioid_ed,65_74,extreme,item_drug_METRONIDAZOLE,METRONIDAZOLE,17,0.0016280598001785
non_opioid_ed,65_74,extreme,item_drug_OFLOXACIN,OFLOXACIN,9,0.0028363122315541
non_opioid_ed,65_74,extreme,item_drug_OMEPRAZOLE,OMEPRAZOLE,11,0.0025748955080961
non_opioid_ed,65_74,extreme,item_drug_PREDNISONE,PREDNISONE,15,0.0017011983792303
non_opioid_ed,65_74,extreme,item_drug_SIMVASTATIN,SIMVASTATIN,6,0.0118451072404811
non_opioid_ed,65_74,high,item_drug_ALLOPURINOL,ALLOPURINOL,18,0.0007981017191432
non_opioid_ed,65_74,high,item_drug_ALPRAZOLAM,ALPRAZOLAM,5,0.0141398563762163
non_opioid_ed,65_74,high,item_drug_AMOXICILLIN,AMOXICILLIN,4,0.0202403760398459
non_opioid_ed,65_74,high,item_drug_ATENOLOL,ATENOLOL,20,0.0007209459292679
non_opioid_ed,65_74,high,item_drug_AZITHROMYCIN,AZITHROMYCIN,17,0.0008700850622635
non_opioid_ed,65_74,high,item_drug_BENZONATATE,BENZONATATE,19,0.0007840674423575
non_opioid_ed,65_74,high,item_drug_CARVEDILOL,CARVEDILOL,12,0.0020743226644782
non_opioid_ed,65_74,high,item_drug_CEPHALEXIN,CEPHALEXIN,14,0.0014733218875513
non_opioid_ed,65_74,high,item_drug_FUROSEMIDE,FUROSEMIDE,3,0.041147525601981
non_opioid_ed,65_74,high,item_drug_GABAPENTIN,GABAPENTIN,13,0.0016303620219369
non_opioid_ed,65_74,high,item_drug_LATANOPROST,LATANOPROST,9,0.0029683588129855
non_opioid_ed,65_74,high,item_drug_LISINOPRIL,LISINOPRIL,7,0.0034782094363238
non_opioid_ed,65_74,high,item_drug_MELOXICAM,MELOXICAM,11,0.0023176336726248
non_opioid_ed,65_74,high,item_drug_METRONIDAZOLE,METRONIDAZOLE,16,0.0009499165354773
non_opioid_ed,65_74,high,item_drug_OFLOXACIN,OFLOXACIN,8,0.0034429889032688
non_opioid_ed,65_74,high,item_drug_OMEPRAZOLE,OMEPRAZOLE,10,0.0025089049709244
non_opioid_ed,65_74,high,item_drug_PREDNISONE,PREDNISONE,15,0.0013588748383639
non_opioid_ed,65_74,high,item_drug_SIMVASTATIN,SIMVASTATIN,6,0.0140011882053647
non_opioid_ed,13_24,low,item_drug_AMOXICILLIN,AMOXICILLIN,4,0.0141189738270805
non_opioid_ed,13_24,low,item_drug_AZITHROMYCIN,AZITHROMYCIN,6,0.0024340583953836
non_opioid_ed,13_24,low,item_drug_CEPHALEXIN,CEPHALEXIN,3,0.0181854736423585
non_opioid_ed,13_24,low,item_drug_DIFFERIN,DIFFERIN,16,0.0004597288969431
non_opioid_ed,13_24,low,item_drug_ERYTHROMYCIN,ERYTHROMYCIN,12,0.0008115641106383
non_opioid_ed,13_24,low,item_drug_FLUCONAZOLE,FLUCONAZOLE,8,0.0014131649455201
non_opioid_ed,13_24,low,item_drug_IBUPROFEN,IBUPROFEN,5,0.003230134762538
non_opioid_ed,13_24,low,item_drug_LORYNA,LORYNA,14,0.0007214633857552
non_opioid_ed,13_24,low,item_drug_MELOXICAM,MELOXICAM,15,0.0004710843309897
non_opioid_ed,13_24,low,item_drug_METRONIDAZOLE,METRONIDAZOLE,11,0.0008340127924199
non_opioid_ed,13_24,low,item_drug_MISOPROSTOL,MISOPROSTOL,20,0.0002031534463884
non_opioid_ed,13_24,low,item_drug_MUPIROCIN,MUPIROCIN,19,0.000225292459964
non_opioid_ed,13_24,low,item_drug_NAPROXEN,NAPROXEN,9,0.0013027225282808
non_opioid_ed,13_24,low,item_drug_NEXPLANON,NEXPLANON,18,0.0003165539695556
non_opioid_ed,13_24,low,item_drug_NORETHINDRONE,NORETHINDRONE,17,0.0003784263430095
non_opioid_ed,13_24,low,item_drug_NUVARING,NUVARING,7,0.0017886567872635
non_opioid_ed,13_24,low,item_drug_OFLOXACIN,OFLOXACIN,13,0.0007579700254074
non_opioid_ed,13_24,low,item_drug_PREDNISONE,PREDNISONE,10,0.0008386037843954
non_opioid_ed,13_24,medium,item_drug_AMOXICILLIN,AMOXICILLIN,3,0.0193416127695571
non_opioid_ed,13_24,medium,item_drug_AZITHROMYCIN,AZITHROMYCIN,5,0.0033349546930998
non_opioid_ed,13_24,medium,item_drug_CEPHALEXIN,CEPHALEXIN,4,0.019239123953925
non_opioid_ed,13_24,medium,item_drug_DIFFERIN,DIFFERIN,15,0.0005663342181164
non_opioid_ed,13_24,medium,item_drug_EPIDUO,EPIDUO,17,0.0004047811038531
non_opioid_ed,13_24,medium,item_drug_ERYTHROMYCIN,ERYTHROMYCIN,14,0.0008090477575015
non_opioid_ed,13_24,medium,item_drug_FLUCONAZOLE,FLUCONAZOLE,7,0.0021806050157505
non_opioid_ed,13_24,medium,item_drug_IBUPROFEN,IBUPROFEN,6,0.0030997067599917
non_opioid_ed,13_24,medium,item_drug_LORYNA,LORYNA,13,0.0009567654364154
non_opioid_ed,13_24,medium,item_drug_MELOXICAM,MELOXICAM,16,0.0004584708579444
non_opioid_ed,13_24,medium,item_drug_METRONIDAZOLE,METRONIDAZOLE,11,0.0012026981324836
non_opioid_ed,13_24,medium,item_drug_MUPIROCIN,MUPIROCIN,20,0.0002786607412084
non_opioid_ed,13_24,medium,item_drug_NAPROXEN,NAPROXEN,9,0.0015174608371463
non_opioid_ed,13_24,medium,item_drug_NEXPLANON,NEXPLANON,18,0.0003281585868244
non_opioid_ed,13_24,medium,item_drug_NORETHINDRONE,NORETHINDRONE,19,0.0002860713737292
non_opioid_ed,13_24,medium,item_drug_NUVARING,NUVARING,8,0.0019168462765815
non_opioid_ed,13_24,medium,item_drug_OFLOXACIN,OFLOXACIN,12,0.0009597431238938
non_opioid_ed,13_24,medium,item_drug_PREDNISONE,PREDNISONE,10,0.0014512578629089
non_opioid_ed,13_24,extreme,item_drug_AMOXICILLIN,AMOXICILLIN,3,0.0327354493479758
non_opioid_ed,13_24,extreme,item_drug_ARIPIPRAZOLE,ARIPIPRAZOLE,19,0.0007012955963667
non_opioid_ed,13_24,extreme,item_drug_AZITHROMYCIN,AZITHROMYCIN,8,0.0038327898418919
non_opioid_ed,13_24,extreme,item_drug_CEPHALEXIN,CEPHALEXIN,4,0.0236536198757113
non_opioid_ed,13_24,extreme,item_drug_DEXAMETHASONE,DEXAMETHASONE,15,0.0009994382957729
non_opioid_ed,13_24,extreme,item_drug_EPIDUO,EPIDUO,17,0.0009496689581664
non_opioid_ed,13_24,extreme,item_drug_FLUCONAZOLE,FLUCONAZOLE,6,0.0105358137069115
non_opioid_ed,13_24,extreme,item_drug_IBUPROFEN,IBUPROFEN,7,0.0058669750373118
non_opioid_ed,13_24,extreme,item_drug_LEVOFLOXACIN,LEVOFLOXACIN,18,0.0009264225510952
non_opioid_ed,13_24,extreme,item_drug_LORATADINE,LORATADINE,14,0.0011013476113639
non_opioid_ed,13_24,extreme,item_drug_MELOXICAM,MELOXICAM,11,0.0017966524368955
non_opioid_ed,13_24,extreme,item_drug_METRONIDAZOLE,METRONIDAZOLE,5,0.0110137444503215
non_opioid_ed,13_24,extreme,item_drug_NAPROXEN,NAPROXEN,9,0.0031062199167585
non_opioid_ed,13_24,extreme,item_drug_NEXPLANON,NEXPLANON,20,0.0006515249279565
non_opioid_ed,13_24,extreme,item_drug_NUVARING,NUVARING,12,0.0017201388631886
non_opioid_ed,13_24,extreme,item_drug_OFLOXACIN,OFLOXACIN,13,0.0014817136461981
non_opioid_ed,13_24,extreme,item_drug_OMEPRAZOLE,OMEPRAZOLE,16,0.000990599055149
non_opioid_ed,13_24,extreme,item_drug_PREDNISONE,PREDNISONE,10,0.0020882268639534
non_opioid_ed,13_24,high,item_drug_AMOXICILLIN,AMOXICILLIN,3,0.0293130802918656
non_opioid_ed,13_24,high,item_drug_AZITHROMYCIN,AZITHROMYCIN,6,0.0045341796885756
non_opioid_ed,13_24,high,item_drug_CEPHALEXIN,CEPHALEXIN,4,0.0224017670317567
non_opioid_ed,13_24,high,item_drug_DEXAMETHASONE,DEXAMETHASONE,18,0.0005834530850112
non_opioid_ed,13_24,high,item_drug_DIFFERIN,DIFFERIN,19,0.000562933940838
non_opioid_ed,13_24,high,item_drug_EPIDUO,EPIDUO,13,0.0010446294631295
non_opioid_ed,13_24,high,item_drug_ERYTHROMYCIN,ERYTHROMYCIN,15,0.0009739092734537
non_opioid_ed,13_24,high,item_drug_FLUCONAZOLE,FLUCONAZOLE,5,0.0056039549053234
non_opioid_ed,13_24,high,item_drug_IBUPROFEN,IBUPROFEN,8,0.0042135728013255
non_opioid_ed,13_24,high,item_drug_LORATADINE,LORATADINE,17,0.0005860597778054
non_opioid_ed,13_24,high,item_drug_LORYNA,LORYNA,14,0.0010206809016283
non_opioid_ed,13_24,high,item_drug_MELOXICAM,MELOXICAM,16,0.0007941879692659
non_opioid_ed,13_24,high,item_drug_METRONIDAZOLE,METRONIDAZOLE,7,0.0043385289027513
non_opioid_ed,13_24,high,item_drug_NAPROXEN,NAPROXEN,10,0.0021963996222627
non_opioid_ed,13_24,high,item_drug_NUVARING,NUVARING,9,0.0022294428068494
non_opioid_ed,13_24,high,item_drug_OCELLA,OCELLA,20,0.0005211400636789
non_opioid_ed,13_24,high,item_drug_OFLOXACIN,OFLOXACIN,12,0.0014610596806688
non_opioid_ed,13_24,high,item_drug_PREDNISONE,PREDNISONE,11,0.0021536853871967
non_opioid_ed,55_64,low,item_drug_ALLOPURINOL,ALLOPURINOL,16,0.0009360931255339
non_opioid_ed,55_64,low,item_drug_AMOXICILLIN,AMOXICILLIN,3,0.0278504112592066
non_opioid_ed,55_64,low,item_drug_AZITHROMYCIN,AZITHROMYCIN,6,0.0087548136489425
non_opioid_ed,55_64,low,item_drug_BENZONATATE,BENZONATATE,20,0.0006187204710028
non_opioid_ed,55_64,low,item_drug_CARVEDILOL,CARVEDILOL,11,0.0019019856810412
non_opioid_ed,55_64,low,item_drug_CEPHALEXIN,CEPHALEXIN,5,0.0096782279059556
non_opioid_ed,55_64,low,item_drug_GLIPIZIDE,GLIPIZIDE,19,0.0007381792860744
non_opioid_ed,55_64,low,item_drug_HYDROCHLOROTHIAZIDE,HYDROCHLOROTHIAZIDE,15,0.0010146668117914
non_opioid_ed,55_64,low,item_drug_IBUPROFEN,IBUPROFEN,8,0.0028820374143754
non_opioid_ed,55_64,low,item_drug_LISINOPRIL,LISINOPRIL,4,0.0170386623950604
non_opioid_ed,55_64,low,item_drug_MELOXICAM,MELOXICAM,13,0.001718477821795
non_opioid_ed,55_64,low,item_drug_MUPIROCIN,MUPIROCIN,10,0.0020477544326849
non_opioid_ed,55_64,low,item_drug_NAPROXEN,NAPROXEN,17,0.0008050544716144
non_opioid_ed,55_64,low,item_drug_OMEPRAZOLE,OMEPRAZOLE,7,0.0029514819269798
non_opioid_ed,55_64,low,item_drug_PREDNISONE,PREDNISONE,12,0.0017979475894336
non_opioid_ed,55_64,low,item_drug_SIMVASTATIN,SIMVASTATIN,9,0.002336571099478
non_opioid_ed,55_64,low,item_drug_VIAGRA,VIAGRA,14,0.0013360404885019
non_opioid_ed,55_64,low,item_drug_ZOSTAVAX,ZOSTAVAX,18,0.0007866109432489
non_opioid_ed,55_64,medium,item_drug_ALLOPURINOL,ALLOPURINOL,20,0.0013102071533603
non_opioid_ed,55_64,medium,item_drug_AMOXICILLIN,AMOXICILLIN,2,0.0365672201206557
non_opioid_ed,55_64,medium,item_drug_AZITHROMYCIN,AZITHROMYCIN,6,0.0187598091313262
non_opioid_ed,55_64,medium,item_drug_BENZONATATE,BENZONATATE,19,0.0013411281950344
non_opioid_ed,55_64,medium,item_drug_CARVEDILOL,CARVEDILOL,12,0.0035573319121933
non_opioid_ed,55_64,medium,item_drug_CEPHALEXIN,CEPHALEXIN,5,0.0193642707897071
non_opioid_ed,55_64,medium,item_drug_GLIPIZIDE,GLIPIZIDE,13,0.0029299724540806
non_opioid_ed,55_64,medium,item_drug_HYDROCHLOROTHIAZIDE,HYDROCHLOROTHIAZIDE,16,0.0022705314627241
non_opioid_ed,55_64,medium,item_drug_IBUPROFEN,IBUPROFEN,7,0.0068581923491006
non_opioid_ed,55_64,medium,item_drug_LISINOPRIL,LISINOPRIL,4,0.0313766226239954
non_opioid_ed,55_64,medium,item_drug_MELOXICAM,MELOXICAM,15,0.0024811205172267
non_opioid_ed,55_64,medium,item_drug_METHOCARBAMOL,METHOCARBAMOL,18,0.0014113616601695
non_opioid_ed,55_64,medium,item_drug_MUPIROCIN,MUPIROCIN,9,0.0056700211347016
non_opioid_ed,55_64,medium,item_drug_NAPROXEN,NAPROXEN,14,0.0025200331425756
non_opioid_ed,55_64,medium,item_drug_OMEPRAZOLE,OMEPRAZOLE,8,0.0058919224168787
non_opioid_ed,55_64,medium,item_drug_PREDNISONE,PREDNISONE,11,0.0048716897718488
non_opioid_ed,55_64,medium,item_drug_SIMVASTATIN,SIMVASTATIN,10,0.0052930560301585
non_opioid_ed,55_64,medium,item_drug_VIAGRA,VIAGRA,17,0.0021256500840016
non_opioid_ed,55_64,extreme,item_drug_AMOXICILLIN,AMOXICILLIN,5,0.0228258294002104
non_opioid_ed,55_64,extreme,item_drug_AZITHROMYCIN,AZITHROMYCIN,7,0.0175018237372873
non_opioid_ed,55_64,extreme,item_drug_BENZONATATE,BENZONATATE,18,0.0021694075076689
non_opioid_ed,55_64,extreme,item_drug_CARVEDILOL,CARVEDILOL,10,0.0078457619377299
non_opioid_ed,55_64,extreme,item_drug_CEPHALEXIN,CEPHALEXIN,4,0.0249445956893076
non_opioid_ed,55_64,extreme,item_drug_FUROSEMIDE,FUROSEMIDE,16,0.0027722026523206
non_opioid_ed,55_64,extreme,item_drug_GLIPIZIDE,GLIPIZIDE,9,0.0119486770590619
non_opioid_ed,55_64,extreme,item_drug_HYDROCHLOROTHIAZIDE,HYDROCHLOROTHIAZIDE,17,0.0021754595614392
non_opioid_ed,55_64,extreme,item_drug_IBUPROFEN,IBUPROFEN,6,0.0186885675165681
non_opioid_ed,55_64,extreme,item_drug_LEVOFLOXACIN,LEVOFLOXACIN,15,0.0032181321815602
non_opioid_ed,55_64,extreme,item_drug_LISINOPRIL,LISINOPRIL,3,0.0297005224594793
non_opioid_ed,55_64,extreme,item_drug_MELOXICAM,MELOXICAM,19,0.0016903135951925
non_opioid_ed,55_64,extreme,item_drug_METHOCARBAMOL,METHOCARBAMOL,13,0.0050076948897249
non_opioid_ed,55_64,extreme,item_drug_MUPIROCIN,MUPIROCIN,12,0.0070593033152411
non_opioid_ed,55_64,extreme,item_drug_NAPROXEN,NAPROXEN,20,0.001379047348558
non_opioid_ed,55_64,extreme,item_drug_OMEPRAZOLE,OMEPRAZOLE,8,0.0120380730671699
non_opioid_ed,55_64,extreme,item_drug_PREDNISONE,PREDNISONE,11,0.0072474535069543
non_opioid_ed,55_64,extreme,item_drug_SIMVASTATIN,SIMVASTATIN,14,0.0038097756020769
non_opioid_ed,55_64,high,item_drug_AMOXICILLIN,AMOXICILLIN,4,0.0316637954832258
non_opioid_ed,55_64,high,item_drug_AZITHROMYCIN,AZITHROMYCIN,6,0.0213939552831851
non_opioid_ed,55_64,high,item_drug_BENZONATATE,BENZONATATE,18,0.0021114230221868
non_opioid_ed,55_64,high,item_drug_CARVEDILOL,CARVEDILOL,13,0.0047228623959754
non_opioid_ed,55_64,high,item_drug_CEPHALEXIN,CEPHALEXIN,5,0.0258025789570545
non_opioid_ed,55_64,high,item_drug_GLIPIZIDE,GLIPIZIDE,9,0.0083877494431383
non_opioid_ed,55_64,high,item_drug_HYDROCHLOROTHIAZIDE,HYDROCHLOROTHIAZIDE,15,0.0030848992441436
non_opioid_ed,55_64,high,item_drug_IBUPROFEN,IBUPROFEN,7,0.0141588397900487
non_opioid_ed,55_64,high,item_drug_LEVOFLOXACIN,LEVOFLOXACIN,19,0.0018972601303
non_opioid_ed,55_64,high,item_drug_LISINOPRIL,LISINOPRIL,3,0.0363093827893592
non_opioid_ed,55_64,high,item_drug_MELOXICAM,MELOXICAM,17,0.0026071777653818
non_opioid_ed,55_64,high,item_drug_METHOCARBAMOL,METHOCARBAMOL,14,0.0038179817308852
non_opioid_ed,55_64,high,item_drug_MUPIROCIN,MUPIROCIN,11,0.0066388598037071
non_opioid_ed,55_64,high,item_drug_NAPROXEN,NAPROXEN,16,0.0028095349225018
non_opioid_ed,55_64,high,item_drug_OMEPRAZOLE,OMEPRAZOLE,8,0.0088912395014591
non_opioid_ed,55_64,high,item_drug_PREDNISONE,PREDNISONE,10,0.0073340239820339
non_opioid_ed,55_64,high,item_drug_SIMVASTATIN,SIMVASTATIN,12,0.0066384222115428
non_opioid_ed,55_64,high,item_drug_VIAGRA,VIAGRA,20,0.0016360285942703
non_opioid_ed,85_114,low,item_drug_ALPRAZOLAM,ALPRAZOLAM,11,0.0405955897099397
non_opioid_ed,85_114,low,item_drug_AZITHROMYCIN,AZITHROMYCIN,8,0.0470606596078017
non_opioid_ed,85_114,low,item_drug_CARVEDILOL,CARVEDILOL,13,0.0271081325205042
non_opioid_ed,85_114,low,item_drug_CEPHALEXIN,CEPHALEXIN,4,0.1746064184222304
non_opioid_ed,85_114,low,item_drug_CLOPIDOGREL,CLOPIDOGREL,15,0.0233748522497743
non_opioid_ed,85_114,low,item_drug_FLUCONAZOLE,FLUCONAZOLE,20,0.0064193564016469
non_opioid_ed,85_114,low,item_drug_FUROSEMIDE,FUROSEMIDE,3,0.1765527480946579
non_opioid_ed,85_114,low,item_drug_GABAPENTIN,GABAPENTIN,14,0.0233963852794024
non_opioid_ed,85_114,low,item_drug_HYDROCHLOROTHIAZIDE,HYDROCHLOROTHIAZIDE,18,0.0149594385291861
non_opioid_ed,85_114,low,item_drug_LATANOPROST,LATANOPROST,9,0.0457898584753488
non_opioid_ed,85_114,low,item_drug_LEVOFLOXACIN,LEVOFLOXACIN,19,0.0084495711362283
non_opioid_ed,85_114,low,item_drug_LISINOPRIL,LISINOPRIL,7,0.05621722720806
non_opioid_ed,85_114,low,item_drug_LORAZEPAM,LORAZEPAM,6,0.0643670706486696
non_opioid_ed,85_114,low,item_drug_METRONIDAZOLE,METRONIDAZOLE,17,0.015941442007969
non_opioid_ed,85_114,low,item_drug_MIRTAZAPINE,MIRTAZAPINE,5,0.1160044662732225
non_opioid_ed,85_114,low,item_drug_NYSTATIN,NYSTATIN,12,0.0384872447808503
non_opioid_ed,85_114,low,item_drug_OMEPRAZOLE,OMEPRAZOLE,16,0.0218252143579564
non_opioid_ed,85_114,low,item_drug_PREDNISONE,PREDNISONE,10,0.0438996493138122
non_opioid_ed,85_114,medium,item_drug_ALPRAZOLAM,ALPRAZOLAM,11,0.0352726698380784
non_opioid_ed,85_114,medium,item_drug_AZITHROMYCIN,AZITHROMYCIN,7,0.0483851806736512
non_opioid_ed,85_114,medium,item_drug_CARVEDILOL,CARVEDILOL,13,0.0240776899616741
non_opioid_ed,85_114,medium,item_drug_CEPHALEXIN,CEPHALEXIN,3,0.1567260319040218
non_opioid_ed,85_114,medium,item_drug_CLOPIDOGREL,CLOPIDOGREL,15,0.0198358697018809
non_opioid_ed,85_114,medium,item_drug_FLUCONAZOLE,FLUCONAZOLE,20,0.0054247225130792
non_opioid_ed,85_114,medium,item_drug_FUROSEMIDE,FUROSEMIDE,4,0.1275121623372755
non_opioid_ed,85_114,medium,item_drug_GABAPENTIN,GABAPENTIN,16,0.0192028099459941
non_opioid_ed,85_114,medium,item_drug_HYDROCHLOROTHIAZIDE,HYDROCHLOROTHIAZIDE,18,0.0119386781601266
non_opioid_ed,85_114,medium,item_drug_LATANOPROST,LATANOPROST,12,0.0335254568714953
non_opioid_ed,85_114,medium,item_drug_LEVOFLOXACIN,LEVOFLOXACIN,19,0.0072724329666807
non_opioid_ed,85_114,medium,item_drug_LISINOPRIL,LISINOPRIL,8,0.0442432516728405
non_opioid_ed,85_114,medium,item_drug_LORAZEPAM,LORAZEPAM,6,0.0528386363411804
non_opioid_ed,85_114,medium,item_drug_METRONIDAZOLE,METRONIDAZOLE,17,0.0145726522335287
non_opioid_ed,85_114,medium,item_drug_MIRTAZAPINE,MIRTAZAPINE,5,0.095431014633994
non_opioid_ed,85_114,medium,item_drug_NYSTATIN,NYSTATIN,10,0.0371873096473437
non_opioid_ed,85_114,medium,item_drug_OMEPRAZOLE,OMEPRAZOLE,14,0.0199659518581299
non_opioid_ed,85_114,medium,item_drug_PREDNISONE,PREDNISONE,9,0.0405116516948952
non_opioid_ed,85_114,extreme,item_drug_ALPRAZOLAM,ALPRAZOLAM,14,0.0348091392192627
non_opioid_ed,85_114,extreme,item_drug_AZITHROMYCIN,AZITHROMYCIN,6,0.1059191397335793
non_opioid_ed,85_114,extreme,item_drug_CARVEDILOL,CARVEDILOL,13,0.0379388172367463
non_opioid_ed,85_114,extreme,item_drug_CEPHALEXIN,CEPHALEXIN,2,0.3282666797345337
non_opioid_ed,85_114,extreme,item_drug_CLOPIDOGREL,CLOPIDOGREL,15,0.0283907022753446
non_opioid_ed,85_114,extreme,item_drug_FLUCONAZOLE,FLUCONAZOLE,20,0.0070387932007224
non_opioid_ed,85_114,extreme,item_drug_FUROSEMIDE,FUROSEMIDE,3,0.216170724730202
non_opioid_ed,85_114,extreme,item_drug_GABAPENTIN,GABAPENTIN,9,0.0568240918528504
non_opioid_ed,85_114,extreme,item_drug_HYDROCHLOROTHIAZIDE,HYDROCHLOROTHIAZIDE,19,0.0105897548902732
non_opioid_ed,85_114,extreme,item_drug_LATANOPROST,LATANOPROST,10,0.0479482530822857
non_opioid_ed,85_114,extreme,item_drug_LEVOFLOXACIN,LEVOFLOXACIN,18,0.0151428038240925
non_opioid_ed,85_114,extreme,item_drug_LISINOPRIL,LISINOPRIL,11,0.0445182307488499
non_opioid_ed,85_114,extreme,item_drug_LORAZEPAM,LORAZEPAM,8,0.0715756627898494
non_opioid_ed,85_114,extreme,item_drug_METRONIDAZOLE,METRONIDAZOLE,17,0.0257162994802707
non_opioid_ed,85_114,extreme,item_drug_MIRTAZAPINE,MIRTAZAPINE,5,0.1138957646308928
non_opioid_ed,85_114,extreme,item_drug_NYSTATIN,NYSTATIN,12,0.0438876035872942
non_opioid_ed,85_114,extreme,item_drug_OMEPRAZOLE,OMEPRAZOLE,16,0.0278596125713758
non_opioid_ed,85_114,extreme,item_drug_PREDNISONE,PREDNISONE,7,0.0720798714237084
non_opioid_ed,85_114,high,item_drug_ALPRAZOLAM,ALPRAZOLAM,10,0.0380709843117048
non_opioid_ed,85_114,high,item_drug_AZITHROMYCIN,AZITHROMYCIN,6,0.0593016990810034
non_opioid_ed,85_114,high,item_drug_CARVEDILOL,CARVEDILOL,13,0.0254372478326539
non_opioid_ed,85_114,high,item_drug_CEPHALEXIN,CEPHALEXIN,2,0.1894059308764901
non_opioid_ed,85_114,high,item_drug_CLOPIDOGREL,CLOPIDOGREL,16,0.0198207108623347
non_opioid_ed,85_114,high,item_drug_FLUCONAZOLE,FLUCONAZOLE,20,0.005016907779632
non_opioid_ed,85_114,high,item_drug_FUROSEMIDE,FUROSEMIDE,3,0.1585874623170451
non_opioid_ed,85_114,high,item_drug_GABAPENTIN,GABAPENTIN,14,0.0230559300868184
non_opioid_ed,85_114,high,item_drug_HYDROCHLOROTHIAZIDE,HYDROCHLOROTHIAZIDE,18,0.0122757591031556
non_opioid_ed,85_114,high,item_drug_LATANOPROST,LATANOPROST,11,0.0349263278511939
non_opioid_ed,85_114,high,item_drug_LEVOFLOXACIN,LEVOFLOXACIN,19,0.0097236259030657
non_opioid_ed,85_114,high,item_drug_LISINOPRIL,LISINOPRIL,8,0.0466394053431869
non_opioid_ed,85_114,high,item_drug_LORAZEPAM,LORAZEPAM,7,0.0549830628751042
non_opioid_ed,85_114,high,item_drug_METRONIDAZOLE,METRONIDAZOLE,17,0.0124259635808737
non_opioid_ed,85_114,high,item_drug_MIRTAZAPINE,MIRTAZAPINE,5,0.1399865595017015
non_opioid_ed,85_114,high,item_drug_NYSTATIN,NYSTATIN,12,0.0334417130281622
non_opioid_ed,85_114,high,item_drug_OMEPRAZOLE,OMEPRAZOLE,15,0.022088836806733
non_opioid_ed,85_114,high,item_drug_PREDNISONE,PREDNISONE,9,0.0432670576465198
non_opioid_ed,25_44,low,item_drug_ACYCLOVIR,ACYCLOVIR,16,0.0008178233064015
non_opioid_ed,25_44,low,item_drug_ALPRAZOLAM,ALPRAZOLAM,12,0.0017757221503132
non_opioid_ed,25_44,low,item_drug_AMOXICILLIN,AMOXICILLIN,15,0.0010285422991899
non_opioid_ed,25_44,low,item_drug_AZITHROMYCIN,AZITHROMYCIN,14,0.001270690946703
non_opioid_ed,25_44,low,item_drug_CEPHALEXIN,CEPHALEXIN,3,0.0190609156239984
non_opioid_ed,25_44,low,item_drug_DIAZEPAM,DIAZEPAM,10,0.0022637036796507
non_opioid_ed,25_44,low,item_drug_ERYTHROMYCIN,ERYTHROMYCIN,5,0.0081137786222572
non_opioid_ed,25_44,low,item_drug_FLUCONAZOLE,FLUCONAZOLE,8,0.0040354043783398
non_opioid_ed,25_44,low,item_drug_KETOCONAZOLE,KETOCONAZOLE,20,0.0003872852182821
non_opioid_ed,25_44,low,item_drug_MELOXICAM,MELOXICAM,11,0.0020147764452775
non_opioid_ed,25_44,low,item_drug_METHOCARBAMOL,METHOCARBAMOL,13,0.0016336889596401
non_opioid_ed,25_44,low,item_drug_METRONIDAZOLE,METRONIDAZOLE,9,0.0031634557982381
non_opioid_ed,25_44,low,item_drug_NAPROXEN,NAPROXEN,6,0.0066112817856862
non_opioid_ed,25_44,low,item_drug_NUVARING,NUVARING,17,0.0007287929202356
non_opioid_ed,25_44,low,item_drug_OCELLA,OCELLA,18,0.0005540387735417
non_opioid_ed,25_44,low,item_drug_OFLOXACIN,OFLOXACIN,7,0.004430342662653
non_opioid_ed,25_44,low,item_drug_OMEPRAZOLE,OMEPRAZOLE,19,0.0004490678899242
non_opioid_ed,25_44,low,item_drug_PREDNISONE,PREDNISONE,4,0.0081782011468899
non_opioid_ed,25_44,medium,item_drug_ACYCLOVIR,ACYCLOVIR,19,0.0008749424576839
non_opioid_ed,25_44,medium,item_drug_ALPRAZOLAM,ALPRAZOLAM,15,0.0016387667031398
non_opioid_ed,25_44,medium,item_drug_AMOXICILLIN,AMOXICILLIN,13,0.0017498153785617
non_opioid_ed,25_44,medium,item_drug_AZITHROMYCIN,AZITHROMYCIN,10,0.0033624548977686
non_opioid_ed,25_44,medium,item_drug_BENZONATATE,BENZONATATE,16,0.0009877838347747
non_opioid_ed,25_44,medium,item_drug_CEPHALEXIN,CEPHALEXIN,4,0.0200618333264586
non_opioid_ed,25_44,medium,item_drug_DIAZEPAM,DIAZEPAM,12,0.0029970379673178
non_opioid_ed,25_44,medium,item_drug_ERYTHROMYCIN,ERYTHROMYCIN,6,0.0078101081440838
non_opioid_ed,25_44,medium,item_drug_FLUCONAZOLE,FLUCONAZOLE,7,0.0061848725777799
non_opioid_ed,25_44,medium,item_drug_KETOCONAZOLE,KETOCONAZOLE,20,0.0007347775534472
non_opioid_ed,25_44,medium,item_drug_MELOXICAM,MELOXICAM,11,0.0031357137661042
non_opioid_ed,25_44,medium,item_drug_METHOCARBAMOL,METHOCARBAMOL,14,0.0017093670104399
non_opioid_ed,25_44,medium,item_drug_METRONIDAZOLE,METRONIDAZOLE,9,0.003557906411191
non_opioid_ed,25_44,medium,item_drug_NAPROXEN,NAPROXEN,5,0.0090279468535154
non_opioid_ed,25_44,medium,item_drug_NUVARING,NUVARING,18,0.0009218846651333
non_opioid_ed,25_44,medium,item_drug_OFLOXACIN,OFLOXACIN,8,0.0057960364696864
non_opioid_ed,25_44,medium,item_drug_OMEPRAZOLE,OMEPRAZOLE,17,0.0009420046031255
non_opioid_ed,25_44,medium,item_drug_PREDNISONE,PREDNISONE,3,0.0202310374231363
non_opioid_ed,25_44,extreme,item_drug_ALPRAZOLAM,ALPRAZOLAM,15,0.0031981277158113
non_opioid_ed,25_44,extreme,item_drug_AMOXICILLIN,AMOXICILLIN,18,0.0022157459347594
non_opioid_ed,25_44,extreme,item_drug_AZITHROMYCIN,AZITHROMYCIN,7,0.0120271401347837
non_opioid_ed,25_44,extreme,item_drug_BENZONATATE,BENZONATATE,16,0.0026806845031225
non_opioid_ed,25_44,extreme,item_drug_CEPHALEXIN,CEPHALEXIN,4,0.0366798384992656
non_opioid_ed,25_44,extreme,item_drug_DIAZEPAM,DIAZEPAM,10,0.0054900570974947
non_opioid_ed,25_44,extreme,item_drug_ERYTHROMYCIN,ERYTHROMYCIN,8,0.0087364042271322
non_opioid_ed,25_44,extreme,item_drug_FLUCONAZOLE,FLUCONAZOLE,5,0.0159094658548441
non_opioid_ed,25_44,extreme,item_drug_GABAPENTIN,GABAPENTIN,14,0.0040559874479266
non_opioid_ed,25_44,extreme,item_drug_IBUPROFEN,IBUPROFEN,17,0.0023328376108226
non_opioid_ed,25_44,extreme,item_drug_KETOCONAZOLE,KETOCONAZOLE,19,0.0017873808947475
non_opioid_ed,25_44,extreme,item_drug_MELOXICAM,MELOXICAM,13,0.0047116428313087
non_opioid_ed,25_44,extreme,item_drug_METHOCARBAMOL,METHOCARBAMOL,11,0.0053865193748072
non_opioid_ed,25_44,extreme,item_drug_METRONIDAZOLE,METRONIDAZOLE,9,0.006206562302242
non_opioid_ed,25_44,extreme,item_drug_NAPROXEN,NAPROXEN,6,0.0128498187246668
non_opioid_ed,25_44,extreme,item_drug_OFLOXACIN,OFLOXACIN,12,0.0049026112075337
non_opioid_ed,25_44,extreme,item_drug_OMEPRAZOLE,OMEPRAZOLE,20,0.0014442114155407
non_opioid_ed,25_44,extreme,item_drug_PREDNISONE,PREDNISONE,3,0.0382378086094286
non_opioid_ed,25_44,high,item_drug_ALPRAZOLAM,ALPRAZOLAM,14,0.002473262724277
non_opioid_ed,25_44,high,item_drug_AMOXICILLIN,AMOXICILLIN,15,0.0024110361337854
non_opioid_ed,25_44,high,item_drug_AZITHROMYCIN,AZITHROMYCIN,8,0.0082143580831764
non_opioid_ed,25_44,high,item_drug_BENZONATATE,BENZONATATE,16,0.0021161712908302
non_opioid_ed,25_44,high,item_drug_CEPHALEXIN,CEPHALEXIN,4,0.0247664083482266
non_opioid_ed,25_44,high,item_drug_DIAZEPAM,DIAZEPAM,12,0.0039322130487902
non_opioid_ed,25_44,high,item_drug_ERYTHROMYCIN,ERYTHROMYCIN,7,0.0096312598544152
non_opioid_ed,25_44,high,item_drug_FLUCONAZOLE,FLUCONAZOLE,6,0.0122067907060834
non_opioid_ed,25_44,high,item_drug_GABAPENTIN,GABAPENTIN,17,0.0014417152491712
non_opioid_ed,25_44,high,item_drug_IBUPROFEN,IBUPROFEN,20,0.0013049083382642
non_opioid_ed,25_44,high,item_drug_KETOCONAZOLE,KETOCONAZOLE,19,0.0013310852001514
non_opioid_ed,25_44,high,item_drug_MELOXICAM,MELOXICAM,11,0.0044821694967291
non_opioid_ed,25_44,high,item_drug_METHOCARBAMOL,METHOCARBAMOL,13,0.0028331545471103
non_opioid_ed,25_44,high,item_drug_METRONIDAZOLE,METRONIDAZOLE,10,0.0052107757898065
non_opioid_ed,25_44,high,item_drug_NAPROXEN,NAPROXEN,5,0.0129737814766489
non_opioid_ed,25_44,high,item_drug_OFLOXACIN,OFLOXACIN,9,0.0070741938427513
non_opioid_ed,25_44,high,item_drug_OMEPRAZOLE,OMEPRAZOLE,18,0.0013876022149059
non_opioid_ed,25_44,high,item_drug_PREDNISONE,PREDNISONE,3,0.0369323020763583
opioid_ed,45_54,low,item_drug_ALPRAZOLAM,ALPRAZOLAM,5,0.040342955987919
opioid_ed,45_54,low,item_drug_AMOXICILLIN,AMOXICILLIN,10,0.0213737865455187
opioid_ed,45_54,low,item_drug_ARIPIPRAZOLE,ARIPIPRAZOLE,20,0.0131915174457562
opioid_ed,45_54,low,item_drug_AZITHROMYCIN,AZITHROMYCIN,3,0.0543149809001475
opioid_ed,45_54,low,item_drug_BACLOFEN,BACLOFEN,19,0.0143519363271114
opioid_ed,45_54,low,item_drug_BENZONATATE,BENZONATATE,18,0.0159471658349828
opioid_ed,45_54,low,item_drug_CEPHALEXIN,CEPHALEXIN,15,0.0177534098691637
opioid_ed,45_54,low,item_drug_CLONAZEPAM,CLONAZEPAM,6,0.0363029218722339
opioid_ed,45_54,low,item_drug_DIAZEPAM,DIAZEPAM,9,0.0230477568881899
opioid_ed,45_54,low,item_drug_FUROSEMIDE,FUROSEMIDE,14,0.0189917773388459
opioid_ed,45_54,low,item_drug_GABAPENTIN,GABAPENTIN,2,0.2140535270846381
opioid_ed,45_54,low,item_drug_HYDROCHLOROTHIAZIDE,HYDROCHLOROTHIAZIDE,16,0.0175525709922515
opioid_ed,45_54,low,item_drug_LORAZEPAM,LORAZEPAM,11,0.0202629712740377
opioid_ed,45_54,low,item_drug_LYRICA,LYRICA,12,0.0198562649931592
opioid_ed,45_54,low,item_drug_NAPROXEN,NAPROXEN,17,0.0170764482359841
opioid_ed,45_54,low,item_drug_OMEPRAZOLE,OMEPRAZOLE,7,0.0277273118156401
opioid_ed,45_54,low,item_drug_OXYCONTIN,OXYCONTIN,13,0.0192207905794851
opioid_ed,45_54,low,item_drug_SIMVASTATIN,SIMVASTATIN,8,0.0237527672740169
opioid_ed,45_54,medium,item_drug_ALPRAZOLAM,ALPRAZOLAM,4,0.0512224152767984
opioid_ed,45_54,medium,item_drug_AMOXICILLIN,AMOXICILLIN,10,0.0252249561378521
opioid_ed,45_54,medium,item_drug_AZITHROMYCIN,AZITHROMYCIN,3,0.0607470232993843
opioid_ed,45_54,medium,item_drug_BACLOFEN,BACLOFEN,18,0.0194068225013364
opioid_ed,45_54,medium,item_drug_BENZONATATE,BENZONATATE,19,0.0184918248361743
opioid_ed,45_54,medium,item_drug_CEPHALEXIN,CEPHALEXIN,15,0.0217531394904457
opioid_ed,45_54,medium,item_drug_CLONAZEPAM,CLONAZEPAM,6,0.0420991305100414
opioid_ed,45_54,medium,item_drug_DIAZEPAM,DIAZEPAM,9,0.028033276056775
opioid_ed,45_54,medium,item_drug_FUROSEMIDE,FUROSEMIDE,14,0.0236377639599358
opioid_ed,45_54,medium,item_drug_GABAPENTIN,GABAPENTIN,2,0.2476502195547552
opioid_ed,45_54,medium,item_drug_HYDROCHLOROTHIAZIDE,HYDROCHLOROTHIAZIDE,16,0.0202693642535872
opioid_ed,45_54,medium,item_drug_LISINOPRIL,LISINOPRIL,20,0.0152986089666512
opioid_ed,45_54,medium,item_drug_LORAZEPAM,LORAZEPAM,11,0.0251376801744982
opioid_ed,45_54,medium,item_drug_LYRICA,LYRICA,12,0.0240002575877771
opioid_ed,45_54,medium,item_drug_NAPROXEN,NAPROXEN,17,0.0197650946747006
opioid_ed,45_54,medium,item_drug_OMEPRAZOLE,OMEPRAZOLE,7,0.0358640702696375
opioid_ed,45_54,medium,item_drug_OXYCONTIN,OXYCONTIN,13,0.0238428617845162
opioid_ed,45_54,medium,item_drug_SIMVASTATIN,SIMVASTATIN,8,0.0323346127995509
opioid_ed,45_54,extreme,item_drug_ALPRAZOLAM,ALPRAZOLAM,3,0.2383979053709797
opioid_ed,45_54,extreme,item_drug_AMOXICILLIN,AMOXICILLIN,14,0.108895581750207
opioid_ed,45_54,extreme,item_drug_ARIPIPRAZOLE,ARIPIPRAZOLE,20,0.0815523117912131
opioid_ed,45_54,extreme,item_drug_AZITHROMYCIN,AZITHROMYCIN,5,0.1729496767345357
opioid_ed,45_54,extreme,item_drug_BACLOFEN,BACLOFEN,18,0.0903354543249378
opioid_ed,45_54,extreme,item_drug_CEPHALEXIN,CEPHALEXIN,13,0.11060955437356
opioid_ed,45_54,extreme,item_drug_CLONAZEPAM,CLONAZEPAM,7,0.1391963003595366
opioid_ed,45_54,extreme,item_drug_DIAZEPAM,DIAZEPAM,9,0.129520364412956
opioid_ed,45_54,extreme,item_drug_FUROSEMIDE,FUROSEMIDE,4,0.1965889643373921
opioid_ed,45_54,extreme,item_drug_GABAPENTIN,GABAPENTIN,1,0.9999999990863288
opioid_ed,45_54,extreme,item_drug_LIDOCAINE,LIDOCAINE,6,0.1482088468767634
opioid_ed,45_54,extreme,item_drug_LORAZEPAM,LORAZEPAM,8,0.1383073845395888
opioid_ed,45_54,extreme,item_drug_LYRICA,LYRICA,12,0.1134559875586467
opioid_ed,45_54,extreme,item_drug_METRONIDAZOLE,METRONIDAZOLE,16,0.09483044831309
opioid_ed,45_54,extreme,item_drug_OLANZAPINE,OLANZAPINE,19,0.0818415292540547
opioid_ed,45_54,extreme,item_drug_OMEPRAZOLE,OMEPRAZOLE,15,0.1055765631393077
opioid_ed,45_54,extreme,item_drug_OXYCONTIN,OXYCONTIN,11,0.1223486304210298
opioid_ed,45_54,extreme,item_drug_PREDNISONE,PREDNISONE,10,0.1237171527626417
opioid_ed,45_54,extreme,item_drug_SIMVASTATIN,SIMVASTATIN,17,0.0916971983044129
opioid_ed,45_54,high,item_drug_ALPRAZOLAM,ALPRAZOLAM,4,0.0890931277352182
opioid_ed,45_54,high,item_drug_AMOXICILLIN,AMOXICILLIN,11,0.038991485308534
opioid_ed,45_54,high,item_drug_AZITHROMYCIN,AZITHROMYCIN,3,0.0908163971483722
opioid_ed,45_54,high,item_drug_BACLOFEN,BACLOFEN,17,0.0321877272006002
opioid_ed,45_54,high,item_drug_CEPHALEXIN,CEPHALEXIN,13,0.0371319545993905
opioid_ed,45_54,high,item_drug_CLONAZEPAM,CLONAZEPAM,5,0.0594330320971807
opioid_ed,45_54,high,item_drug_DIAZEPAM,DIAZEPAM,8,0.0484733811034295
opioid_ed,45_54,high,item_drug_FUROSEMIDE,FUROSEMIDE,10,0.0437514847336785
opioid_ed,45_54,high,item_drug_GABAPENTIN,GABAPENTIN,2,0.3695522884716362
opioid_ed,45_54,high,item_drug_LIDOCAINE,LIDOCAINE,18,0.0297118975796077
opioid_ed,45_54,high,item_drug_LORAZEPAM,LORAZEPAM,14,0.0350586036595553
opioid_ed,45_54,high,item_drug_LYRICA,LYRICA,12,0.0385367221345138
opioid_ed,45_54,high,item_drug_METRONIDAZOLE,METRONIDAZOLE,20,0.0249559252559404
opioid_ed,45_54,high,item_drug_NAPROXEN,NAPROXEN,19,0.029675539521616
opioid_ed,45_54,high,item_drug_OMEPRAZOLE,OMEPRAZOLE,6,0.0530492781515252
opioid_ed,45_54,high,item_drug_OXYCONTIN,OXYCONTIN,16,0.0323351732940352
opioid_ed,45_54,high,item_drug_PREDNISONE,PREDNISONE,15,0.0347793987560476
opioid_ed,45_54,high,item_drug_SIMVASTATIN,SIMVASTATIN,9,0.0470234555376785
opioid_ed,75_84,low,item_drug_AMOXICILLIN,AMOXICILLIN,9,0.0243128027408987
opioid_ed,75_84,low,item_drug_AZITHROMYCIN,AZITHROMYCIN,20,0.0127153364524925
opioid_ed,75_84,low,item_drug_FUROSEMIDE,FUROSEMIDE,11,0.021871846148692
opioid_ed,75_84,low,item_drug_LISINOPRIL,LISINOPRIL,7,0.0351273975255018
opioid_ed,75_84,low,item_drug_OMEPRAZOLE,OMEPRAZOLE,19,0.013162559923747
opioid_ed,75_84,low,item_drug_PREDNISONE,PREDNISONE,12,0.0194821328484132
opioid_ed,75_84,low,item_drug_SIMVASTATIN,SIMVASTATIN,18,0.0137895691657017
opioid_ed,75_84,medium,item_drug_AMOXICILLIN,AMOXICILLIN,9,0.0315068317194357
opioid_ed,75_84,medium,item_drug_AZITHROMYCIN,AZITHROMYCIN,19,0.0172919467388167
opioid_ed,75_84,medium,item_drug_FUROSEMIDE,FUROSEMIDE,14,0.0288559301904698
opioid_ed,75_84,medium,item_drug_LISINOPRIL,LISINOPRIL,5,0.0416197353054827
opioid_ed,75_84,medium,item_drug_PREDNISONE,PREDNISONE,16,0.0249071203337498
opioid_ed,75_84,extreme,item_drug_AMOXICILLIN,AMOXICILLIN,8,0.0300064528010818
opioid_ed,75_84,extreme,item_drug_AZITHROMYCIN,AZITHROMYCIN,11,0.0256828941385516
opioid_ed,75_84,extreme,item_drug_FUROSEMIDE,FUROSEMIDE,4,0.0492962704294224
opioid_ed,75_84,extreme,item_drug_LISINOPRIL,LISINOPRIL,9,0.0298372532870085
opioid_ed,75_84,extreme,item_drug_OMEPRAZOLE,OMEPRAZOLE,13,0.0219058129734933
opioid_ed,75_84,extreme,item_drug_PREDNISONE,PREDNISONE,5,0.0415379920541335
opioid_ed,75_84,high,item_drug_AMOXICILLIN,AMOXICILLIN,11,0.0215191678084096
opioid_ed,75_84,high,item_drug_AZITHROMYCIN,AZITHROMYCIN,14,0.0171948544250801
opioid_ed,75_84,high,item_drug_FUROSEMIDE,FUROSEMIDE,4,0.0328292179329023
opioid_ed,75_84,high,item_drug_LISINOPRIL,LISINOPRIL,7,0.0259745677822103
opioid_ed,75_84,high,item_drug_OMEPRAZOLE,OMEPRAZOLE,17,0.0152587384194663
opioid_ed,75_84,high,item_drug_PREDNISONE,PREDNISONE,8,0.0258718116013825
opioid_ed,0_12,low,item_drug_AMOXICILLIN,AMOXICILLIN,7,0.1118412276841889
opioid_ed,0_12,medium,item_drug_AMOXICILLIN,AMOXICILLIN,7,0.0763233326521805
opioid_ed,0_12,high,item_drug_AMOXICILLIN,AMOXICILLIN,7,0.0761650499081803
opioid_ed,65_74,low,item_drug_LISINOPRIL,LISINOPRIL,14,0.0262528407913773
opioid_ed,65_74,medium,item_drug_LISINOPRIL,LISINOPRIL,14,0.034560513125029
opioid_ed,65_74,extreme,item_drug_PREDNISONE,PREDNISONE,16,0.1238804760618887
opioid_ed,13_24,low,item_drug_ALPRAZOLAM,ALPRAZOLAM,3,0.0256311079451091
opioid_ed,13_24,low,item_drug_AMOXICILLIN,AMOXICILLIN,8,0.004620239541047
opioid_ed,13_24,low,item_drug_CEPHALEXIN,CEPHALEXIN,20,0.0003334857136011
opioid_ed,13_24,low,item_drug_CLONAZEPAM,CLONAZEPAM,4,0.0242582826304328
opioid_ed,13_24,low,item_drug_FLUCONAZOLE,FLUCONAZOLE,16,0.0010896965342748
opioid_ed,13_24,low,item_drug_GABAPENTIN,GABAPENTIN,5,0.017873147604241
opioid_ed,13_24,low,item_drug_IBU,IBU,15,0.001244844477328
opioid_ed,13_24,low,item_drug_IBUPROFEN,IBUPROFEN,7,0.0078257641886344
opioid_ed,13_24,low,item_drug_KETOCONAZOLE,KETOCONAZOLE,11,0.001598838215201
opioid_ed,13_24,low,item_drug_LAMOTRIGINE,LAMOTRIGINE,19,0.0005025821126319
opioid_ed,13_24,low,item_drug_LORAZEPAM,LORAZEPAM,13,0.0013328703137263
opioid_ed,13_24,low,item_drug_MELOXICAM,MELOXICAM,9,0.0025142076269494
opioid_ed,13_24,low,item_drug_METHOCARBAMOL,METHOCARBAMOL,18,0.0005767560939872
opioid_ed,13_24,low,item_drug_METRONIDAZOLE,METRONIDAZOLE,6,0.0079525102724436
opioid_ed,13_24,low,item_drug_MONONESSA,MONONESSA,10,0.0022590520688883
opioid_ed,13_24,low,item_drug_NAPROXEN,NAPROXEN,12,0.0014539035865131
opioid_ed,13_24,low,item_drug_OMEPRAZOLE,OMEPRAZOLE,14,0.0013021703669243
opioid_ed,13_24,low,item_drug_VYVANSE,VYVANSE,17,0.0005791674236505
opioid_ed,13_24,medium,item_drug_ALPRAZOLAM,ALPRAZOLAM,4,0.0268254385969589
opioid_ed,13_24,medium,item_drug_AMOXICILLIN,AMOXICILLIN,8,0.0056491072989204
opioid_ed,13_24,medium,item_drug_CEPHALEXIN,CEPHALEXIN,20,0.000473272835203
opioid_ed,13_24,medium,item_drug_CLONAZEPAM,CLONAZEPAM,3,0.0305433301489814
opioid_ed,13_24,medium,item_drug_FLUCONAZOLE,FLUCONAZOLE,15,0.0013544994836931
opioid_ed,13_24,medium,item_drug_GABAPENTIN,GABAPENTIN,5,0.019984082981949
opioid_ed,13_24,medium,item_drug_IBU,IBU,16,0.0011569948072452
opioid_ed,13_24,medium,item_drug_IBUPROFEN,IBUPROFEN,7,0.0092170395016266
opioid_ed,13_24,medium,item_drug_KETOCONAZOLE,KETOCONAZOLE,11,0.0020376229925573
opioid_ed,13_24,medium,item_drug_LAMOTRIGINE,LAMOTRIGINE,18,0.0006041166815909
opioid_ed,13_24,medium,item_drug_LORAZEPAM,LORAZEPAM,14,0.001398180946641
opioid_ed,13_24,medium,item_drug_MELOXICAM,MELOXICAM,10,0.0030674132195093
opioid_ed,13_24,medium,item_drug_METHOCARBAMOL,METHOCARBAMOL,17,0.0007829736215153
opioid_ed,13_24,medium,item_drug_METRONIDAZOLE,METRONIDAZOLE,6,0.0102646108794719
opioid_ed,13_24,medium,item_drug_MONONESSA,MONONESSA,9,0.0036199862510254
opioid_ed,13_24,medium,item_drug_NAPROXEN,NAPROXEN,12,0.0018359796221366
opioid_ed,13_24,medium,item_drug_OMEPRAZOLE,OMEPRAZOLE,13,0.0018087166667789
opioid_ed,13_24,medium,item_drug_VYVANSE,VYVANSE,19,0.0005479666324298
opioid_ed,13_24,extreme,item_drug_ALPRAZOLAM,ALPRAZOLAM,3,0.1080243462629572
opioid_ed,13_24,extreme,item_drug_AMOXICILLIN,AMOXICILLIN,9,0.0088986852556857
opioid_ed,13_24,extreme,item_drug_CEPHALEXIN,CEPHALEXIN,19,0.0017696039324681
opioid_ed,13_24,extreme,item_drug_CLONAZEPAM,CLONAZEPAM,6,0.0640613292851696
opioid_ed,13_24,extreme,item_drug_FLUCONAZOLE,FLUCONAZOLE,12,0.0071778098362481
opioid_ed,13_24,extreme,item_drug_GABAPENTIN,GABAPENTIN,4,0.0879693241745287
opioid_ed,13_24,extreme,item_drug_IBU,IBU,20,0.0013234418915272
opioid_ed,13_24,extreme,item_drug_IBUPROFEN,IBUPROFEN,7,0.0301371638293419
opioid_ed,13_24,extreme,item_drug_KETOCONAZOLE,KETOCONAZOLE,17,0.0022840277472399
opioid_ed,13_24,extreme,item_drug_LAMOTRIGINE,LAMOTRIGINE,16,0.0022841156542318
opioid_ed,13_24,extreme,item_drug_LORAZEPAM,LORAZEPAM,10,0.0078501533181903
opioid_ed,13_24,extreme,item_drug_MELOXICAM,MELOXICAM,8,0.0169336397664219
opioid_ed,13_24,extreme,item_drug_METHOCARBAMOL,METHOCARBAMOL,15,0.0026493446691444
opioid_ed,13_24,extreme,item_drug_METRONIDAZOLE,METRONIDAZOLE,5,0.0712763847839782
opioid_ed,13_24,extreme,item_drug_MONONESSA,MONONESSA,13,0.0069647173077059
opioid_ed,13_24,extreme,item_drug_NAPROXEN,NAPROXEN,14,0.0057009471844687
opioid_ed,13_24,extreme,item_drug_OMEPRAZOLE,OMEPRAZOLE,11,0.0074144836704929
opioid_ed,13_24,extreme,item_drug_VYVANSE,VYVANSE,18,0.0018166282642209
opioid_ed,13_24,high,item_drug_ALPRAZOLAM,ALPRAZOLAM,4,0.0381913220732809
opioid_ed,13_24,high,item_drug_AMOXICILLIN,AMOXICILLIN,8,0.0074253604842421
opioid_ed,13_24,high,item_drug_CEPHALEXIN,CEPHALEXIN,20,0.0008187976168077
opioid_ed,13_24,high,item_drug_CLONAZEPAM,CLONAZEPAM,3,0.0403343851823781
opioid_ed,13_24,high,item_drug_FLUCONAZOLE,FLUCONAZOLE,13,0.0028929693129415
opioid_ed,13_24,high,item_drug_GABAPENTIN,GABAPENTIN,5,0.0298117137320375
opioid_ed,13_24,high,item_drug_IBU,IBU,18,0.0011016517709763
opioid_ed,13_24,high,item_drug_IBUPROFEN,IBUPROFEN,7,0.0150150120728581
opioid_ed,13_24,high,item_drug_KETOCONAZOLE,KETOCONAZOLE,15,0.0021861775350572
opioid_ed,13_24,high,item_drug_LAMOTRIGINE,LAMOTRIGINE,19,0.0010846870220488
opioid_ed,13_24,high,item_drug_LORAZEPAM,LORAZEPAM,14,0.0022409395424419
opioid_ed,13_24,high,item_drug_MELOXICAM,MELOXICAM,9,0.0045323062121909
opioid_ed,13_24,high,item_drug_METHOCARBAMOL,METHOCARBAMOL,16,0.0014772265229631
opioid_ed,13_24,high,item_drug_METRONIDAZOLE,METRONIDAZOLE,6,0.0214555001982195
opioid_ed,13_24,high,item_drug_MONONESSA,MONONESSA,10,0.0034705467116139
opioid_ed,13_24,high,item_drug_NAPROXEN,NAPROXEN,11,0.0031630161706883
opioid_ed,13_24,high,item_drug_OMEPRAZOLE,OMEPRAZOLE,12,0.0031525775098322
opioid_ed,13_24,high,item_drug_VYVANSE,VYVANSE,17,0.001141049479975
opioid_ed,55_64,low,item_drug_AMOXICILLIN,AMOXICILLIN,18,0.032850380122477
opioid_ed,55_64,medium,item_drug_AMOXICILLIN,AMOXICILLIN,17,0.0424838680987845
opioid_ed,55_64,extreme,item_drug_AMOXICILLIN,AMOXICILLIN,11,0.1777297574010745
opioid_ed,55_64,extreme,item_drug_AZITHROMYCIN,AZITHROMYCIN,15,0.1635396516571621
opioid_ed,55_64,extreme,item_drug_PREDNISONE,PREDNISONE,7,0.2532425767474635
opioid_ed,55_64,high,item_drug_AMOXICILLIN,AMOXICILLIN,16,0.0793967936020009
opioid_ed,55_64,high,item_drug_PREDNISONE,PREDNISONE,15,0.0834614623645143
opioid_ed,25_44,low,item_drug_ALPRAZOLAM,ALPRAZOLAM,5,0.0392928732992075
opioid_ed,25_44,low,item_drug_AMOXICILLIN,AMOXICILLIN,6,0.0316772384269666
opioid_ed,25_44,low,item_drug_ARIPIPRAZOLE,ARIPIPRAZOLE,18,0.0092325253473295
opioid_ed,25_44,low,item_drug_AZITHROMYCIN,AZITHROMYCIN,7,0.030391250059929
opioid_ed,25_44,low,item_drug_BENZONATATE,BENZONATATE,8,0.0286284918210175
opioid_ed,25_44,low,item_drug_CEPHALEXIN,CEPHALEXIN,10,0.016482729817407
opioid_ed,25_44,low,item_drug_CLONAZEPAM,CLONAZEPAM,4,0.0529446841186797
opioid_ed,25_44,low,item_drug_DIAZEPAM,DIAZEPAM,11,0.0164745229108384
opioid_ed,25_44,low,item_drug_GABAPENTIN,GABAPENTIN,2,0.2137919270418593
opioid_ed,25_44,low,item_drug_IBUPROFEN,IBUPROFEN,12,0.015858057031617
opioid_ed,25_44,low,item_drug_KETOCONAZOLE,KETOCONAZOLE,20,0.008945092244347
opioid_ed,25_44,low,item_drug_LAMOTRIGINE,LAMOTRIGINE,13,0.0121307294888503
opioid_ed,25_44,low,item_drug_METHOCARBAMOL,METHOCARBAMOL,16,0.0103759369601276
opioid_ed,25_44,low,item_drug_MIRTAZAPINE,MIRTAZAPINE,14,0.0108195739769379
opioid_ed,25_44,low,item_drug_OMEPRAZOLE,OMEPRAZOLE,9,0.019752627748593
opioid_ed,25_44,low,item_drug_PREDNISONE,PREDNISONE,19,0.0090900138167241
opioid_ed,25_44,low,item_drug_RISPERIDONE,RISPERIDONE,15,0.0104277893432458
opioid_ed,25_44,low,item_drug_TOPIRAMATE,TOPIRAMATE,17,0.0096313455439809
opioid_ed,25_44,medium,item_drug_ALPRAZOLAM,ALPRAZOLAM,5,0.0459463895378701
opioid_ed,25_44,medium,item_drug_AMOXICILLIN,AMOXICILLIN,6,0.0371513367892466
opioid_ed,25_44,medium,item_drug_ARIPIPRAZOLE,ARIPIPRAZOLE,20,0.0108904707633623
opioid_ed,25_44,medium,item_drug_AZITHROMYCIN,AZITHROMYCIN,7,0.0351382025575683
opioid_ed,25_44,medium,item_drug_BENZONATATE,BENZONATATE,8,0.0337412239527239
opioid_ed,25_44,medium,item_drug_CEPHALEXIN,CEPHALEXIN,10,0.0203069801924229
opioid_ed,25_44,medium,item_drug_CLONAZEPAM,CLONAZEPAM,4,0.0577559321909811
opioid_ed,25_44,medium,item_drug_DIAZEPAM,DIAZEPAM,12,0.0190759910175904
opioid_ed,25_44,medium,item_drug_GABAPENTIN,GABAPENTIN,2,0.2308262020513355
opioid_ed,25_44,medium,item_drug_IBUPROFEN,IBUPROFEN,11,0.0198434181640213
opioid_ed,25_44,medium,item_drug_KETOCONAZOLE,KETOCONAZOLE,19,0.0109794673539058
opioid_ed,25_44,medium,item_drug_LAMOTRIGINE,LAMOTRIGINE,14,0.0134313086579432
opioid_ed,25_44,medium,item_drug_METHOCARBAMOL,METHOCARBAMOL,15,0.0122274262084788
opioid_ed,25_44,medium,item_drug_MIRTAZAPINE,MIRTAZAPINE,16,0.0119317766864176
opioid_ed,25_44,medium,item_drug_OMEPRAZOLE,OMEPRAZOLE,9,0.0254043575887059
opioid_ed,25_44,medium,item_drug_PREDNISONE,PREDNISONE,13,0.0157388500007891
opioid_ed,25_44,medium,item_drug_RISPERIDONE,RISPERIDONE,18,0.0115396441552256
opioid_ed,25_44,medium,item_drug_TOPIRAMATE,TOPIRAMATE,17,0.0116078206038447
opioid_ed,25_44,extreme,item_drug_ALPRAZOLAM,ALPRAZOLAM,6,0.1404672469023129
opioid_ed,25_44,extreme,item_drug_AMOXICILLIN,AMOXICILLIN,5,0.1430128002624909
opioid_ed,25_44,extreme,item_drug_ARIPIPRAZOLE,ARIPIPRAZOLE,17,0.0567093959445446
opioid_ed,25_44,extreme,item_drug_AZITHROMYCIN,AZITHROMYCIN,10,0.0902540430259444
opioid_ed,25_44,extreme,item_drug_BACLOFEN,BACLOFEN,14,0.0645160071441188
opioid_ed,25_44,extreme,item_drug_BENZONATATE,BENZONATATE,7,0.1328711019283142
opioid_ed,25_44,extreme,item_drug_CEPHALEXIN,CEPHALEXIN,9,0.0907233834787464
opioid_ed,25_44,extreme,item_drug_CLONAZEPAM,CLONAZEPAM,3,0.2129032393113119
opioid_ed,25_44,extreme,item_drug_DIAZEPAM,DIAZEPAM,12,0.077297498467792
opioid_ed,25_44,extreme,item_drug_FLUCONAZOLE,FLUCONAZOLE,18,0.0549598192994615
opioid_ed,25_44,extreme,item_drug_GABAPENTIN,GABAPENTIN,2,0.740393609485324
opioid_ed,25_44,extreme,item_drug_IBUPROFEN,IBUPROFEN,11,0.0891673027190828
opioid_ed,25_44,extreme,item_drug_LORAZEPAM,LORAZEPAM,19,0.0500374665950324
opioid_ed,25_44,extreme,item_drug_LYRICA,LYRICA,16,0.0570090957122748
opioid_ed,25_44,extreme,item_drug_MIRTAZAPINE,MIRTAZAPINE,20,0.0499698347803187
opioid_ed,25_44,extreme,item_drug_OMEPRAZOLE,OMEPRAZOLE,4,0.1596753305143175
opioid_ed,25_44,extreme,item_drug_PREDNISONE,PREDNISONE,8,0.1010630389153466
opioid_ed,25_44,extreme,item_drug_TOPIRAMATE,TOPIRAMATE,13,0.0684776027123527
opioid_ed,25_44,high,item_drug_ALPRAZOLAM,ALPRAZOLAM,4,0.0690089174221601
opioid_ed,25_44,high,item_drug_AMOXICILLIN,AMOXICILLIN,6,0.0630367646399991
opioid_ed,25_44,high,item_drug_ARIPIPRAZOLE,ARIPIPRAZOLE,20,0.016442539904378
opioid_ed,25_44,high,item_drug_AZITHROMYCIN,AZITHROMYCIN,8,0.0505567573369493
opioid_ed,25_44,high,item_drug_BENZONATATE,BENZONATATE,7,0.0563112209929063
opioid_ed,25_44,high,item_drug_CEPHALEXIN,CEPHALEXIN,11,0.0383606041090535
opioid_ed,25_44,high,item_drug_CLONAZEPAM,CLONAZEPAM,3,0.0819232459575805
opioid_ed,25_44,high,item_drug_DIAZEPAM,DIAZEPAM,13,0.0306083292519472
opioid_ed,25_44,high,item_drug_FLUCONAZOLE,FLUCONAZOLE,15,0.0208942124912958
opioid_ed,25_44,high,item_drug_GABAPENTIN,GABAPENTIN,2,0.2979917257913667
opioid_ed,25_44,high,item_drug_IBUPROFEN,IBUPROFEN,10,0.0400297800932639
opioid_ed,25_44,high,item_drug_KETOCONAZOLE,KETOCONAZOLE,19,0.0173561462134736
opioid_ed,25_44,high,item_drug_LAMOTRIGINE,LAMOTRIGINE,17,0.0192952637798205
opioid_ed,25_44,high,item_drug_METHOCARBAMOL,METHOCARBAMOL,16,0.019387173151073
opioid_ed,25_44,high,item_drug_MIRTAZAPINE,MIRTAZAPINE,18,0.0177152627118101
opioid_ed,25_44,high,item_drug_OMEPRAZOLE,OMEPRAZOLE,9,0.0458137972379091
opioid_ed,25_44,high,item_drug_PREDNISONE,PREDNISONE,12,0.0355952918499778
opioid_ed,25_44,high,item_drug_TOPIRAMATE,TOPIRAMATE,14,0.0221399707927745
