feature,importance_normalized,importance_scaled,n_models,models,mc_cv_recall_mean,mc_cv_recall_std
item_H0004,1.0,0.1998154130133825,3,"catboost, xgboost, xgboost_rf",0.1193324103984002,0.07904044205841425
item_80305,0.8746372887760976,0.17476601109370102,3,"catboost, xgboost, xgboost_rf",0.1193324103984002,0.07904044205841425
item_S0109,0.8240852114576703,0.16466492688563503,3,"catboost, xgboost, xgboost_rf",0.1193324103984002,0.07904044205841425
item_H0005,0.55993123858152,0.11188289169626124,3,"catboost, xgboost, xgboost_rf",0.1193324103984002,0.07904044205841425
item_AMOXICILLIN,0.5398889456899949,0.10787813266440596,3,"catboost, xgboost, xgboost_rf",0.1193324103984002,0.07904044205841425
item_87880,0.5170967693789488,0.10332390454134044,3,"catboost, xgboost, xgboost_rf",0.1193324103984002,0.07904044205841425
item_F909,0.4946953518798378,0.09884775605167037,3,"catboost, xgboost, xgboost_rf",0.1193324103984002,0.07904044205841425
item_G9012,0.4382473159745205,0.08756856844345515,3,"catboost, xgboost, xgboost_rf",0.1193324103984002,0.07904044205841425
item_90791,0.420235678804313,0.08396956572324295,3,"catboost, xgboost, xgboost_rf",0.1193324103984002,0.07904044205841425
item_R918,0.4038101718550423,0.08068749626822024,3,"catboost, xgboost, xgboost_rf",0.1193324103984002,0.07904044205841425
item_99213,0.39732245608051875,0.07939115066122038,3,"catboost, xgboost, xgboost_rf",0.1193324103984002,0.07904044205841425
item_METHYLPHENIDATE HYDROCHLO,0.3896259820073804,0.07785327651554945,3,"catboost, xgboost, xgboost_rf",0.1193324103984002,0.07904044205841425
item_F902,0.35940626085222027,0.07181491045178187,3,"catboost, xgboost, xgboost_rf",0.1193324103984002,0.07904044205841425
item_99284,0.34464115034451165,0.06886461379749584,3,"catboost, xgboost, xgboost_rf",0.1193324103984002,0.07904044205841425
item_R509,0.3300168001110081,0.06594244321553597,3,"catboost, xgboost, xgboost_rf",0.1193324103984002,0.07904044205841425
item_99214,0.3202946230508917,0.06399980239087957,3,"catboost, xgboost, xgboost_rf",0.1193324103984002,0.07904044205841425
item_R51,0.29672198783884,0.05928962655016967,3,"catboost, xgboost, xgboost_rf",0.1193324103984002,0.07904044205841425
item_92551,0.2758519705894062,0.055119475433877636,3,"catboost, xgboost, xgboost_rf",0.1193324103984002,0.07904044205841425
item_99202,0.27513934713423166,0.05497708228385891,3,"catboost, xgboost, xgboost_rf",0.1193324103984002,0.07904044205841425
item_99232,0.2721610210479003,0.05438196682683008,3,"catboost, xgboost, xgboost_rf",0.1193324103984002,0.07904044205841425
item_Z00129,0.2665194526788362,0.05325469451312231,3,"catboost, xgboost, xgboost_rf",0.1193324103984002,0.07904044205841425
item_71046,0.26382420490280023,0.052716142465580276,3,"catboost, xgboost, xgboost_rf",0.1193324103984002,0.07904044205841425
item_J069,0.2627817468214985,0.05250784327351584,3,"catboost, xgboost, xgboost_rf",0.1193324103984002,0.07904044205841425
item_J029,0.2618166384762169,0.052314999750900724,3,"catboost, xgboost, xgboost_rf",0.1193324103984002,0.07904044205841425
item_80050,0.25786026238480797,0.05152445482815958,3,"catboost, xgboost, xgboost_rf",0.1193324103984002,0.07904044205841425
item_99238,0.2577432234338399,0.051501068641833236,3,"catboost, xgboost, xgboost_rf",0.1193324103984002,0.07904044205841425
item_99173,0.25721125030481795,0.0513947722113457,3,"catboost, xgboost, xgboost_rf",0.1193324103984002,0.07904044205841425
item_OSELTAMIVIR PHOSPHATE,0.25058855633501126,0.050071455880507536,3,"catboost, xgboost, xgboost_rf",0.1193324103984002,0.07904044205841425
item_99291,0.25018020856059664,0.049989861701309785,3,"catboost, xgboost, xgboost_rf",0.1193324103984002,0.07904044205841425
item_J8499,0.24708846715825988,0.049372084116071295,3,"catboost, xgboost, xgboost_rf",0.1193324103984002,0.07904044205841425
item_Z4682,0.24606001307486383,0.04916658313863221,3,"catboost, xgboost, xgboost_rf",0.1193324103984002,0.07904044205841425
item_90837,0.2448129957391564,0.04891740985466298,3,"catboost, xgboost, xgboost_rf",0.1193324103984002,0.07904044205841425
item_31500,0.24444646720764807,0.04884417180475846,3,"catboost, xgboost, xgboost_rf",0.1193324103984002,0.07904044205841425
item_70450,0.24340511506911722,0.048636093597105544,3,"catboost, xgboost, xgboost_rf",0.1193324103984002,0.07904044205841425
item_36680,0.2415681741148589,0.048269044481649225,3,"catboost, xgboost, xgboost_rf",0.1193324103984002,0.07904044205841425
item_R569,0.24075781811062377,0.048107122861975105,3,"catboost, xgboost, xgboost_rf",0.1193324103984002,0.07904044205841425
item_99233,0.23373268966902827,0.04670339392094564,3,"catboost, xgboost, xgboost_rf",0.1193324103984002,0.07904044205841425
item_82784,0.23177259810574782,0.046311737415684714,3,"catboost, xgboost, xgboost_rf",0.1193324103984002,0.07904044205841425
item_69210,0.22955128486540913,0.04586788479313434,3,"catboost, xgboost, xgboost_rf",0.1193324103984002,0.07904044205841425
item_83655,0.22950739029640596,0.04585911398169993,3,"catboost, xgboost, xgboost_rf",0.1193324103984002,0.07904044205841425
item_PROVENTIL HFA,0.22814750180736873,0.04558738730161081,3,"catboost, xgboost, xgboost_rf",0.1193324103984002,0.07904044205841425
item_83516,0.22671860358801818,0.045301871413757196,3,"catboost, xgboost, xgboost_rf",0.1193324103984002,0.07904044205841425
item_IBUPROFEN,0.226716726789482,0.04530149640048254,3,"catboost, xgboost, xgboost_rf",0.1193324103984002,0.07904044205841425
item_AMPHETAMINE/DEXTROAMPHETA,0.2264717680779824,0.04525254987437302,3,"catboost, xgboost, xgboost_rf",0.1193324103984002,0.07904044205841425
item_87804,0.2263887442428581,0.045235960432467706,3,"catboost, xgboost, xgboost_rf",0.1193324103984002,0.07904044205841425
item_99204,0.22621166570937767,0.04520057741216451,3,"catboost, xgboost, xgboost_rf",0.1193324103984002,0.07904044205841425
item_J0561,0.22604550039583038,0.045167375021409564,3,"catboost, xgboost, xgboost_rf",0.1193324103984002,0.07904044205841425
item_90686,0.22512608257974046,0.04498366117075569,3,"catboost, xgboost, xgboost_rf",0.1193324103984002,0.07904044205841425
item_99383,0.22509574098041873,0.04497759845155574,3,"catboost, xgboost, xgboost_rf",0.1193324103984002,0.07904044205841425
item_H0023,0.22304409958594842,0.0445676488789643,3,"catboost, xgboost, xgboost_rf",0.1193324103984002,0.07904044205841425
item_99215,0.22275949629914502,0.04451078075566671,3,"catboost, xgboost, xgboost_rf",0.1193324103984002,0.07904044205841425
item_87081,0.22204474624687742,0.04436796267877152,3,"catboost, xgboost, xgboost_rf",0.1193324103984002,0.07904044205841425
item_93010,0.22158550493625742,0.04427619918661718,3,"catboost, xgboost, xgboost_rf",0.1193324103984002,0.07904044205841425
item_99051,0.22090214180847678,0.04413965270100158,3,"catboost, xgboost, xgboost_rf",0.1193324103984002,0.07904044205841425
item_80053,0.22068501839841523,0.04409626809714525,3,"catboost, xgboost, xgboost_rf",0.1193324103984002,0.07904044205841425
item_90847,0.2201782900370978,0.04399501596034301,3,"catboost, xgboost, xgboost_rf",0.1193324103984002,0.07904044205841425
item_99211,0.21994111366128002,0.04394762446485197,3,"catboost, xgboost, xgboost_rf",0.1193324103984002,0.07904044205841425
item_HYDROXYZINE HCL,0.2194741696555442,0.04385432185549174,3,"catboost, xgboost, xgboost_rf",0.1193324103984002,0.07904044205841425
item_F4310,0.21931059670238381,0.04382163745829818,3,"catboost, xgboost, xgboost_rf",0.1193324103984002,0.07904044205841425
item_DEXTROAMPHETAMINE SULFATE,0.21904559006851176,0.04376868504829975,3,"catboost, xgboost, xgboost_rf",0.1193324103984002,0.07904044205841425
item_R070,0.21873378394472545,0.043706381378895286,3,"catboost, xgboost, xgboost_rf",0.1193324103984002,0.07904044205841425
item_36415,0.21866974392929203,0.04369358519676207,3,"catboost, xgboost, xgboost_rf",0.1193324103984002,0.07904044205841425
item_B349,0.2182742041990575,0.04361455026220206,3,"catboost, xgboost, xgboost_rf",0.1193324103984002,0.07904044205841425
item_36416,0.21815818174690177,0.043591367188005735,3,"catboost, xgboost, xgboost_rf",0.1193324103984002,0.07904044205841425
item_J020,0.21799271505852874,0.04355830439332852,3,"catboost, xgboost, xgboost_rf",0.1193324103984002,0.07904044205841425
item_90633,0.21774211209734937,0.04350823005913809,3,"catboost, xgboost, xgboost_rf",0.1193324103984002,0.07904044205841425
item_MONTELUKAST SODIUM,0.21764442694758565,0.04348871106059278,3,"catboost, xgboost, xgboost_rf",0.1193324103984002,0.07904044205841425
item_K5900,0.21742861723997317,0.043445588954733896,3,"catboost, xgboost, xgboost_rf",0.1193324103984002,0.07904044205841425
item_96110,0.21725764077642917,0.04341142522205528,3,"catboost, xgboost, xgboost_rf",0.1193324103984002,0.07904044205841425
item_90651,0.21712224880284756,0.043384371818935376,3,"catboost, xgboost, xgboost_rf",0.1193324103984002,0.07904044205841425
item_99282,0.2170328103566129,0.04336650063886172,3,"catboost, xgboost, xgboost_rf",0.1193324103984002,0.07904044205841425
item_96372,0.21701248030871348,0.04336243838194412,3,"catboost, xgboost, xgboost_rf",0.1193324103984002,0.07904044205841425
item_CYPROHEPTADINE HYDROCHLOR,0.2169783861128818,0.04335562583612265,3,"catboost, xgboost, xgboost_rf",0.1193324103984002,0.07904044205841425
item_H66001,0.21694643527015145,0.04334924156528636,3,"catboost, xgboost, xgboost_rf",0.1193324103984002,0.07904044205841425
item_M7989,0.21682669458252035,0.04332531553033285,3,"catboost, xgboost, xgboost_rf",0.1193324103984002,0.07904044205841425
item_86140,0.21675362627538167,0.043310715356363744,3,"catboost, xgboost, xgboost_rf",0.1193324103984002,0.07904044205841425
item_ALLEGRA ALLERGY CHILDRENS,0.2164911696293243,0.04325827247323368,3,"catboost, xgboost, xgboost_rf",0.1193324103984002,0.07904044205841425
item_S9088,0.21639256184589187,0.043238569118260795,3,"catboost, xgboost, xgboost_rf",0.1193324103984002,0.07904044205841425
item_H0035,0.2160253234725515,0.04316518923101743,3,"catboost, xgboost, xgboost_rf",0.1193324103984002,0.07904044205841425
item_85018,0.2160100751503161,0.0431621423812122,3,"catboost, xgboost, xgboost_rf",0.1193324103984002,0.07904044205841425
item_R0781,0.2159851295003235,0.04315715785585604,3,"catboost, xgboost, xgboost_rf",0.1193324103984002,0.07904044205841425
item_99285,0.21597803338755436,0.043155739943152284,3,"catboost, xgboost, xgboost_rf",0.1193324103984002,0.07904044205841425
item_H6691,0.21588278925686097,0.043136708697840684,3,"catboost, xgboost, xgboost_rf",0.1193324103984002,0.07904044205841425
item_80061,0.21565624073915013,0.04309144081220673,3,"catboost, xgboost, xgboost_rf",0.1193324103984002,0.07904044205841425
item_85027,0.21562999544257713,0.04308619659743233,3,"catboost, xgboost, xgboost_rf",0.1193324103984002,0.07904044205841425
item_AZITHROMYCIN,0.21549722482786754,0.043059666982218095,3,"catboost, xgboost, xgboost_rf",0.1193324103984002,0.07904044205841425
item_SULFAMETHOXAZOLE/TRIMETHO,0.21542803414984352,0.04304584161831205,3,"catboost, xgboost, xgboost_rf",0.1193324103984002,0.07904044205841425
item_MUPIROCIN,0.21536686365706448,0.043033618811033174,3,"catboost, xgboost, xgboost_rf",0.1193324103984002,0.07904044205841425
item_PROAIR HFA,0.21532455937851128,0.04302516576414183,3,"catboost, xgboost, xgboost_rf",0.1193324103984002,0.07904044205841425
item_73630,0.2151144826902507,0.042983189203912565,3,"catboost, xgboost, xgboost_rf",0.1193324103984002,0.07904044205841425
item_90696,0.21508797116958586,0.0429778917934613,3,"catboost, xgboost, xgboost_rf",0.1193324103984002,0.07904044205841425
item_94640,0.21506727040767595,0.04297375546217058,3,"catboost, xgboost, xgboost_rf",0.1193324103984002,0.07904044205841425
item_88304,0.21498468643804164,0.04295725391216982,3,"catboost, xgboost, xgboost_rf",0.1193324103984002,0.07904044205841425
item_F4325,0.21492660484429538,0.042945648314526935,3,"catboost, xgboost, xgboost_rf",0.1193324103984002,0.07904044205841425
item_J101,0.2149158891027168,0.042943507144197667,3,"catboost, xgboost, xgboost_rf",0.1193324103984002,0.07904044205841425
item_R21,0.21489677181522604,0.042939687215502,3,"catboost, xgboost, xgboost_rf",0.1193324103984002,0.07904044205841425
item_R112,0.21488110786725248,0.04293655731726825,3,"catboost, xgboost, xgboost_rf",0.1193324103984002,0.07904044205841425
item_Unknown,0.21485932627500876,0.042932205019417975,3,"catboost, xgboost, xgboost_rf",0.1193324103984002,0.07904044205841425
item_R110,0.21483664569649435,0.04292767309025474,3,"catboost, xgboost, xgboost_rf",0.1193324103984002,0.07904044205841425
item_F900,0.2147696269960095,0.04291428172093774,3,"catboost, xgboost, xgboost_rf",0.1193324103984002,0.07904044205841425
item_99394,0.21473890669464482,0.04290814333123266,3,"catboost, xgboost, xgboost_rf",0.1193324103984002,0.07904044205841425
item_CEPHALEXIN,0.21470168528995373,0.042900705920881375,3,"catboost, xgboost, xgboost_rf",0.1193324103984002,0.07904044205841425
item_90685,0.2146542775455562,0.04289123312285455,3,"catboost, xgboost, xgboost_rf",0.1193324103984002,0.07904044205841425
item_POLYMYXIN B SULFATE/TRIME,0.21464398727122821,0.04288917696743968,3,"catboost, xgboost, xgboost_rf",0.1193324103984002,0.07904044205841425
item_PERMETHRIN,0.21463069088508285,0.04288652014455046,3,"catboost, xgboost, xgboost_rf",0.1193324103984002,0.07904044205841425
item_F801,0.21456780726430577,0.04287395502789311,3,"catboost, xgboost, xgboost_rf",0.1193324103984002,0.07904044205841425
item_90707,0.21453348182074022,0.04286709627521019,3,"catboost, xgboost, xgboost_rf",0.1193324103984002,0.07904044205841425
item_90471,0.2145261568698179,0.042865632637116347,3,"catboost, xgboost, xgboost_rf",0.1193324103984002,0.07904044205841425
item_90461,0.21452006595635106,0.04286441557872634,3,"catboost, xgboost, xgboost_rf",0.1193324103984002,0.07904044205841425
item_OFLOXACIN,0.2144991994842564,0.04286024613598661,3,"catboost, xgboost, xgboost_rf",0.1193324103984002,0.07904044205841425
item_92508,0.2144694199327569,0.04285429572260439,3,"catboost, xgboost, xgboost_rf",0.1193324103984002,0.07904044205841425
item_99174,0.21444111286069073,0.04284863953330829,3,"catboost, xgboost, xgboost_rf",0.1193324103984002,0.07904044205841425
item_92014,0.2144308418054227,0.042846587218157824,3,"catboost, xgboost, xgboost_rf",0.1193324103984002,0.07904044205841425
item_A084,0.21435401740644547,0.04283123651914668,3,"catboost, xgboost, xgboost_rf",0.1193324103984002,0.07904044205841425
item_R1310,0.2142838626994671,0.042817218527396964,3,"catboost, xgboost, xgboost_rf",0.1193324103984002,0.07904044205841425
item_81002,0.21426447421641515,0.042813344409648235,3,"catboost, xgboost, xgboost_rf",0.1193324103984002,0.07904044205841425
item_83520,0.21418943235114118,0.04279834988834522,3,"catboost, xgboost, xgboost_rf",0.1193324103984002,0.07904044205841425
item_R1110,0.21411753029380157,0.042783982749061394,3,"catboost, xgboost, xgboost_rf",0.1193324103984002,0.07904044205841425
item_73140,0.21409507636163705,0.04277949610733217,3,"catboost, xgboost, xgboost_rf",0.1193324103984002,0.07904044205841425
item_ALBUTEROL SULFATE,0.21405374444215128,0.042771237352769484,3,"catboost, xgboost, xgboost_rf",0.1193324103984002,0.07904044205841425
item_84439,0.21405059706876797,0.04277060845905699,3,"catboost, xgboost, xgboost_rf",0.1193324103984002,0.07904044205841425
item_90710,0.2140466259258739,0.04276981496349948,3,"catboost, xgboost, xgboost_rf",0.1193324103984002,0.07904044205841425
item_87070,0.21403703593206827,0.04276789873492641,3,"catboost, xgboost, xgboost_rf",0.1193324103984002,0.07904044205841425
item_87086,0.21400380190222412,0.042761258063527,3,"catboost, xgboost, xgboost_rf",0.1193324103984002,0.07904044205841425
item_Z00121,0.2140027168917999,0.042761041261720964,3,"catboost, xgboost, xgboost_rf",0.1193324103984002,0.07904044205841425
item_90734,0.21397842266223846,0.0427561869002073,3,"catboost, xgboost, xgboost_rf",0.1193324103984002,0.07904044205841425
item_ERYTHROMYCIN,0.21393208145761516,0.04274692721326596,3,"catboost, xgboost, xgboost_rf",0.1193324103984002,0.07904044205841425
item_90688,0.21391268068117972,0.04274305063910973,3,"catboost, xgboost, xgboost_rf",0.1193324103984002,0.07904044205841425
item_POLYETHYLENE GLYCOL 3350,0.21390959633328724,0.04274243433886172,3,"catboost, xgboost, xgboost_rf",0.1193324103984002,0.07904044205841425
item_90834,0.2139029230209931,0.0427411009082095,3,"catboost, xgboost, xgboost_rf",0.1193324103984002,0.07904044205841425
item_CEFDINIR,0.21383277113287172,0.04272708347971085,3,"catboost, xgboost, xgboost_rf",0.1193324103984002,0.07904044205841425
item_80051,0.213805336719378,0.042721601661047826,3,"catboost, xgboost, xgboost_rf",0.1193324103984002,0.07904044205841425
item_J050,0.213801900611829,0.042720915073798764,3,"catboost, xgboost, xgboost_rf",0.1193324103984002,0.07904044205841425
item_TRIAMCINOLONE ACETONIDE,0.21379073680739794,0.04271868437360557,3,"catboost, xgboost, xgboost_rf",0.1193324103984002,0.07904044205841425
item_ONDANSETRON ODT,0.21378818224263454,0.04271817393219231,3,"catboost, xgboost, xgboost_rf",0.1193324103984002,0.07904044205841425
item_73590,0.21378460173370684,0.042717458491322115,3,"catboost, xgboost, xgboost_rf",0.1193324103984002,0.07904044205841425
item_90715,0.2137784547469554,0.04271623022862559,3,"catboost, xgboost, xgboost_rf",0.1193324103984002,0.07904044205841425
item_R1084,0.21374403798347827,0.042709353228816825,3,"catboost, xgboost, xgboost_rf",0.1193324103984002,0.07904044205841425
item_F39,0.21361405325844401,0.04268338027729868,3,"catboost, xgboost, xgboost_rf",0.1193324103984002,0.07904044205841425
item_90716,0.2135608266317482,0.04267274477690214,3,"catboost, xgboost, xgboost_rf",0.1193324103984002,0.07904044205841425
item_99000,0.21354766378737197,0.04267011463771667,3,"catboost, xgboost, xgboost_rf",0.1193324103984002,0.07904044205841425
item_Z0100,0.21351063410585816,0.04266271553661124,3,"catboost, xgboost, xgboost_rf",0.1193324103984002,0.07904044205841425
item_82565,0.21348570091947017,0.04265773350167538,3,"catboost, xgboost, xgboost_rf",0.1193324103984002,0.07904044205841425
item_NYSTATIN,0.21343887079619672,0.04264837612125203,3,"catboost, xgboost, xgboost_rf",0.1193324103984002,0.07904044205841425
item_90649,0.21342936780150176,0.04264647727644219,3,"catboost, xgboost, xgboost_rf",0.1193324103984002,0.07904044205841425
item_84443,0.21336408677048474,0.042633433120267586,3,"catboost, xgboost, xgboost_rf",0.1193324103984002,0.07904044205841425
item_73130,0.213361282484292,0.04263287278066378,3,"catboost, xgboost, xgboost_rf",0.1193324103984002,0.07904044205841425
item_87400,0.2133431215352253,0.0426292439431253,3,"catboost, xgboost, xgboost_rf",0.1193324103984002,0.07904044205841425
item_96160,0.21333651052001523,0.04262792296039066,3,"catboost, xgboost, xgboost_rf",0.1193324103984002,0.07904044205841425
item_J00,0.21329936045593842,0.04262049980499368,3,"catboost, xgboost, xgboost_rf",0.1193324103984002,0.07904044205841425
item_CETIRIZINE HYDROCHLORIDE,0.2132720911031347,0.0426150509680006,3,"catboost, xgboost, xgboost_rf",0.1193324103984002,0.07904044205841425
item_AMOXICILLIN/CLAVULANATE P,0.2132549601136123,0.04261162793225385,3,"catboost, xgboost, xgboost_rf",0.1193324103984002,0.07904044205841425
item_J0696,0.2132445425592461,0.04260954634432558,3,"catboost, xgboost, xgboost_rf",0.1193324103984002,0.07904044205841425
item_86710,0.2132339952731784,0.042607438834003794,3,"catboost, xgboost, xgboost_rf",0.1193324103984002,0.07904044205841425
item_90700,0.21322936828535627,0.042606514290521105,3,"catboost, xgboost, xgboost_rf",0.1193324103984002,0.07904044205841425
item_KETOCONAZOLE,0.21317073222792257,0.04259479790248751,3,"catboost, xgboost, xgboost_rf",0.1193324103984002,0.07904044205841425
item_H66002,0.2131684944576993,0.042594350761506125,3,"catboost, xgboost, xgboost_rf",0.1193324103984002,0.07904044205841425
item_87430,0.2131651489386697,0.04259368227523948,3,"catboost, xgboost, xgboost_rf",0.1193324103984002,0.07904044205841425
item_82785,0.21315272739950647,0.042591200260261315,3,"catboost, xgboost, xgboost_rf",0.1193324103984002,0.07904044205841425
item_J09X2,0.21314436295906009,0.042589528916138895,3,"catboost, xgboost, xgboost_rf",0.1193324103984002,0.07904044205841425
item_90713,0.21313102016370986,0.04258686281997524,3,"catboost, xgboost, xgboost_rf",0.1193324103984002,0.07904044205841425
item_R062,0.21312741599246945,0.04258614265101027,3,"catboost, xgboost, xgboost_rf",0.1193324103984002,0.07904044205841425
item_J1100,0.21310937509995037,0.04258253780262043,3,"catboost, xgboost, xgboost_rf",0.1193324103984002,0.07904044205841425
item_SULFATRIM PEDIATRIC,0.21309436395999126,0.0425795383454897,3,"catboost, xgboost, xgboost_rf",0.1193324103984002,0.07904044205841425
item_R109,0.21307433231047407,0.042575535713168085,3,"catboost, xgboost, xgboost_rf",0.1193324103984002,0.07904044205841425
item_J0190,0.21305437003434136,0.04257154694271794,3,"catboost, xgboost, xgboost_rf",0.1193324103984002,0.07904044205841425
item_KETOTIFEN FUMARATE,0.21303718555965104,0.04256811321981028,3,"catboost, xgboost, xgboost_rf",0.1193324103984002,0.07904044205841425
item_H6690,0.21302231885866849,0.0425651426238133,3,"catboost, xgboost, xgboost_rf",0.1193324103984002,0.07904044205841425
item_FLOVENT HFA,0.21298666250040807,0.042558017933860944,3,"catboost, xgboost, xgboost_rf",0.1193324103984002,0.07904044205841425
item_NEOMYCIN/POLYMYXIN/HYDROC,0.21298439103280659,0.042557564059624006,3,"catboost, xgboost, xgboost_rf",0.1193324103984002,0.07904044205841425
item_PREDNISOLONE SODIUM PHOSP,0.21297900093197317,0.04255648703439979,3,"catboost, xgboost, xgboost_rf",0.1193324103984002,0.07904044205841425
item_74018,0.21296349758013008,0.042553389225748174,3,"catboost, xgboost, xgboost_rf",0.1193324103984002,0.07904044205841425
item_94664,0.2129482939670259,0.04255035130951646,3,"catboost, xgboost, xgboost_rf",0.1193324103984002,0.07904044205841425
item_84520,0.2129376546372557,0.04254822540744425,3,"catboost, xgboost, xgboost_rf",0.1193324103984002,0.07904044205841425
item_J0300,0.21292130530966508,0.042544958559799236,3,"catboost, xgboost, xgboost_rf",0.1193324103984002,0.07904044205841425
item_J7613,0.21287652316343247,0.04253601039675414,3,"catboost, xgboost, xgboost_rf",0.1193324103984002,0.07904044205841425
item_J111,0.2128551165199949,0.04253173301945443,3,"catboost, xgboost, xgboost_rf",0.1193324103984002,0.07904044205841425
item_K529,0.21284142889705798,0.042528998021424125,3,"catboost, xgboost, xgboost_rf",0.1193324103984002,0.07904044205841425
item_PREDNISOLONE,0.21280759865577534,0.04252223821778989,3,"catboost, xgboost, xgboost_rf",0.1193324103984002,0.07904044205841425
item_J40,0.21280748971980362,0.042522216450703705,3,"catboost, xgboost, xgboost_rf",0.1193324103984002,0.07904044205841425
item_81001,0.21278679599893804,0.04251808152632217,3,"catboost, xgboost, xgboost_rf",0.1193324103984002,0.07904044205841425
item_99223,0.2127748045590797,0.04251568545181425,3,"catboost, xgboost, xgboost_rf",0.1193324103984002,0.07904044205841425
item_H6692,0.2127145023587787,0.04250363614275549,3,"catboost, xgboost, xgboost_rf",0.1193324103984002,0.07904044205841425
item_CETIRIZINE HCL ALLERGY CH,0.2126935605751213,0.04249945165160474,3,"catboost, xgboost, xgboost_rf",0.1193324103984002,0.07904044205841425
item_82947,0.21269329893428765,0.04249939937173351,3,"catboost, xgboost, xgboost_rf",0.1193324103984002,0.07904044205841425
item_94760,0.212665816192786,0.04249390789638962,3,"catboost, xgboost, xgboost_rf",0.1193324103984002,0.07904044205841425
item_H109,0.21264117856060244,0.04248898491773919,3,"catboost, xgboost, xgboost_rf",0.1193324103984002,0.07904044205841425
item_J7030,0.21256303226048828,0.042473370082506415,3,"catboost, xgboost, xgboost_rf",0.1193324103984002,0.07904044205841425
item_B354,0.21251008953080497,0.04246279130910868,3,"catboost, xgboost, xgboost_rf",0.1193324103984002,0.07904044205841425
item_92552,0.21248874064123072,0.04245852547192103,3,"catboost, xgboost, xgboost_rf",0.1193324103984002,0.07904044205841425
item_90744,0.2124658061190875,0.04245394280090672,3,"catboost, xgboost, xgboost_rf",0.1193324103984002,0.07904044205841425
item_RANITIDINE HCL,0.21242214049615443,0.04244521773642586,3,"catboost, xgboost, xgboost_rf",0.1193324103984002,0.07904044205841425
item_CIPRODEX,0.21237807615752233,0.042436413002402924,3,"catboost, xgboost, xgboost_rf",0.1193324103984002,0.07904044205841425
item_S81012A,0.21201595307929638,0.04236405522996553,3,"catboost, xgboost, xgboost_rf",0.1193324103984002,0.07904044205841425
item_S8254X,0.21201595307929638,0.04236405522996553,3,"catboost, xgboost, xgboost_rf",0.1193324103984002,0.07904044205841425
item_RISPERIDONE,0.21201595307929638,0.04236405522996553,3,"catboost, xgboost, xgboost_rf",0.1193324103984002,0.07904044205841425
item_ROBAFEN,0.21201595307929638,0.04236405522996553,3,"catboost, xgboost, xgboost_rf",0.1193324103984002,0.07904044205841425
item_S0086XA,0.21201595307929638,0.04236405522996553,3,"catboost, xgboost, xgboost_rf",0.1193324103984002,0.07904044205841425
item_S20212,0.21201595307929638,0.04236405522996553,3,"catboost, xgboost, xgboost_rf",0.1193324103984002,0.07904044205841425
item_S42402,0.21201595307929638,0.04236405522996553,3,"catboost, xgboost, xgboost_rf",0.1193324103984002,0.07904044205841425
item_S43402A,0.21201595307929638,0.04236405522996553,3,"catboost, xgboost, xgboost_rf",0.1193324103984002,0.07904044205841425
item_S5002X,0.21201595307929638,0.04236405522996553,3,"catboost, xgboost, xgboost_rf",0.1193324103984002,0.07904044205841425
item_QUETIAPINE FUMARATE,0.21201595307929638,0.04236405522996553,3,"catboost, xgboost, xgboost_rf",0.1193324103984002,0.07904044205841425
item_Z111,0.21201595307929638,0.04236405522996553,3,"catboost, xgboost, xgboost_rf",0.1193324103984002,0.07904044205841425
item_Z135,0.21201595307929638,0.04236405522996553,3,"catboost, xgboost, xgboost_rf",0.1193324103984002,0.07904044205841425
item_74181,0.21201595307929638,0.04236405522996553,3,"catboost, xgboost, xgboost_rf",0.1193324103984002,0.07904044205841425
item_Z762,0.21201595307929638,0.04236405522996553,3,"catboost, xgboost, xgboost_rf",0.1193324103984002,0.07904044205841425
item_Z79899,0.21201595307929638,0.04236405522996553,3,"catboost, xgboost, xgboost_rf",0.1193324103984002,0.07904044205841425
item_ZOLMITRIPTAN,0.21201595307929638,0.04236405522996553,3,"catboost, xgboost, xgboost_rf",0.1193324103984002,0.07904044205841425
item_29065,0.21201595307929638,0.04236405522996553,3,"catboost, xgboost, xgboost_rf",0.1193324103984002,0.07904044205841425
item_V6549,0.21201595307929638,0.04236405522996553,3,"catboost, xgboost, xgboost_rf",0.1193324103984002,0.07904044205841425
item_VYVANSE,0.21201595307929638,0.04236405522996553,3,"catboost, xgboost, xgboost_rf",0.1193324103984002,0.07904044205841425
item_Z0000,0.21201595307929638,0.04236405522996553,3,"catboost, xgboost, xgboost_rf",0.1193324103984002,0.07904044205841425
item_29130,0.21201595307929638,0.04236405522996553,3,"catboost, xgboost, xgboost_rf",0.1193324103984002,0.07904044205841425
item_T1490,0.21201595307929638,0.04236405522996553,3,"catboost, xgboost, xgboost_rf",0.1193324103984002,0.07904044205841425
item_72195,0.21201595307929638,0.04236405522996553,3,"catboost, xgboost, xgboost_rf",0.1193324103984002,0.07904044205841425
item_Z0189,0.21201595307929638,0.04236405522996553,3,"catboost, xgboost, xgboost_rf",0.1193324103984002,0.07904044205841425
item_Z022,0.21201595307929638,0.04236405522996553,3,"catboost, xgboost, xgboost_rf",0.1193324103984002,0.07904044205841425
item_R6251,0.21201595307929638,0.04236405522996553,3,"catboost, xgboost, xgboost_rf",0.1193324103984002,0.07904044205841425
item_76010,0.21201595307929638,0.04236405522996553,3,"catboost, xgboost, xgboost_rf",0.1193324103984002,0.07904044205841425
item_76705,0.21201595307929638,0.04236405522996553,3,"catboost, xgboost, xgboost_rf",0.1193324103984002,0.07904044205841425
item_TAMIFLU,0.21201595307929638,0.04236405522996553,3,"catboost, xgboost, xgboost_rf",0.1193324103984002,0.07904044205841425
item_TOBRAMYCIN/DEXAMETHASONE,0.21201595307929638,0.04236405522996553,3,"catboost, xgboost, xgboost_rf",0.1193324103984002,0.07904044205841425
item_00170,0.21201595307929638,0.04236405522996553,3,"catboost, xgboost, xgboost_rf",0.1193324103984002,0.07904044205841425
item_ZOLMITRIPTAN ODT,0.21201595307929638,0.04236405522996553,3,"catboost, xgboost, xgboost_rf",0.1193324103984002,0.07904044205841425
item_V202,0.21201595307929638,0.04236405522996553,3,"catboost, xgboost, xgboost_rf",0.1193324103984002,0.07904044205841425
item_R1314,0.21201595307929638,0.04236405522996553,3,"catboost, xgboost, xgboost_rf",0.1193324103984002,0.07904044205841425
item_R159,0.21201595307929638,0.04236405522996553,3,"catboost, xgboost, xgboost_rf",0.1193324103984002,0.07904044205841425
item_78605,0.21201595307929638,0.04236405522996553,3,"catboost, xgboost, xgboost_rf",0.1193324103984002,0.07904044205841425
item_73600,0.21201595307929638,0.04236405522996553,3,"catboost, xgboost, xgboost_rf",0.1193324103984002,0.07904044205841425
item_73610,0.21201595307929638,0.04236405522996553,3,"catboost, xgboost, xgboost_rf",0.1193324103984002,0.07904044205841425
item_74000,0.21201595307929638,0.04236405522996553,3,"catboost, xgboost, xgboost_rf",0.1193324103984002,0.07904044205841425
item_12002,0.21201595307929638,0.04236405522996553,3,"catboost, xgboost, xgboost_rf",0.1193324103984002,0.07904044205841425
item_99305,0.21201595307929638,0.04236405522996553,3,"catboost, xgboost, xgboost_rf",0.1193324103984002,0.07904044205841425
item_99309,0.21201595307929638,0.04236405522996553,3,"catboost, xgboost, xgboost_rf",0.1193324103984002,0.07904044205841425
item_92567,0.21201595307929638,0.04236405522996553,3,"catboost, xgboost, xgboost_rf",0.1193324103984002,0.07904044205841425
item_93005,0.21201595307929638,0.04236405522996553,3,"catboost, xgboost, xgboost_rf",0.1193324103984002,0.07904044205841425
item_99420,0.21201595307929638,0.04236405522996553,3,"catboost, xgboost, xgboost_rf",0.1193324103984002,0.07904044205841425
item_99471,0.21201595307929638,0.04236405522996553,3,"catboost, xgboost, xgboost_rf",0.1193324103984002,0.07904044205841425
item_B850,0.21201595307929638,0.04236405522996553,3,"catboost, xgboost, xgboost_rf",0.1193324103984002,0.07904044205841425
item_92060,0.21201595307929638,0.04236405522996553,3,"catboost, xgboost, xgboost_rf",0.1193324103984002,0.07904044205841425
item_96361,0.21201595307929638,0.04236405522996553,3,"catboost, xgboost, xgboost_rf",0.1193324103984002,0.07904044205841425
item_96374,0.21201595307929638,0.04236405522996553,3,"catboost, xgboost, xgboost_rf",0.1193324103984002,0.07904044205841425
item_99219,0.21201595307929638,0.04236405522996553,3,"catboost, xgboost, xgboost_rf",0.1193324103984002,0.07904044205841425
item_99221,0.21201595307929638,0.04236405522996553,3,"catboost, xgboost, xgboost_rf",0.1193324103984002,0.07904044205841425
item_99472,0.21201595307929638,0.04236405522996553,3,"catboost, xgboost, xgboost_rf",0.1193324103984002,0.07904044205841425
item_A0839,0.21201595307929638,0.04236405522996553,3,"catboost, xgboost, xgboost_rf",0.1193324103984002,0.07904044205841425
item_86141,0.21201595307929638,0.04236405522996553,3,"catboost, xgboost, xgboost_rf",0.1193324103984002,0.07904044205841425
item_86480,0.21201595307929638,0.04236405522996553,3,"catboost, xgboost, xgboost_rf",0.1193324103984002,0.07904044205841425
item_95115,0.21201595307929638,0.04236405522996553,3,"catboost, xgboost, xgboost_rf",0.1193324103984002,0.07904044205841425
item_95165,0.21201595307929638,0.04236405522996553,3,"catboost, xgboost, xgboost_rf",0.1193324103984002,0.07904044205841425
item_95819,0.21201595307929638,0.04236405522996553,3,"catboost, xgboost, xgboost_rf",0.1193324103984002,0.07904044205841425
item_96101,0.21201595307929638,0.04236405522996553,3,"catboost, xgboost, xgboost_rf",0.1193324103984002,0.07904044205841425
item_92015,0.21201595307929638,0.04236405522996553,3,"catboost, xgboost, xgboost_rf",0.1193324103984002,0.07904044205841425
item_99382,0.21201595307929638,0.04236405522996553,3,"catboost, xgboost, xgboost_rf",0.1193324103984002,0.07904044205841425
item_90792,0.21201595307929638,0.04236405522996553,3,"catboost, xgboost, xgboost_rf",0.1193324103984002,0.07904044205841425
item_90833,0.21201595307929638,0.04236405522996553,3,"catboost, xgboost, xgboost_rf",0.1193324103984002,0.07904044205841425
item_92004,0.21201595307929638,0.04236405522996553,3,"catboost, xgboost, xgboost_rf",0.1193324103984002,0.07904044205841425
item_92012,0.21201595307929638,0.04236405522996553,3,"catboost, xgboost, xgboost_rf",0.1193324103984002,0.07904044205841425
item_85652,0.21201595307929638,0.04236405522996553,3,"catboost, xgboost, xgboost_rf",0.1193324103984002,0.07904044205841425
item_CVS ALLERGY RELIEF ADULT,0.21201595307929638,0.04236405522996553,3,"catboost, xgboost, xgboost_rf",0.1193324103984002,0.07904044205841425
item_CVS ALLERGY RELIEF CHILDR,0.21201595307929638,0.04236405522996553,3,"catboost, xgboost, xgboost_rf",0.1193324103984002,0.07904044205841425
item_CVS CHILDRENS ALLERGY,0.21201595307929638,0.04236405522996553,3,"catboost, xgboost, xgboost_rf",0.1193324103984002,0.07904044205841425
item_CVS ENEMA DISPOSABLE,0.21201595307929638,0.04236405522996553,3,"catboost, xgboost, xgboost_rf",0.1193324103984002,0.07904044205841425
item_CVS EYE ITCH RELIEF,0.21201595307929638,0.04236405522996553,3,"catboost, xgboost, xgboost_rf",0.1193324103984002,0.07904044205841425
item_CVS PAIN RELIEF CHILDRENS,0.21201595307929638,0.04236405522996553,3,"catboost, xgboost, xgboost_rf",0.1193324103984002,0.07904044205841425
item_F329,0.21201595307929638,0.04236405522996553,3,"catboost, xgboost, xgboost_rf",0.1193324103984002,0.07904044205841425
item_D649,0.21201595307929638,0.04236405522996553,3,"catboost, xgboost, xgboost_rf",0.1193324103984002,0.07904044205841425
item_CITALOPRAM HYDROBROMIDE,0.21201595307929638,0.04236405522996553,3,"catboost, xgboost, xgboost_rf",0.1193324103984002,0.07904044205841425
item_CLARITIN REDITABS,0.21201595307929638,0.04236405522996553,3,"catboost, xgboost, xgboost_rf",0.1193324103984002,0.07904044205841425
item_CLINDAMYCIN PHOSPHATE,0.21201595307929638,0.04236405522996553,3,"catboost, xgboost, xgboost_rf",0.1193324103984002,0.07904044205841425
item_CLOBETASOL PROPIONATE,0.21201595307929638,0.04236405522996553,3,"catboost, xgboost, xgboost_rf",0.1193324103984002,0.07904044205841425
item_CLONIDINE HYDROCHLORIDE,0.21201595307929638,0.04236405522996553,3,"catboost, xgboost, xgboost_rf",0.1193324103984002,0.07904044205841425
item_E6609,0.21201595307929638,0.04236405522996553,3,"catboost, xgboost, xgboost_rf",0.1193324103984002,0.07904044205841425
item_CULTURELLE IMMUNITY SUPPO,0.21201595307929638,0.04236405522996553,3,"catboost, xgboost, xgboost_rf",0.1193324103984002,0.07904044205841425
item_B80,0.21201595307929638,0.04236405522996553,3,"catboost, xgboost, xgboost_rf",0.1193324103984002,0.07904044205841425
item_CODEINE/GUAIFENESIN,0.21201595307929638,0.04236405522996553,3,"catboost, xgboost, xgboost_rf",0.1193324103984002,0.07904044205841425
item_BROMPHEN/PSEUDOEPHEDRINE,0.21201595307929638,0.04236405522996553,3,"catboost, xgboost, xgboost_rf",0.1193324103984002,0.07904044205841425
item_BUDESONIDE,0.21201595307929638,0.04236405522996553,3,"catboost, xgboost, xgboost_rf",0.1193324103984002,0.07904044205841425
item_BUSPIRONE HYDROCHLORIDE,0.21201595307929638,0.04236405522996553,3,"catboost, xgboost, xgboost_rf",0.1193324103984002,0.07904044205841425
item_99218,0.21201595307929638,0.04236405522996553,3,"catboost, xgboost, xgboost_rf",0.1193324103984002,0.07904044205841425
item_CHILDRENS LORATADINE,0.21201595307929638,0.04236405522996553,3,"catboost, xgboost, xgboost_rf",0.1193324103984002,0.07904044205841425
item_ACNE MEDICATION 5,0.21201595307929638,0.04236405522996553,3,"catboost, xgboost, xgboost_rf",0.1193324103984002,0.07904044205841425
item_ALBENZA,0.21201595307929638,0.04236405522996553,3,"catboost, xgboost, xgboost_rf",0.1193324103984002,0.07904044205841425
item_AMITIZA,0.21201595307929638,0.04236405522996553,3,"catboost, xgboost, xgboost_rf",0.1193324103984002,0.07904044205841425
item_AMITRIPTYLINE HYDROCHLORI,0.21201595307929638,0.04236405522996553,3,"catboost, xgboost, xgboost_rf",0.1193324103984002,0.07904044205841425
item_CHILDRENS IBUPROFEN 100,0.21201595307929638,0.04236405522996553,3,"catboost, xgboost, xgboost_rf",0.1193324103984002,0.07904044205841425
item_AZELASTINE HCL,0.21201595307929638,0.04236405522996553,3,"catboost, xgboost, xgboost_rf",0.1193324103984002,0.07904044205841425
item_B084,0.21201595307929638,0.04236405522996553,3,"catboost, xgboost, xgboost_rf",0.1193324103984002,0.07904044205841425
item_GUANFACINE ER,0.21201595307929638,0.04236405522996553,3,"catboost, xgboost, xgboost_rf",0.1193324103984002,0.07904044205841425
item_87172,0.21201595307929638,0.04236405522996553,3,"catboost, xgboost, xgboost_rf",0.1193324103984002,0.07904044205841425
item_87340,0.21201595307929638,0.04236405522996553,3,"catboost, xgboost, xgboost_rf",0.1193324103984002,0.07904044205841425
item_87633,0.21201595307929638,0.04236405522996553,3,"catboost, xgboost, xgboost_rf",0.1193324103984002,0.07904044205841425
item_87651,0.21201595307929638,0.04236405522996553,3,"catboost, xgboost, xgboost_rf",0.1193324103984002,0.07904044205841425
item_87798,0.21201595307929638,0.04236405522996553,3,"catboost, xgboost, xgboost_rf",0.1193324103984002,0.07904044205841425
item_87807,0.21201595307929638,0.04236405522996553,3,"catboost, xgboost, xgboost_rf",0.1193324103984002,0.07904044205841425
item_88305,0.21201595307929638,0.04236405522996553,3,"catboost, xgboost, xgboost_rf",0.1193324103984002,0.07904044205841425
item_F349,0.21201595307929638,0.04236405522996553,3,"catboost, xgboost, xgboost_rf",0.1193324103984002,0.07904044205841425
item_F4011,0.21201595307929638,0.04236405522996553,3,"catboost, xgboost, xgboost_rf",0.1193324103984002,0.07904044205841425
item_FLUCONAZOLE,0.21201595307929638,0.04236405522996553,3,"catboost, xgboost, xgboost_rf",0.1193324103984002,0.07904044205841425
item_F419,0.21201595307929638,0.04236405522996553,3,"catboost, xgboost, xgboost_rf",0.1193324103984002,0.07904044205841425
item_F4321,0.21201595307929638,0.04236405522996553,3,"catboost, xgboost, xgboost_rf",0.1193324103984002,0.07904044205841425
item_F4323,0.21201595307929638,0.04236405522996553,3,"catboost, xgboost, xgboost_rf",0.1193324103984002,0.07904044205841425
item_F4324,0.21201595307929638,0.04236405522996553,3,"catboost, xgboost, xgboost_rf",0.1193324103984002,0.07904044205841425
item_F800,0.21201595307929638,0.04236405522996553,3,"catboost, xgboost, xgboost_rf",0.1193324103984002,0.07904044205841425
item_EQ ITCHY EYE DROPS,0.21201595307929638,0.04236405522996553,3,"catboost, xgboost, xgboost_rf",0.1193324103984002,0.07904044205841425
item_ESCITALOPRAM OXALATE,0.21201595307929638,0.04236405522996553,3,"catboost, xgboost, xgboost_rf",0.1193324103984002,0.07904044205841425
item_F1110,0.21201595307929638,0.04236405522996553,3,"catboost, xgboost, xgboost_rf",0.1193324103984002,0.07904044205841425
item_F1920,0.21201595307929638,0.04236405522996553,3,"catboost, xgboost, xgboost_rf",0.1193324103984002,0.07904044205841425
item_F3341,0.21201595307929638,0.04236405522996553,3,"catboost, xgboost, xgboost_rf",0.1193324103984002,0.07904044205841425
item_F348,0.21201595307929638,0.04236405522996553,3,"catboost, xgboost, xgboost_rf",0.1193324103984002,0.07904044205841425
item_F3481,0.21201595307929638,0.04236405522996553,3,"catboost, xgboost, xgboost_rf",0.1193324103984002,0.07904044205841425
item_F3489,0.21201595307929638,0.04236405522996553,3,"catboost, xgboost, xgboost_rf",0.1193324103984002,0.07904044205841425
item_DIAZEPAM,0.21201595307929638,0.04236405522996553,3,"catboost, xgboost, xgboost_rf",0.1193324103984002,0.07904044205841425
item_DIMETAPP DM COLD & COUGH,0.21201595307929638,0.04236405522996553,3,"catboost, xgboost, xgboost_rf",0.1193324103984002,0.07904044205841425
item_DIPHENHIST,0.21201595307929638,0.04236405522996553,3,"catboost, xgboost, xgboost_rf",0.1193324103984002,0.07904044205841425
item_DIPHENHYDRAMINE HCL,0.21201595307929638,0.04236405522996553,3,"catboost, xgboost, xgboost_rf",0.1193324103984002,0.07904044205841425
item_DOXYCYCLINE MONOHYDRATE,0.21201595307929638,0.04236405522996553,3,"catboost, xgboost, xgboost_rf",0.1193324103984002,0.07904044205841425
item_F411,0.21201595307929638,0.04236405522996553,3,"catboost, xgboost, xgboost_rf",0.1193324103984002,0.07904044205841425
item_E860,0.21201595307929638,0.04236405522996553,3,"catboost, xgboost, xgboost_rf",0.1193324103984002,0.07904044205841425
item_EPINEPHRINE,0.21201595307929638,0.04236405522996553,3,"catboost, xgboost, xgboost_rf",0.1193324103984002,0.07904044205841425
item_H1010,0.21201595307929638,0.04236405522996553,3,"catboost, xgboost, xgboost_rf",0.1193324103984002,0.07904044205841425
item_H1013,0.21201595307929638,0.04236405522996553,3,"catboost, xgboost, xgboost_rf",0.1193324103984002,0.07904044205841425
item_H5043,0.21201595307929638,0.04236405522996553,3,"catboost, xgboost, xgboost_rf",0.1193324103984002,0.07904044205841425
item_H5203,0.21201595307929638,0.04236405522996553,3,"catboost, xgboost, xgboost_rf",0.1193324103984002,0.07904044205841425
item_H5213,0.21201595307929638,0.04236405522996553,3,"catboost, xgboost, xgboost_rf",0.1193324103984002,0.07904044205841425
item_H53023,0.21201595307929638,0.04236405522996553,3,"catboost, xgboost, xgboost_rf",0.1193324103984002,0.07904044205841425
item_H1033,0.21201595307929638,0.04236405522996553,3,"catboost, xgboost, xgboost_rf",0.1193324103984002,0.07904044205841425
item_FLUOCINOLONE ACETONIDE SC,0.21201595307929638,0.04236405522996553,3,"catboost, xgboost, xgboost_rf",0.1193324103984002,0.07904044205841425
item_FLUOXETINE HCL,0.21201595307929638,0.04236405522996553,3,"catboost, xgboost, xgboost_rf",0.1193324103984002,0.07904044205841425
item_FLUOXETINE HYDROCHLORIDE,0.21201595307929638,0.04236405522996553,3,"catboost, xgboost, xgboost_rf",0.1193324103984002,0.07904044205841425
item_G0378,0.21201595307929638,0.04236405522996553,3,"catboost, xgboost, xgboost_rf",0.1193324103984002,0.07904044205841425
item_G0481,0.21201595307929638,0.04236405522996553,3,"catboost, xgboost, xgboost_rf",0.1193324103984002,0.07904044205841425
item_G43009,0.21201595307929638,0.04236405522996553,3,"catboost, xgboost, xgboost_rf",0.1193324103984002,0.07904044205841425
item_GUANFACINE HCL,0.21201595307929638,0.04236405522996553,3,"catboost, xgboost, xgboost_rf",0.1193324103984002,0.07904044205841425
item_90687,0.21201595307929638,0.04236405522996553,3,"catboost, xgboost, xgboost_rf",0.1193324103984002,0.07904044205841425
item_90698,0.21201595307929638,0.04236405522996553,3,"catboost, xgboost, xgboost_rf",0.1193324103984002,0.07904044205841425
item_88346,0.21201595307929638,0.04236405522996553,3,"catboost, xgboost, xgboost_rf",0.1193324103984002,0.07904044205841425
item_F919,0.21201595307929638,0.04236405522996553,3,"catboost, xgboost, xgboost_rf",0.1193324103984002,0.07904044205841425
item_FAMOTIDINE,0.21201595307929638,0.04236405522996553,3,"catboost, xgboost, xgboost_rf",0.1193324103984002,0.07904044205841425
item_FLONASE ALLERGY RELIEF,0.21201595307929638,0.04236405522996553,3,"catboost, xgboost, xgboost_rf",0.1193324103984002,0.07904044205841425
item_80306,0.21201595307929638,0.04236405522996553,3,"catboost, xgboost, xgboost_rf",0.1193324103984002,0.07904044205841425
item_80307,0.21201595307929638,0.04236405522996553,3,"catboost, xgboost, xgboost_rf",0.1193324103984002,0.07904044205841425
item_80320,0.21201595307929638,0.04236405522996553,3,"catboost, xgboost, xgboost_rf",0.1193324103984002,0.07904044205841425
item_80324,0.21201595307929638,0.04236405522996553,3,"catboost, xgboost, xgboost_rf",0.1193324103984002,0.07904044205841425
item_80329,0.21201595307929638,0.04236405522996553,3,"catboost, xgboost, xgboost_rf",0.1193324103984002,0.07904044205841425
item_81000,0.21201595307929638,0.04236405522996553,3,"catboost, xgboost, xgboost_rf",0.1193324103984002,0.07904044205841425
item_90670,0.21201595307929638,0.04236405522996553,3,"catboost, xgboost, xgboost_rf",0.1193324103984002,0.07904044205841425
item_83605,0.21201595307929638,0.04236405522996553,3,"catboost, xgboost, xgboost_rf",0.1193324103984002,0.07904044205841425
item_83704,0.21201595307929638,0.04236405522996553,3,"catboost, xgboost, xgboost_rf",0.1193324103984002,0.07904044205841425
item_83986,0.21201595307929638,0.04236405522996553,3,"catboost, xgboost, xgboost_rf",0.1193324103984002,0.07904044205841425
item_84311,0.21201595307929638,0.04236405522996553,3,"catboost, xgboost, xgboost_rf",0.1193324103984002,0.07904044205841425
item_84436,0.21201595307929638,0.04236405522996553,3,"catboost, xgboost, xgboost_rf",0.1193324103984002,0.07904044205841425
item_84460,0.21201595307929638,0.04236405522996553,3,"catboost, xgboost, xgboost_rf",0.1193324103984002,0.07904044205841425
item_74241,0.21201595307929638,0.04236405522996553,3,"catboost, xgboost, xgboost_rf",0.1193324103984002,0.07904044205841425
item_72709,0.21201595307929638,0.04236405522996553,3,"catboost, xgboost, xgboost_rf",0.1193324103984002,0.07904044205841425
item_29085,0.21201595307929638,0.04236405522996553,3,"catboost, xgboost, xgboost_rf",0.1193324103984002,0.07904044205841425
item_J09X9,0.21201595307929638,0.04236405522996553,3,"catboost, xgboost, xgboost_rf",0.1193324103984002,0.07904044205841425
item_29125,0.21201595307929638,0.04236405522996553,3,"catboost, xgboost, xgboost_rf",0.1193324103984002,0.07904044205841425
item_29515,0.21201595307929638,0.04236405522996553,3,"catboost, xgboost, xgboost_rf",0.1193324103984002,0.07904044205841425
item_J3535,0.21201595307929638,0.04236405522996553,3,"catboost, xgboost, xgboost_rf",0.1193324103984002,0.07904044205841425
item_J121,0.21201595307929638,0.04236405522996553,3,"catboost, xgboost, xgboost_rf",0.1193324103984002,0.07904044205841425
item_J122,0.21201595307929638,0.04236405522996553,3,"catboost, xgboost, xgboost_rf",0.1193324103984002,0.07904044205841425
item_76770,0.21201595307929638,0.04236405522996553,3,"catboost, xgboost, xgboost_rf",0.1193324103984002,0.07904044205841425
item_HYDROXYZINE HYDROCHLORIDE,0.21201595307929638,0.04236405522996553,3,"catboost, xgboost, xgboost_rf",0.1193324103984002,0.07904044205841425
item_HYDROXYZINE PAMOATE,0.21201595307929638,0.04236405522996553,3,"catboost, xgboost, xgboost_rf",0.1193324103984002,0.07904044205841425
item_I880,0.21201595307929638,0.04236405522996553,3,"catboost, xgboost, xgboost_rf",0.1193324103984002,0.07904044205841425
item_J0100,0.21201595307929638,0.04236405522996553,3,"catboost, xgboost, xgboost_rf",0.1193324103984002,0.07904044205841425
item_76882,0.21201595307929638,0.04236405522996553,3,"catboost, xgboost, xgboost_rf",0.1193324103984002,0.07904044205841425
item_J028,0.21201595307929638,0.04236405522996553,3,"catboost, xgboost, xgboost_rf",0.1193324103984002,0.07904044205841425
item_71010,0.21201595307929638,0.04236405522996553,3,"catboost, xgboost, xgboost_rf",0.1193324103984002,0.07904044205841425
item_J2405,0.21201595307929638,0.04236405522996553,3,"catboost, xgboost, xgboost_rf",0.1193324103984002,0.07904044205841425
item_H60333,0.21201595307929638,0.04236405522996553,3,"catboost, xgboost, xgboost_rf",0.1193324103984002,0.07904044205841425
item_H6121,0.21201595307929638,0.04236405522996553,3,"catboost, xgboost, xgboost_rf",0.1193324103984002,0.07904044205841425
item_H66003,0.21201595307929638,0.04236405522996553,3,"catboost, xgboost, xgboost_rf",0.1193324103984002,0.07904044205841425
item_H6642,0.21201595307929638,0.04236405522996553,3,"catboost, xgboost, xgboost_rf",0.1193324103984002,0.07904044205841425
item_H6643,0.21201595307929638,0.04236405522996553,3,"catboost, xgboost, xgboost_rf",0.1193324103984002,0.07904044205841425
item_99310,0.21201595307929638,0.04236405522996553,3,"catboost, xgboost, xgboost_rf",0.1193324103984002,0.07904044205841425
item_H6993,0.21201595307929638,0.04236405522996553,3,"catboost, xgboost, xgboost_rf",0.1193324103984002,0.07904044205841425
item_H9209,0.21201595307929638,0.04236405522996553,3,"catboost, xgboost, xgboost_rf",0.1193324103984002,0.07904044205841425
item_H6523,0.21201595307929638,0.04236405522996553,3,"catboost, xgboost, xgboost_rf",0.1193324103984002,0.07904044205841425
item_J393,0.21201595307929638,0.04236405522996553,3,"catboost, xgboost, xgboost_rf",0.1193324103984002,0.07904044205841425
item_74177,0.21201595307929638,0.04236405522996553,3,"catboost, xgboost, xgboost_rf",0.1193324103984002,0.07904044205841425
item_J45909,0.21201595307929638,0.04236405522996553,3,"catboost, xgboost, xgboost_rf",0.1193324103984002,0.07904044205841425
item_R198,0.21201595307929638,0.04236405522996553,3,"catboost, xgboost, xgboost_rf",0.1193324103984002,0.07904044205841425
item_J7042,0.21201595307929638,0.04236405522996553,3,"catboost, xgboost, xgboost_rf",0.1193324103984002,0.07904044205841425
item_J7611,0.21201595307929638,0.04236405522996553,3,"catboost, xgboost, xgboost_rf",0.1193324103984002,0.07904044205841425
item_11310,0.21201595307929638,0.04236405522996553,3,"catboost, xgboost, xgboost_rf",0.1193324103984002,0.07904044205841425
item_J208,0.21201595307929638,0.04236405522996553,3,"catboost, xgboost, xgboost_rf",0.1193324103984002,0.07904044205841425
item_J2704,0.21201595307929638,0.04236405522996553,3,"catboost, xgboost, xgboost_rf",0.1193324103984002,0.07904044205841425
item_J2765,0.21201595307929638,0.04236405522996553,3,"catboost, xgboost, xgboost_rf",0.1193324103984002,0.07904044205841425
item_J301,0.21201595307929638,0.04236405522996553,3,"catboost, xgboost, xgboost_rf",0.1193324103984002,0.07904044205841425
item_J302,0.21201595307929638,0.04236405522996553,3,"catboost, xgboost, xgboost_rf",0.1193324103984002,0.07904044205841425
item_J3089,0.21201595307929638,0.04236405522996553,3,"catboost, xgboost, xgboost_rf",0.1193324103984002,0.07904044205841425
item_J309,0.21201595307929638,0.04236405522996553,3,"catboost, xgboost, xgboost_rf",0.1193324103984002,0.07904044205841425
item_J3490,0.21201595307929638,0.04236405522996553,3,"catboost, xgboost, xgboost_rf",0.1193324103984002,0.07904044205841425
item_86738,0.21201595307929638,0.04236405522996553,3,"catboost, xgboost, xgboost_rf",0.1193324103984002,0.07904044205841425
item_86803,0.21201595307929638,0.04236405522996553,3,"catboost, xgboost, xgboost_rf",0.1193324103984002,0.07904044205841425
item_87040,0.21201595307929638,0.04236405522996553,3,"catboost, xgboost, xgboost_rf",0.1193324103984002,0.07904044205841425
item_87077,0.21201595307929638,0.04236405522996553,3,"catboost, xgboost, xgboost_rf",0.1193324103984002,0.07904044205841425
item_J129,0.21201595307929638,0.04236405522996553,3,"catboost, xgboost, xgboost_rf",0.1193324103984002,0.07904044205841425
item_J157,0.21201595307929638,0.04236405522996553,3,"catboost, xgboost, xgboost_rf",0.1193324103984002,0.07904044205841425
item_J159,0.21201595307929638,0.04236405522996553,3,"catboost, xgboost, xgboost_rf",0.1193324103984002,0.07904044205841425
item_J1610,0.21201595307929638,0.04236405522996553,3,"catboost, xgboost, xgboost_rf",0.1193324103984002,0.07904044205841425
item_73060,0.21201595307929638,0.04236405522996553,3,"catboost, xgboost, xgboost_rf",0.1193324103984002,0.07904044205841425
item_73080,0.21201595307929638,0.04236405522996553,3,"catboost, xgboost, xgboost_rf",0.1193324103984002,0.07904044205841425
item_73110,0.21201595307929638,0.04236405522996553,3,"catboost, xgboost, xgboost_rf",0.1193324103984002,0.07904044205841425
item_73552,0.21201595307929638,0.04236405522996553,3,"catboost, xgboost, xgboost_rf",0.1193324103984002,0.07904044205841425
item_86580,0.21201595307929638,0.04236405522996553,3,"catboost, xgboost, xgboost_rf",0.1193324103984002,0.07904044205841425
item_86592,0.21201595307929638,0.04236405522996553,3,"catboost, xgboost, xgboost_rf",0.1193324103984002,0.07904044205841425
item_86703,0.21201595307929638,0.04236405522996553,3,"catboost, xgboost, xgboost_rf",0.1193324103984002,0.07904044205841425
item_86706,0.21201595307929638,0.04236405522996553,3,"catboost, xgboost, xgboost_rf",0.1193324103984002,0.07904044205841425
item_M25521,0.21201595307929638,0.04236405522996553,3,"catboost, xgboost, xgboost_rf",0.1193324103984002,0.07904044205841425
item_M25522,0.21201595307929638,0.04236405522996553,3,"catboost, xgboost, xgboost_rf",0.1193324103984002,0.07904044205841425
item_M25531,0.21201595307929638,0.04236405522996553,3,"catboost, xgboost, xgboost_rf",0.1193324103984002,0.07904044205841425
item_M25551,0.21201595307929638,0.04236405522996553,3,"catboost, xgboost, xgboost_rf",0.1193324103984002,0.07904044205841425
item_M25572,0.21201595307929638,0.04236405522996553,3,"catboost, xgboost, xgboost_rf",0.1193324103984002,0.07904044205841425
item_M546,0.21201595307929638,0.04236405522996553,3,"catboost, xgboost, xgboost_rf",0.1193324103984002,0.07904044205841425
item_00740,0.21201595307929638,0.04236405522996553,3,"catboost, xgboost, xgboost_rf",0.1193324103984002,0.07904044205841425
item_M79609,0.21201595307929638,0.04236405522996553,3,"catboost, xgboost, xgboost_rf",0.1193324103984002,0.07904044205841425
item_0340,0.21201595307929638,0.04236405522996553,3,"catboost, xgboost, xgboost_rf",0.1193324103984002,0.07904044205841425
item_KP LORATADINE,0.21201595307929638,0.04236405522996553,3,"catboost, xgboost, xgboost_rf",0.1193324103984002,0.07904044205841425
item_L700,0.21201595307929638,0.04236405522996553,3,"catboost, xgboost, xgboost_rf",0.1193324103984002,0.07904044205841425
item_L739,0.21201595307929638,0.04236405522996553,3,"catboost, xgboost, xgboost_rf",0.1193324103984002,0.07904044205841425
item_L980,0.21201595307929638,0.04236405522996553,3,"catboost, xgboost, xgboost_rf",0.1193324103984002,0.07904044205841425
item_LORATADINE CHILDRENS,0.21201595307929638,0.04236405522996553,3,"catboost, xgboost, xgboost_rf",0.1193324103984002,0.07904044205841425
item_J1200,0.21201595307929638,0.04236405522996553,3,"catboost, xgboost, xgboost_rf",0.1193324103984002,0.07904044205841425
item_M25512,0.21201595307929638,0.04236405522996553,3,"catboost, xgboost, xgboost_rf",0.1193324103984002,0.07904044205841425
item_LORAZEPAM,0.21201595307929638,0.04236405522996553,3,"catboost, xgboost, xgboost_rf",0.1193324103984002,0.07904044205841425
item_K148,0.21201595307929638,0.04236405522996553,3,"catboost, xgboost, xgboost_rf",0.1193324103984002,0.07904044205841425
item_K208,0.21201595307929638,0.04236405522996553,3,"catboost, xgboost, xgboost_rf",0.1193324103984002,0.07904044205841425
item_K2970,0.21201595307929638,0.04236405522996553,3,"catboost, xgboost, xgboost_rf",0.1193324103984002,0.07904044205841425
item_K30,0.21201595307929638,0.04236405522996553,3,"catboost, xgboost, xgboost_rf",0.1193324103984002,0.07904044205841425
item_0743,0.21201595307929638,0.04236405522996553,3,"catboost, xgboost, xgboost_rf",0.1193324103984002,0.07904044205841425
item_K5901,0.21201595307929638,0.04236405522996553,3,"catboost, xgboost, xgboost_rf",0.1193324103984002,0.07904044205841425
item_M79604,0.21201595307929638,0.04236405522996553,3,"catboost, xgboost, xgboost_rf",0.1193324103984002,0.07904044205841425
item_K5904,0.21201595307929638,0.04236405522996553,3,"catboost, xgboost, xgboost_rf",0.1193324103984002,0.07904044205841425
item_J8597,0.21201595307929638,0.04236405522996553,3,"catboost, xgboost, xgboost_rf",0.1193324103984002,0.07904044205841425
item_J9601,0.21201595307929638,0.04236405522996553,3,"catboost, xgboost, xgboost_rf",0.1193324103984002,0.07904044205841425
item_J9602,0.21201595307929638,0.04236405522996553,3,"catboost, xgboost, xgboost_rf",0.1193324103984002,0.07904044205841425
item_J9690,0.21201595307929638,0.04236405522996553,3,"catboost, xgboost, xgboost_rf",0.1193324103984002,0.07904044205841425
item_J9801,0.21201595307929638,0.04236405522996553,3,"catboost, xgboost, xgboost_rf",0.1193324103984002,0.07904044205841425
item_J9811,0.21201595307929638,0.04236405522996553,3,"catboost, xgboost, xgboost_rf",0.1193324103984002,0.07904044205841425
item_J988,0.21201595307929638,0.04236405522996553,3,"catboost, xgboost, xgboost_rf",0.1193324103984002,0.07904044205841425
item_Q103,0.21201595307929638,0.04236405522996553,3,"catboost, xgboost, xgboost_rf",0.1193324103984002,0.07904044205841425
item_Q9967,0.21201595307929638,0.04236405522996553,3,"catboost, xgboost, xgboost_rf",0.1193324103984002,0.07904044205841425
item_QVAR,0.21201595307929638,0.04236405522996553,3,"catboost, xgboost, xgboost_rf",0.1193324103984002,0.07904044205841425
item_R000,0.21201595307929638,0.04236405522996553,3,"catboost, xgboost, xgboost_rf",0.1193324103984002,0.07904044205841425
item_41899,0.21201595307929638,0.04236405522996553,3,"catboost, xgboost, xgboost_rf",0.1193324103984002,0.07904044205841425
item_43239,0.21201595307929638,0.04236405522996553,3,"catboost, xgboost, xgboost_rf",0.1193324103984002,0.07904044205841425
item_43247,0.21201595307929638,0.04236405522996553,3,"catboost, xgboost, xgboost_rf",0.1193324103984002,0.07904044205841425
item_45380,0.21201595307929638,0.04236405522996553,3,"catboost, xgboost, xgboost_rf",0.1193324103984002,0.07904044205841425
item_S52364,0.21201595307929638,0.04236405522996553,3,"catboost, xgboost, xgboost_rf",0.1193324103984002,0.07904044205841425
item_S52521,0.21201595307929638,0.04236405522996553,3,"catboost, xgboost, xgboost_rf",0.1193324103984002,0.07904044205841425
item_PREDNISONE,0.21201595307929638,0.04236405522996553,3,"catboost, xgboost, xgboost_rf",0.1193324103984002,0.07904044205841425
item_R0683,0.21201595307929638,0.04236405522996553,3,"catboost, xgboost, xgboost_rf",0.1193324103984002,0.07904044205841425
item_PROMETHAZINE HCL PLAIN,0.21201595307929638,0.04236405522996553,3,"catboost, xgboost, xgboost_rf",0.1193324103984002,0.07904044205841425
item_PROMETHAZINE/DEXTROMETHOR,0.21201595307929638,0.04236405522996553,3,"catboost, xgboost, xgboost_rf",0.1193324103984002,0.07904044205841425
item_PROPRANOLOL HCL,0.21201595307929638,0.04236405522996553,3,"catboost, xgboost, xgboost_rf",0.1193324103984002,0.07904044205841425
item_Q-DRYL,0.21201595307929638,0.04236405522996553,3,"catboost, xgboost, xgboost_rf",0.1193324103984002,0.07904044205841425
item_N3944,0.21201595307929638,0.04236405522996553,3,"catboost, xgboost, xgboost_rf",0.1193324103984002,0.07904044205841425
item_N946,0.21201595307929638,0.04236405522996553,3,"catboost, xgboost, xgboost_rf",0.1193324103984002,0.07904044205841425
item_NASONEX,0.21201595307929638,0.04236405522996553,3,"catboost, xgboost, xgboost_rf",0.1193324103984002,0.07904044205841425
item_NORTRIPTYLINE HYDROCHLORI,0.21201595307929638,0.04236405522996553,3,"catboost, xgboost, xgboost_rf",0.1193324103984002,0.07904044205841425
item_OMEPRAZOLE,0.21201595307929638,0.04236405522996553,3,"catboost, xgboost, xgboost_rf",0.1193324103984002,0.07904044205841425
item_OXCARBAZEPINE,0.21201595307929638,0.04236405522996553,3,"catboost, xgboost, xgboost_rf",0.1193324103984002,0.07904044205841425
item_K029,0.21201595307929638,0.04236405522996553,3,"catboost, xgboost, xgboost_rf",0.1193324103984002,0.07904044205841425
item_PENICILLIN V POTASSIUM,0.21201595307929638,0.04236405522996553,3,"catboost, xgboost, xgboost_rf",0.1193324103984002,0.07904044205841425
item_M79621,0.21201595307929638,0.04236405522996553,3,"catboost, xgboost, xgboost_rf",0.1193324103984002,0.07904044205841425
item_M79644,0.21201595307929638,0.04236405522996553,3,"catboost, xgboost, xgboost_rf",0.1193324103984002,0.07904044205841425
item_MIRALAX,0.21201595307929638,0.04236405522996553,3,"catboost, xgboost, xgboost_rf",0.1193324103984002,0.07904044205841425
item_PAIN RELIEF CHILDRENS,0.21201595307929638,0.04236405522996553,3,"catboost, xgboost, xgboost_rf",0.1193324103984002,0.07904044205841425
item_N10,0.21201595307929638,0.04236405522996553,3,"catboost, xgboost, xgboost_rf",0.1193324103984002,0.07904044205841425
item_N1330,0.21201595307929638,0.04236405522996553,3,"catboost, xgboost, xgboost_rf",0.1193324103984002,0.07904044205841425
item_N200,0.21201595307929638,0.04236405522996553,3,"catboost, xgboost, xgboost_rf",0.1193324103984002,0.07904044205841425
item_N390,0.21201595307929638,0.04236405522996553,3,"catboost, xgboost, xgboost_rf",0.1193324103984002,0.07904044205841425
item_99188,0.21201595307929638,0.04236405522996553,3,"catboost, xgboost, xgboost_rf",0.1193324103984002,0.07904044205841425
item_96360,0.21201595307929638,0.04236405522996553,3,"catboost, xgboost, xgboost_rf",0.1193324103984002,0.07904044205841425
item_90472,0.21201595307929638,0.04236405522996553,3,"catboost, xgboost, xgboost_rf",0.1193324103984002,0.07904044205841425
item_90648,0.21201595307929638,0.04236405522996553,3,"catboost, xgboost, xgboost_rf",0.1193324103984002,0.07904044205841425
item_99050,0.21201595307929638,0.04236405522996553,3,"catboost, xgboost, xgboost_rf",0.1193324103984002,0.07904044205841425
item_99205,0.21201595307929638,0.04236405522996553,3,"catboost, xgboost, xgboost_rf",0.1193324103984002,0.07904044205841425
item_99217,0.21201595307929638,0.04236405522996553,3,"catboost, xgboost, xgboost_rf",0.1193324103984002,0.07904044205841425
item_R6250,0.21201595307929638,0.04236405522996553,3,"catboost, xgboost, xgboost_rf",0.1193324103984002,0.07904044205841425
item_SERTRALINE HCL,0.21201595307929638,0.04236405522996553,3,"catboost, xgboost, xgboost_rf",0.1193324103984002,0.07904044205841425
item_S62366D,0.21201595307929638,0.04236405522996553,3,"catboost, xgboost, xgboost_rf",0.1193324103984002,0.07904044205841425
item_R6259,0.21201595307929638,0.04236405522996553,3,"catboost, xgboost, xgboost_rf",0.1193324103984002,0.07904044205841425
item_T18108A,0.21201595307929638,0.04236405522996553,3,"catboost, xgboost, xgboost_rf",0.1193324103984002,0.07904044205841425
item_T18198A,0.21201595307929638,0.04236405522996553,3,"catboost, xgboost, xgboost_rf",0.1193324103984002,0.07904044205841425
item_T188XXA,0.21201595307929638,0.04236405522996553,3,"catboost, xgboost, xgboost_rf",0.1193324103984002,0.07904044205841425
item_96375,0.21201595307929638,0.04236405522996553,3,"catboost, xgboost, xgboost_rf",0.1193324103984002,0.07904044205841425
item_S62512A,0.21201595307929638,0.04236405522996553,3,"catboost, xgboost, xgboost_rf",0.1193324103984002,0.07904044205841425
item_R300,0.21201595307929638,0.04236405522996553,3,"catboost, xgboost, xgboost_rf",0.1193324103984002,0.07904044205841425
item_R3121,0.21201595307929638,0.04236405522996553,3,"catboost, xgboost, xgboost_rf",0.1193324103984002,0.07904044205841425
item_R4020,0.21201595307929638,0.04236405522996553,3,"catboost, xgboost, xgboost_rf",0.1193324103984002,0.07904044205841425
item_R45851,0.21201595307929638,0.04236405522996553,3,"catboost, xgboost, xgboost_rf",0.1193324103984002,0.07904044205841425
item_R6889,0.21201595307929638,0.04236405522996553,3,"catboost, xgboost, xgboost_rf",0.1193324103984002,0.07904044205841425
item_S8391XA,0.21201595307929638,0.04236405522996553,3,"catboost, xgboost, xgboost_rf",0.1193324103984002,0.07904044205841425
item_S93401,0.21201595307929638,0.04236405522996553,3,"catboost, xgboost, xgboost_rf",0.1193324103984002,0.07904044205841425
item_S93402A,0.21201595307929638,0.04236405522996553,3,"catboost, xgboost, xgboost_rf",0.1193324103984002,0.07904044205841425
item_77072,0.21201595307929638,0.04236405522996553,3,"catboost, xgboost, xgboost_rf",0.1193324103984002,0.07904044205841425
item_78060,0.21201595307929638,0.04236405522996553,3,"catboost, xgboost, xgboost_rf",0.1193324103984002,0.07904044205841425
item_7812,0.21201595307929638,0.04236405522996553,3,"catboost, xgboost, xgboost_rf",0.1193324103984002,0.07904044205841425
item_7862,0.21201595307929638,0.04236405522996553,3,"catboost, xgboost, xgboost_rf",0.1193324103984002,0.07904044205841425
item_80048,0.21201595307929638,0.04236405522996553,3,"catboost, xgboost, xgboost_rf",0.1193324103984002,0.07904044205841425
item_80301,0.21201595307929638,0.04236405522996553,3,"catboost, xgboost, xgboost_rf",0.1193324103984002,0.07904044205841425
item_S63502A,0.21201595307929638,0.04236405522996553,3,"catboost, xgboost, xgboost_rf",0.1193324103984002,0.07904044205841425
item_26725,0.21201595307929638,0.04236405522996553,3,"catboost, xgboost, xgboost_rf",0.1193324103984002,0.07904044205841425
item_S8002X,0.21201595307929638,0.04236405522996553,3,"catboost, xgboost, xgboost_rf",0.1193324103984002,0.07904044205841425
item_R197,0.21201595307929638,0.04236405522996553,3,"catboost, xgboost, xgboost_rf",0.1193324103984002,0.07904044205841425
item_R1010,0.21201595307929638,0.04236405522996553,3,"catboost, xgboost, xgboost_rf",0.1193324103984002,0.07904044205841425
item_R1013,0.21201595307929638,0.04236405522996553,3,"catboost, xgboost, xgboost_rf",0.1193324103984002,0.07904044205841425
item_R1031,0.21201595307929638,0.04236405522996553,3,"catboost, xgboost, xgboost_rf",0.1193324103984002,0.07904044205841425
item_R1032,0.21201595307929638,0.04236405522996553,3,"catboost, xgboost, xgboost_rf",0.1193324103984002,0.07904044205841425
item_R1033,0.21201595307929638,0.04236405522996553,3,"catboost, xgboost, xgboost_rf",0.1193324103984002,0.07904044205841425
item_17110,0.21201595307929638,0.04236405522996553,3,"catboost, xgboost, xgboost_rf",0.1193324103984002,0.07904044205841425
item_82306,0.21201595307929638,0.04236405522996553,3,"catboost, xgboost, xgboost_rf",0.1193324103984002,0.07904044205841425
item_82553,0.21201595307929638,0.04236405522996553,3,"catboost, xgboost, xgboost_rf",0.1193324103984002,0.07904044205841425
item_82570,0.21201595307929638,0.04236405522996553,3,"catboost, xgboost, xgboost_rf",0.1193324103984002,0.07904044205841425
item_84480,0.21201595307929638,0.04236405522996553,3,"catboost, xgboost, xgboost_rf",0.1193324103984002,0.07904044205841425
item_R05,0.21201595307929638,0.04236405522996553,3,"catboost, xgboost, xgboost_rf",0.1193324103984002,0.07904044205841425
item_R0600,0.21201595307929638,0.04236405522996553,3,"catboost, xgboost, xgboost_rf",0.1193324103984002,0.07904044205841425
item_R0602,0.21201595307929638,0.04236405522996553,3,"catboost, xgboost, xgboost_rf",0.1193324103984002,0.07904044205841425
item_R0603,0.21201595307929638,0.04236405522996553,3,"catboost, xgboost, xgboost_rf",0.1193324103984002,0.07904044205841425
item_71020,0.21201595307929638,0.04236405522996553,3,"catboost, xgboost, xgboost_rf",0.1193324103984002,0.07904044205841425
item_71101,0.21201595307929638,0.04236405522996553,3,"catboost, xgboost, xgboost_rf",0.1193324103984002,0.07904044205841425
item_7197,0.21201595307929638,0.04236405522996553,3,"catboost, xgboost, xgboost_rf",0.1193324103984002,0.07904044205841425
item_R6252,0.21201595307929638,0.04236405522996553,3,"catboost, xgboost, xgboost_rf",0.1193324103984002,0.07904044205841425
item_83690,0.21201595307929638,0.04236405522996553,3,"catboost, xgboost, xgboost_rf",0.1193324103984002,0.07904044205841425
item_81025,0.21201595307929638,0.04236405522996553,3,"catboost, xgboost, xgboost_rf",0.1193324103984002,0.07904044205841425
item_81382,0.21201595307929638,0.04236405522996553,3,"catboost, xgboost, xgboost_rf",0.1193324103984002,0.07904044205841425
item_82150,0.21201595307929638,0.04236405522996553,3,"catboost, xgboost, xgboost_rf",0.1193324103984002,0.07904044205841425
item_462,0.21201595307929638,0.04236405522996553,3,"catboost, xgboost, xgboost_rf",0.1193324103984002,0.07904044205841425
item_4659,0.21201595307929638,0.04236405522996553,3,"catboost, xgboost, xgboost_rf",0.1193324103984002,0.07904044205841425
item_46619,0.21201595307929638,0.04236405522996553,3,"catboost, xgboost, xgboost_rf",0.1193324103984002,0.07904044205841425
item_49390,0.21201595307929638,0.04236405522996553,3,"catboost, xgboost, xgboost_rf",0.1193324103984002,0.07904044205841425
item_49392,0.21201595307929638,0.04236405522996553,3,"catboost, xgboost, xgboost_rf",0.1193324103984002,0.07904044205841425
item_5409,0.21201595307929638,0.04236405522996553,3,"catboost, xgboost, xgboost_rf",0.1193324103984002,0.07904044205841425
item_70200,0.21201595307929638,0.04236405522996553,3,"catboost, xgboost, xgboost_rf",0.1193324103984002,0.07904044205841425
item_29075,0.21201595307929638,0.04236405522996553,3,"catboost, xgboost, xgboost_rf",0.1193324103984002,0.07904044205841425
item_85025,0.20741142865132117,0.04144400027965946,3,"catboost, xgboost, xgboost_rf",0.1193324103984002,0.07904044205841425
item_90460,0.2057292110184381,0.04110786726856653,3,"catboost, xgboost, xgboost_rf",0.1193324103984002,0.07904044205841425
item_81003,0.20454506268624031,0.04087125618049932,3,"catboost, xgboost, xgboost_rf",0.1193324103984002,0.07904044205841425
item_99393,0.19471687202790888,0.03890743220493056,3,"catboost, xgboost, xgboost_rf",0.1193324103984002,0.07904044205841425
item_99392,0.1777815637339834,0.03552349658367088,3,"catboost, xgboost, xgboost_rf",0.1193324103984002,0.07904044205841425
item_99283,0.11197625108945586,0.022374580859129842,3,"catboost, xgboost, xgboost_rf",0.1193324103984002,0.07904044205841425
item_Z23,0.10178968851372841,0.020339148650874196,3,"catboost, xgboost, xgboost_rf",0.1193324103984002,0.07904044205841425
item_99212,0.07713952968889218,0.015413666984444071,3,"catboost, xgboost, xgboost_rf",0.1193324103984002,0.07904044205841425
item_99203,0.0,0.0,3,"catboost, xgboost, xgboost_rf",0.1193324103984002,0.07904044205841425
